****************************************************************************
***                           Sentaurus Device                           ***
***                        Version T-2022.03-SP2                         ***
***                      (0.7745337, x86_64, Linux)                      ***
***                                                                      ***
***                       Copyright (C) 1994-2022                        ***
***                            Synopsys, Inc.                            ***
***                                                                      ***
***  This software and the associated documentation are confidential     ***
***  and proprietary to Synopsys, Inc.  Your use or disclosure of this   ***
***  software is subject to the terms and conditions of a written        ***
***  license agreement between you, or your company, and Synopsys, Inc.  ***
****************************************************************************

Compiled Fri Aug  5 13:33:48 PDT 2022 on swe-vm-kcr-tcad01 (x86_64, Linux)

	Running on machine with the following configuration:
	Host Name: login02.iitmandi.ac.in
	Operating System: Linux rel. 3.10.0-1160.71.1.el7.x86_64 ver. #1 SMP Tue Jun 28 15:37:28 UTC 2022
	Machine Type: x86_64
	Process ID: 37437
	Number of processors: 80
	Domain Name: (none)
	Date: Sat Mar 21 09:18:01 2026  (IST)

Parsing "/home/apps/swb/synopsys_tcad/sentaurus/T-2022.03-SP2/bin/../tcad/current/lib/Molefraction.txt"
Sat Mar 21 09:18:03 2026: checked out 1 sdevice license(s)
Parsing circuit file /home/apps/swb/synopsys_tcad/sentaurus/T-2022.03-SP2/bin/../tcad/current/linux64/lib/sdevice/bs_psource.ccf
Parsing circuit file /home/apps/swb/synopsys_tcad/sentaurus/T-2022.03-SP2/bin/../tcad/current/linux64/lib/sdevice/sd_hb_pGC.ccf
Parsing circuit file /home/apps/swb/synopsys_tcad/sentaurus/T-2022.03-SP2/bin/../tcad/current/linux64/lib/sdevice/sd_hb_isource.ccf
Parsing circuit file /home/apps/swb/synopsys_tcad/sentaurus/T-2022.03-SP2/bin/../tcad/current/linux64/lib/sdevice/sd_SRL1.ccf
Parsing circuit file /home/apps/swb/synopsys_tcad/sentaurus/T-2022.03-SP2/bin/../tcad/current/linux64/lib/sdevice/sd_hb_sRL.ccf
Parsing circuit file /home/apps/swb/synopsys_tcad/sentaurus/T-2022.03-SP2/bin/../tcad/current/linux64/lib/sdevice/sd_hb_vsource2.ccf
Parsing circuit file /home/apps/swb/synopsys_tcad/sentaurus/T-2022.03-SP2/bin/../tcad/current/linux64/lib/sdevice/sd_hb_isource2.ccf
Parsing circuit file /home/apps/swb/synopsys_tcad/sentaurus/T-2022.03-SP2/bin/../tcad/current/linux64/lib/sdevice/sd_hb_vsource.ccf
Parsing circuit file /home/apps/swb/synopsys_tcad/sentaurus/T-2022.03-SP2/bin/../tcad/current/linux64/lib/scm/ferroelectric.ccf
Parsing circuit file /home/apps/swb/synopsys_tcad/sentaurus/T-2022.03-SP2/bin/../tcad/current/linux64/lib/scm/satinductor.ccf
Parsing circuit file /home/apps/swb/synopsys_tcad/sentaurus/T-2022.03-SP2/bin/../tcad/current/linux64/lib/scm/MOS_harness.ccf
Loading shared object file /home/apps/swb/synopsys_tcad/sentaurus/T-2022.03-SP2/bin/../tcad/current/linux64/lib/scm/MOS_harness.so.linux64
Loading shared object file /home/apps/swb/synopsys_tcad/sentaurus/T-2022.03-SP2/bin/../tcad/current/linux64/lib/scm/satinductor.so.linux64
Loading shared object file /home/apps/swb/synopsys_tcad/sentaurus/T-2022.03-SP2/bin/../tcad/current/linux64/lib/scm/ferroelectric.so.linux64
Loading shared object file /home/apps/swb/synopsys_tcad/sentaurus/T-2022.03-SP2/bin/../tcad/current/linux64/lib/sdevice/sd_hb_vsource.so.linux64
Loading shared object file /home/apps/swb/synopsys_tcad/sentaurus/T-2022.03-SP2/bin/../tcad/current/linux64/lib/sdevice/sd_hb_isource2.so.linux64
Loading shared object file /home/apps/swb/synopsys_tcad/sentaurus/T-2022.03-SP2/bin/../tcad/current/linux64/lib/sdevice/sd_hb_vsource2.so.linux64
Loading shared object file /home/apps/swb/synopsys_tcad/sentaurus/T-2022.03-SP2/bin/../tcad/current/linux64/lib/sdevice/sd_hb_sRL.so.linux64
Loading shared object file /home/apps/swb/synopsys_tcad/sentaurus/T-2022.03-SP2/bin/../tcad/current/linux64/lib/sdevice/sd_SRL1.so.linux64
Loading shared object file /home/apps/swb/synopsys_tcad/sentaurus/T-2022.03-SP2/bin/../tcad/current/linux64/lib/sdevice/sd_hb_isource.so.linux64
Loading shared object file /home/apps/swb/synopsys_tcad/sentaurus/T-2022.03-SP2/bin/../tcad/current/linux64/lib/sdevice/sd_hb_pGC.so.linux64
Loading shared object file /home/apps/swb/synopsys_tcad/sentaurus/T-2022.03-SP2/bin/../tcad/current/linux64/lib/sdevice/bs_psource.so.linux64

Input source: pp2_des.cmd

===============================

Output file: CFET_nFET_idvg.log_des.log


GlobalParameter {
}
no ACExtract file

PMIPath file: /home/apps/swb/synopsys_tcad/sentaurus/T-2022.03-SP2/bin/../tcad/current/linux64/lib/sdevice-33.0.7745337 /home/apps/swb/synopsys_tcad/sentaurus/T-2022.03-SP2/bin/../tcad/current/linux64/lib/sdevice

CMIPath file: /home/apps/swb/synopsys_tcad/sentaurus/T-2022.03-SP2/bin/../tcad/current/linux64/lib/sdevice /home/apps/swb/synopsys_tcad/sentaurus/T-2022.03-SP2/bin/../tcad/current/linux64/lib/scm

SPICEPath file: /home/apps/swb/synopsys_tcad/sentaurus/T-2022.03-SP2/bin/../tcad/current/lib/sdevice-33.0.7745337/spice

no DevicePath file

no CIRCUITSAVENAME file

no CIRCUITLOADNAME file

Numerical parameters:
  Absolute error : 
    Poisson : 1.0000e-03
    eqPoisson : 1.0000e-03
    Electron : 1.0000e-05
    Hole : 1.0000e-05
    Photon-Rate-Equation : 1.0000e-07
    Photon-Phase-Equation : 1.0000e-05
    Rate-Stabilize-Equation : 1.0000e-07
    QW-Scattering-Equations : 1.0000e-05
    QW-eScattering-Equation : 1.0000e-05
    QW-hScattering-Equation : 1.0000e-05
    Optical Problem : 1.0000e-03
    Wavelength : 1.0000e-03
    Bandstructure : 1.0000e-03
    EmissionTable : 1.0000e-03
    DephasingRates : 1.0000e-03
    Photon Recycling : 1.0000e-03
    Electron-Temperature : 1.0000e-04
    Hole-Temperature : 1.0000e-04
    Lattice-Hole-Electron-Temperature : 1.0000e-03
    Circuit : 1.0000e-03
    TCircuit : 1.0000e-03
    Contact : 1.0000e-03
    TContact : 1.0000e-03
    Continuation : 1.0000e-03
    eLaplace : 1.0000e-03
    hLaplace : 1.0000e-03
    tLaplace : 1.0000e-03
    electron quasi-fermi-potential : 1.0000e-03
    hole quasi-fermi-potential : 1.0000e-03
    MonteCarlo : 1.0000e-03
    MCPoissonPDE : 1.0000e-03
    eQuantumPotential : 1.0000e-03
    hQuantumPotential : 1.0000e-03
    quasi-fermi-potential : 1.0000e-03
    ConductiveInsulator : 1.0000e-03
    ContactAndConductiveInsulator : 1.0000e-03
    SingletExciton : 1.0000e-05
    FEPolarization : 1.0000e-05
    FEPolarizationX : 1.0000e-05
    FEPolarizationY : 1.0000e-05
    FEPolarizationZ : 1.0000e-05
    FEPolDivFree : 1.0000e-03
    eHopping : 1.0000e-03
    hHopping : 1.0000e-03
    HydrogenAtom : 1.0000e-03
    HydrogenMolecule : 1.0000e-03
    HydrogenIon : 1.0000e-03
    HydrogenSpeciesA : 1.0000e-03
    HydrogenSpeciesB : 1.0000e-03
    HydrogenSpeciesC : 1.0000e-03
    HydrogenSiliconBondOccupation : 1.0000e-03
    TrapPDE : 1.0000e-03
    eSHEDistribution : 1.0000e-03
    hSHEDistribution : 1.0000e-03
    Landau-Lifshitz-Gilbert[theta] : 1.0000e-03
    Landau-Lifshitz-Gilbert[phi] : 1.0000e-03
    Landau-Lifshitz-Gilbert[x] : 1.0000e-03
    Landau-Lifshitz-Gilbert[y] : 1.0000e-03
    Landau-Lifshitz-Gilbert[z] : 1.0000e-03
    Mechanics : 1.0000e-03
    ExternalTransportSolver : 1.0000e-03
    ReactionDiffusionPDE : 1.0000e-03
  RelErrControl (Reference error): 
    Poisson : 0.025852
    eqPoisson : 1
    Electron : 1.0000e+10
    Hole : 1.0000e+10
    Photon-Rate-Equation : 1.0000e-07
    Photon-Phase-Equation : 1
    Rate-Stabilize-Equation : 1.0000e-07
    QW-Scattering-Equations : 1.0000e+10
    QW-eScattering-Equation : 1.0000e+10
    QW-hScattering-Equation : 1.0000e+10
    Optical Problem : 1
    Wavelength : 1
    Bandstructure : 1
    EmissionTable : 1
    DephasingRates : 1
    Photon Recycling : 1
    Electron-Temperature : 3.0000e+02
    Hole-Temperature : 3.0000e+02
    Lattice-Hole-Electron-Temperature : 3.0000e+02
    Circuit : 1
    TCircuit : 1
    Contact : 0.025852
    TContact : 1
    Continuation : 1
    eLaplace : 1
    hLaplace : 1
    tLaplace : 1
    electron quasi-fermi-potential : 0.025852
    hole quasi-fermi-potential : 0.025852
    MonteCarlo : 1
    MCPoissonPDE : 1
    eQuantumPotential : 0.025852
    hQuantumPotential : 0.025852
    quasi-fermi-potential : 0.025852
    ConductiveInsulator : 1
    ContactAndConductiveInsulator : 1
    SingletExciton : 1.0000e+10
    FEPolarization : 0.025852
    FEPolarizationX : 0.025852
    FEPolarizationY : 0.025852
    FEPolarizationZ : 0.025852
    FEPolDivFree : 1
    eHopping : 0.025852
    hHopping : 0.025852
    HydrogenAtom : 1.0000e+10
    HydrogenMolecule : 1.0000e+10
    HydrogenIon : 1.0000e+10
    HydrogenSpeciesA : 1.0000e+10
    HydrogenSpeciesB : 1.0000e+10
    HydrogenSpeciesC : 1.0000e+10
    HydrogenSiliconBondOccupation : 1
    TrapPDE : 1.0000e-05
    eSHEDistribution : 0.025852
    hSHEDistribution : 0.025852
    Landau-Lifshitz-Gilbert[theta] : 1
    Landau-Lifshitz-Gilbert[phi] : 1
    Landau-Lifshitz-Gilbert[x] : 1
    Landau-Lifshitz-Gilbert[y] : 1
    Landau-Lifshitz-Gilbert[z] : 1
    Mechanics : 1
    ExternalTransportSolver : 1
    ReactionDiffusionPDE : 1
  Relative error : 5 digits
  Without checked transient error
  Max. #iterations : 25
  LineSearchDamping=1
  #undamped iterations : 10
  No incomplete Newton
  transient method : TR-BDF
  Linear solver : Pardiso
  Linear solver for AC analysis : blocked decomposition
  Linear solver for SHEDistribution Model : Super
  use linear extrapolation in transient/quasistationary computations
  use complex supernodal in ac-analysis (if possible)
  do not use smoothed PDE's in transient/quasistationary computations
  use automatic coupling of contact/circuit stuff
  Spice temperature: 3.0015e+02
  Spice nominal temperature of parameter measurements: 3.0015e+02
  Spice minimum conductance gmin: 1.0000e-12
  Use 64 bit (double) normal precision floating point arithmetic.
  Mininum |rhs| : 1.0000e-05
  Maximum |rhs| (transient): 1.0000e+15
  Maximum |rhs| (non-transient): 1.0000e+100
  Maximum |rhs| factor : 1.0000e+10
  Maximum |rhs| factor1 : 1.0000e+10
  Lattice Temperature Range : (50,5.0000e+03)
  Carrier Temperature Range : (10,8.0000e+04)
  Simplified first order SHE of BTE will be solved
  SHERefinementCutoff : 20
  No user dependencies.
  Number of assembly threads: 1 (command line max_threads)
  Number of solver threads: 1 (command line max_threads)
  Thread stacksize: 1000000 bytes (default)
  Go serial if not enough parallel licenses are available.
  Model: Math  Switched on

Default device parameters:
  Electrodes:
    "source_N" : 0.0000e+00 V (Ohmic), area factor : 1
    "drain_N" : 0.0000e+00 V (Ohmic), area factor : 1
    "gate" : 0.0000e+00 V (Ohmic, WorkFunction = 4.55 eV), area factor : 1
    "source_P" : 0.0000e+00 V (Ohmic), area factor : 1
    "drain_P" : 0.0000e+00 V (Ohmic), area factor : 1
  RayTrace Boundaries:
  Files:
    no Boundary file
    Grid file: new_mesh_msh.tdr
    no Doping file
    no MobilityDoping file
    MIMCurrent file: pp2_des_mimcur_des.plt
    no MIMDefects file
    no InitialDefects file
    no CyclicNorm file
    no MIMBand file
    MIMSensitivity file: pp2_des_mimsa_des.tdr
    no Load file
    no Save file
    Plot file: CFET_nFET_idvg.tdr
    no DevFieldsName file
    AutoNewtonPlot file: CFET_nFET_idvg_%ld_des.tdr
    no Path file
    no Lifetime file
    no Temperature file
    Current file: CFET_nFET_idvg.plt
    no PMIUserFields file
    no Extraction file
    no ModelParameters file
    ParameterPath directories: 
    no Piezo file
    no mcDOS file
    no ModeGain file
    no Optical emission table for stimulated emission file
    no Optical emission table for spontaneous emission file
    no Optical emission table for photon phase change coefficient file
    no EmissionTable file
    no DephasingRates file
    no OpticalFarField file
    no OpticalIntensityPattern file
    no SaveOpticalIntensityPattern file
    no IlluminationSpectrum file
    no SpectralPlot file
    no OpticalSolverInput file
    no OpticalGenerationInput file
    no OpticalGenerationOutuput file
    no OptGenTransientScaling file
    no MonteCarloInput file
    no MonteCarloOutput file
    no ACPlot file
-----------------------------------------------
  Numerical parameters:
    With avalanche derivatives
    Using New Plot Names
    Using old wavelength search algorithm
    Do not reinitialize quasi Fermi potentials in quasi-stationary simulations
    Ignore ionization integral constraints
    Use contact values for terminal current computation.
    Without diagonal preconditioning
    With Scharfetter-Gummel Discretization
    Relative error : 5 digits
    Delta for numerical tunnelling derivatives : 1.0000e-03
    Not Average Box Method
    Natural Box Method
    Not Accurate Box Method
    Do not compute breakdown paths and ionization integrals
    QuasiFermiPotential is used for Contact Equation
    With usage of best vertex in element (maximum element-vertex volume angle) for impact ionization models
-----------------------------------------------
-----------------------------------------------
  Physical models:
    Without incomplete ionization
    Use Si parameters
    TATNonlocalPathNC = 0.0000e+00
    With SRH-Recombination
      With Hurkx field dependent lifetimes (trap assisted tunneling model)
      With doping dependent lifetimes
      Without temperature dependent lifetimes
    Without CDL-Recombination
    With optical generation computation 
    Without Band-to-Band-Tunneling
    With Auger-Recombination (without Generation)
    Without Radiative Recombination
    Without Surface-Recombination
    Without Trap-Assisted-Auger-Recombination
    PMI recombination models: none
    Without thermal resistance interfaces
    Without distributed resistance interfaces for electrons
    Without distributed resistance interfaces for holes
    Without Piezo
    Without Anisotropic Material Properties
    Without Avalanche-Generation 
    Without Alpha Particle
    Without Heavy Ion
    Without polarization
    Volume charge density: 0.0000e+00 cm^-3
    Device Temperature = 3.0000e+02 K
    Electron Quasi Fermi Potential: 0.0000e+00 V
    Hole Quasi Fermi Potential: 0.0000e+00 V
    Without MagneticField
    With SingletExciton Barrier Type
    Fermi Statistic 
    Intrinsic density models:
      default bandgap model
      Bandgap narrowing model: OldSlotboom with bandgap narrowing (Fermi)
    default affinity model
    default effective mass model
    Electron mobility:
      Philips unified mobility
      no Carrier-Carrier scattering
      no bulk trap Coulomb scattering 
      E_normal dependence:
        Lombardi
      Without ThinLayer mobility model
      High-field mobility: Caughey-Thomas saturation model, using gradient quasi-Fermi potential
      Einstein relation for diffusivity-mobility ratio
      no band tail high-field mobility
    Hole mobility:
      Philips unified mobility
      no Carrier-Carrier scattering
      no bulk trap Coulomb scattering 
      E_normal dependence:
        Lombardi
      Without ThinLayer mobility model
      High-field mobility: Caughey-Thomas saturation model, using gradient quasi-Fermi potential
      Einstein relation for diffusivity-mobility ratio
      no band tail high-field mobility
    With quantum potential for electrons
      Use Synopsys' potential-based formula
      Do not resolve abrupt jumps in band edge
    DefaultBC BoundaryCondition
    With quantum potential for holes
      Use Synopsys' potential-based formula
      Do not resolve abrupt jumps in band edge
    DefaultBC BoundaryCondition
    Energy relaxation time model: according to formula in parameter file
    Schottky resistance model: default bult-in model
    Lattice thermal conductivity model: according to formula in parameter file
    Metal Resistivity model: according to formula in parameter file
    Thermo Electric Power model: extraploted Si data
    Metal Thermo Electric Power model: MetalThermoElectricPower model not defined
    Lattice heat capacity model: temperature dependent
    no piezoelectric polarization model
    Without default parameters from file (use built-in default parameters)
-----------------------------------------------
  Process information for extraction purposes:
    none
  Plot variables:
    eDensity
    hDensity
    eCurrentDensity
    hCurrentDensity
    TotalCurrentDensity/Vector
    eCurrentDensity/Vector
    hCurrentDensity/Vector
    eMobility
    hMobility
    eVelocity
    hVelocity
    eEnormal
    hEnormal
    ElectricField/Vector
    ElectrostaticPotential
    SpaceCharge
    eQuasiFermiPotential
    hQuasiFermiPotential
    DopingConcentration
    SRHRecombination
    ! WARNING SRHRecombination is an alias for srhRecombination and will not be supported in Plot section in future releases
    AugerRecombination
    AvalancheGeneration
    ! WARNING AvalancheGeneration is an alias for ImpactIonization and will not be supported in Plot section in future releases
    DonorConcentration
    AcceptorConcentration
    eGradQuasiFermi/Vector
    hGradQuasiFermi/Vector
    eEparallel
    hEparallel
    BandGap
    ElectronAffinity
    ConductionBandEnergy
    ValenceBandEnergy
    eQuantumPotential
    hQuantumPotential

------------------------------------------------
  NoisePlot variables:
    none
  Plot groups:
    none

------------------------------------------------
  CurrentPlot variables:
    none
Devices:
Systems:
Solve :
 Poisson
Coupled ( Digits : 5, Max. #iterations : 100, 
    Solver : Pardiso,
    #undamped iterations : 10 
    )
    { Poisson Electron Hole } 
Coupled ( Digits : 5, Max. #iterations : 25, 
    Solver : Pardiso,
    #undamped iterations : 10 
    )
    { Poisson Electron Hole } 
Quasistationary ( Digits : 5, Max. #iterations : 25, 
      Initial step in t : 1.0000e-03, 
      Minimum step in t : 1.0000e-05, Maximum step in t : 0.05, 
      Increment : 1.35, Decrement : 3, 
      Goal values :
        Contact drain_N : 0.1V
    )
  {
    Coupled ( Digits : 5, Max. #iterations : 25, 
        Solver : Pardiso,
        #undamped iterations : 10 
        )
        { Poisson Electron Hole } 
  }
Quasistationary ( Digits : 5, Max. #iterations : 25, 
      Initial step in t : 1.0000e-03, 
      Minimum step in t : 1.0000e-05, Maximum step in t : 0.05, 
      Increment : 1.35, Decrement : 3, 
      Goal values :
        Contact drain_N : 0.4V
    )
  {
    Coupled ( Digits : 5, Max. #iterations : 25, 
        Solver : Pardiso,
        #undamped iterations : 10 
        )
        { Poisson Electron Hole } 
  }
Quasistationary ( Digits : 5, Max. #iterations : 25, 
      Initial step in t : 1.0000e-03, 
      Minimum step in t : 1.0000e-05, Maximum step in t : 0.05, 
      Increment : 1.35, Decrement : 3, 
      Goal values :
        Contact drain_N : 0.7V
    )
  {
    Coupled ( Digits : 5, Max. #iterations : 25, 
        Solver : Pardiso,
        #undamped iterations : 10 
        )
        { Poisson Electron Hole } 
  }
Quasistationary ( Digits : 5, Max. #iterations : 25, 
      Initial step in t : 5.0000e-04, 
      Minimum step in t : 1.0000e-05, Maximum step in t : 0.03, 
      Increment : 1.35, Decrement : 3, 
      Goal values :
        Contact gate : 1V
    )
  {
    Coupled ( Digits : 5, Max. #iterations : 25, 
        Solver : Pardiso,
        #undamped iterations : 10 
        )
        { Poisson Electron Hole } 
    CurrentPlot (
         Time (fixed times:
             0.0000e+00 5.0000e-03 0.01 0.015 0.02
             0.025 0.03 0.035 0.04 0.045
             0.05 0.055 0.06 0.065 0.07
             0.075 0.08 0.085 0.09 0.095
             0.1 0.105 0.11 0.115 0.12
             0.125 0.13 0.135 0.14 0.145
             0.15 0.155 0.16 0.165 0.17
             0.175 0.18 0.185 0.19 0.195
             0.2 0.205 0.21 0.215 0.22
             0.225 0.23 0.235 0.24 0.245
             0.25 0.255 0.26 0.265 0.27
             0.275 0.28 0.285 0.29 0.295
             0.3 0.305 0.31 0.315 0.32
             0.325 0.33 0.335 0.34 0.345
             0.35 0.355 0.36 0.365 0.37
             0.375 0.38 0.385 0.39 0.395
             0.4 0.405 0.41 0.415 0.42
             0.425 0.43 0.435 0.44 0.445
             0.45 0.455 0.46 0.465 0.47
             0.475 0.48 0.485 0.49 0.495
             0.5 0.505 0.51 0.515 0.52
             0.525 0.53 0.535 0.54 0.545
             0.55 0.555 0.56 0.565 0.57
             0.575 0.58 0.585 0.59 0.595
             0.6 0.605 0.61 0.615 0.62
             0.625 0.63 0.635 0.64 0.645
             0.65 0.655 0.66 0.665 0.67
             0.675 0.68 0.685 0.69 0.695
             0.7 0.705 0.71 0.715 0.72
             0.725 0.73 0.735 0.74 0.745
             0.75 0.755 0.76 0.765 0.77
             0.775 0.78 0.785 0.79 0.795
             0.8 0.805 0.81 0.815 0.82
             0.825 0.83 0.835 0.84 0.845
             0.85 0.855 0.86 0.865 0.87
             0.875 0.88 0.885 0.89 0.895
             0.9 0.905 0.91 0.915 0.92
             0.925 0.93 0.935 0.94 0.945
             0.95 0.955 0.96 0.965 0.97
             0.975 0.98 0.985 0.99 0.995
             1) )
      { }
  }
Quasistationary ( Digits : 5, Max. #iterations : 25, 
      Initial step in t : 1.0000e-03, 
      Minimum step in t : 1.0000e-05, Maximum step in t : 0.05, 
      Increment : 1.35, Decrement : 3, 
      Goal values :
        Contact gate : 0.0000e+00V
    )
  {
    Coupled ( Digits : 5, Max. #iterations : 25, 
        Solver : Pardiso,
        #undamped iterations : 10 
        )
        { Poisson Electron Hole } 
  }
Quasistationary ( Digits : 5, Max. #iterations : 25, 
      Initial step in t : 1.0000e-03, 
      Minimum step in t : 1.0000e-05, Maximum step in t : 0.05, 
      Increment : 1.35, Decrement : 3, 
      Goal values :
        Contact drain_N : 0.05V
    )
  {
    Coupled ( Digits : 5, Max. #iterations : 25, 
        Solver : Pardiso,
        #undamped iterations : 10 
        )
        { Poisson Electron Hole } 
  }
Quasistationary ( Digits : 5, Max. #iterations : 25, 
      Initial step in t : 5.0000e-04, 
      Minimum step in t : 1.0000e-05, Maximum step in t : 0.03, 
      Increment : 1.35, Decrement : 3, 
      Goal values :
        Contact gate : 1V
    )
  {
    Coupled ( Digits : 5, Max. #iterations : 25, 
        Solver : Pardiso,
        #undamped iterations : 10 
        )
        { Poisson Electron Hole } 
    CurrentPlot (
         Time (fixed times:
             0.0000e+00 5.0000e-03 0.01 0.015 0.02
             0.025 0.03 0.035 0.04 0.045
             0.05 0.055 0.06 0.065 0.07
             0.075 0.08 0.085 0.09 0.095
             0.1 0.105 0.11 0.115 0.12
             0.125 0.13 0.135 0.14 0.145
             0.15 0.155 0.16 0.165 0.17
             0.175 0.18 0.185 0.19 0.195
             0.2 0.205 0.21 0.215 0.22
             0.225 0.23 0.235 0.24 0.245
             0.25 0.255 0.26 0.265 0.27
             0.275 0.28 0.285 0.29 0.295
             0.3 0.305 0.31 0.315 0.32
             0.325 0.33 0.335 0.34 0.345
             0.35 0.355 0.36 0.365 0.37
             0.375 0.38 0.385 0.39 0.395
             0.4 0.405 0.41 0.415 0.42
             0.425 0.43 0.435 0.44 0.445
             0.45 0.455 0.46 0.465 0.47
             0.475 0.48 0.485 0.49 0.495
             0.5 0.505 0.51 0.515 0.52
             0.525 0.53 0.535 0.54 0.545
             0.55 0.555 0.56 0.565 0.57
             0.575 0.58 0.585 0.59 0.595
             0.6 0.605 0.61 0.615 0.62
             0.625 0.63 0.635 0.64 0.645
             0.65 0.655 0.66 0.665 0.67
             0.675 0.68 0.685 0.69 0.695
             0.7 0.705 0.71 0.715 0.72
             0.725 0.73 0.735 0.74 0.745
             0.75 0.755 0.76 0.765 0.77
             0.775 0.78 0.785 0.79 0.795
             0.8 0.805 0.81 0.815 0.82
             0.825 0.83 0.835 0.84 0.845
             0.85 0.855 0.86 0.865 0.87
             0.875 0.88 0.885 0.89 0.895
             0.9 0.905 0.91 0.915 0.92
             0.925 0.93 0.935 0.94 0.945
             0.95 0.955 0.96 0.965 0.97
             0.975 0.98 0.985 0.99 0.995
             1) )
      { }
  }

===============================

Reading grid 'new_mesh_msh.tdr' ... 
  coordinate system: UCS, 3d_sprocess (x is device down direction)
  use coordinate system as is (no transformation)
  TDR format
  Number of grid points is 197013.
done.

Adding interfaces and contacts .... done.

Computing edges ...
  Number of edges: 1339039
done.
Computing boxes ...

  NaturalBoxMethod = TRUE 
   
  Boxmethod Parallel Computing: nbThreads = 1 

  Computing Voronoi surfaces ...  done.
  Voronoi surfaces time:  tcpu = 9.38 s

  Computing coefficients ...   done.
  Coefficients time:  tcpu = 0.02 s

  Computing measures ...   done.
  Measures time:  tcpu = 0.06 s

  (times: wallclock = 10.87 s, tcpu = 10.86 s)
done.
Reading doping 'new_mesh_msh.tdr' (TDR format) ...
done.
done.


=======
Region: "BDI"
  (material is "Oxide")
=======
  Using default lattice crystal coordinate system:
    effective LatticeParameters:
      X = (1, 0.0000e+00, 0.0000e+00)
      Y = (0.0000e+00, 1, 0.0000e+00)
      Z = (0.0000e+00, 0.0000e+00, 1)
  Constants are not modified and equal to default ones

=======
Region: "Drain_N"
  (material is "Silicon")
=======
  Using default lattice crystal coordinate system:
    effective LatticeParameters:
      X = (1, 0.0000e+00, 0.0000e+00)
      Y = (0.0000e+00, 1, 0.0000e+00)
      Z = (0.0000e+00, 0.0000e+00, 1)
  Constants are not modified and equal to default ones

=======
Region: "Drain_P"
  (material is "Silicon")
=======
  Using default lattice crystal coordinate system:
    effective LatticeParameters:
      X = (1, 0.0000e+00, 0.0000e+00)
      Y = (0.0000e+00, 1, 0.0000e+00)
      Z = (0.0000e+00, 0.0000e+00, 1)
  Constants are not modified and equal to default ones

=======
Region: "Gate"
  (material is "TiN")
=======
  Using default lattice crystal coordinate system:
    effective LatticeParameters:
      X = (1, 0.0000e+00, 0.0000e+00)
      Y = (0.0000e+00, 1, 0.0000e+00)
      Z = (0.0000e+00, 0.0000e+00, 1)
  Constants are not modified and equal to default ones

=======
Region: "Separator_L"
  (material is "Oxide")
=======
  Using default lattice crystal coordinate system:
    effective LatticeParameters:
      X = (1, 0.0000e+00, 0.0000e+00)
      Y = (0.0000e+00, 1, 0.0000e+00)
      Z = (0.0000e+00, 0.0000e+00, 1)
  Constants are not modified and equal to default ones

=======
Region: "Separator_R"
  (material is "Oxide")
=======
  Using default lattice crystal coordinate system:
    effective LatticeParameters:
      X = (1, 0.0000e+00, 0.0000e+00)
      Y = (0.0000e+00, 1, 0.0000e+00)
      Z = (0.0000e+00, 0.0000e+00, 1)
  Constants are not modified and equal to default ones

=======
Region: "Source_N"
  (material is "Silicon")
=======
  Using default lattice crystal coordinate system:
    effective LatticeParameters:
      X = (1, 0.0000e+00, 0.0000e+00)
      Y = (0.0000e+00, 1, 0.0000e+00)
      Z = (0.0000e+00, 0.0000e+00, 1)
  Constants are not modified and equal to default ones

=======
Region: "Source_P"
  (material is "Silicon")
=======
  Using default lattice crystal coordinate system:
    effective LatticeParameters:
      X = (1, 0.0000e+00, 0.0000e+00)
      Y = (0.0000e+00, 1, 0.0000e+00)
      Z = (0.0000e+00, 0.0000e+00, 1)
  Constants are not modified and equal to default ones

=======
Region: "Spacer_N_DrainL"
  (material is "Nitride")
=======
  Using default lattice crystal coordinate system:
    effective LatticeParameters:
      X = (1, 0.0000e+00, 0.0000e+00)
      Y = (0.0000e+00, 1, 0.0000e+00)
      Z = (0.0000e+00, 0.0000e+00, 1)
  Constants are not modified and equal to default ones

=======
Region: "Spacer_N_DrainR"
  (material is "Nitride")
=======
  Using default lattice crystal coordinate system:
    effective LatticeParameters:
      X = (1, 0.0000e+00, 0.0000e+00)
      Y = (0.0000e+00, 1, 0.0000e+00)
      Z = (0.0000e+00, 0.0000e+00, 1)
  Constants are not modified and equal to default ones

=======
Region: "Spacer_N_SourceL"
  (material is "Nitride")
=======
  Using default lattice crystal coordinate system:
    effective LatticeParameters:
      X = (1, 0.0000e+00, 0.0000e+00)
      Y = (0.0000e+00, 1, 0.0000e+00)
      Z = (0.0000e+00, 0.0000e+00, 1)
  Constants are not modified and equal to default ones

=======
Region: "Spacer_N_SourceR"
  (material is "Nitride")
=======
  Using default lattice crystal coordinate system:
    effective LatticeParameters:
      X = (1, 0.0000e+00, 0.0000e+00)
      Y = (0.0000e+00, 1, 0.0000e+00)
      Z = (0.0000e+00, 0.0000e+00, 1)
  Constants are not modified and equal to default ones

=======
Region: "Spacer_P_DrainL"
  (material is "Nitride")
=======
  Using default lattice crystal coordinate system:
    effective LatticeParameters:
      X = (1, 0.0000e+00, 0.0000e+00)
      Y = (0.0000e+00, 1, 0.0000e+00)
      Z = (0.0000e+00, 0.0000e+00, 1)
  Constants are not modified and equal to default ones

=======
Region: "Spacer_P_DrainR"
  (material is "Nitride")
=======
  Using default lattice crystal coordinate system:
    effective LatticeParameters:
      X = (1, 0.0000e+00, 0.0000e+00)
      Y = (0.0000e+00, 1, 0.0000e+00)
      Z = (0.0000e+00, 0.0000e+00, 1)
  Constants are not modified and equal to default ones

=======
Region: "Spacer_P_SourceL"
  (material is "Nitride")
=======
  Using default lattice crystal coordinate system:
    effective LatticeParameters:
      X = (1, 0.0000e+00, 0.0000e+00)
      Y = (0.0000e+00, 1, 0.0000e+00)
      Z = (0.0000e+00, 0.0000e+00, 1)
  Constants are not modified and equal to default ones

=======
Region: "Spacer_P_SourceR"
  (material is "Nitride")
=======
  Using default lattice crystal coordinate system:
    effective LatticeParameters:
      X = (1, 0.0000e+00, 0.0000e+00)
      Y = (0.0000e+00, 1, 0.0000e+00)
      Z = (0.0000e+00, 0.0000e+00, 1)
  Constants are not modified and equal to default ones

=======
Region: "ox_N1"
  (material is "HfO2")
=======
  Using default lattice crystal coordinate system:
    effective LatticeParameters:
      X = (1, 0.0000e+00, 0.0000e+00)
      Y = (0.0000e+00, 1, 0.0000e+00)
      Z = (0.0000e+00, 0.0000e+00, 1)
  Constants are not modified and equal to default ones

=======
Region: "ox_N2"
  (material is "HfO2")
=======
  Using default lattice crystal coordinate system:
    effective LatticeParameters:
      X = (1, 0.0000e+00, 0.0000e+00)
      Y = (0.0000e+00, 1, 0.0000e+00)
      Z = (0.0000e+00, 0.0000e+00, 1)
  Constants are not modified and equal to default ones

=======
Region: "ox_P1"
  (material is "HfO2")
=======
  Using default lattice crystal coordinate system:
    effective LatticeParameters:
      X = (1, 0.0000e+00, 0.0000e+00)
      Y = (0.0000e+00, 1, 0.0000e+00)
      Z = (0.0000e+00, 0.0000e+00, 1)
  Constants are not modified and equal to default ones

=======
Region: "ox_P2"
  (material is "HfO2")
=======
  Using default lattice crystal coordinate system:
    effective LatticeParameters:
      X = (1, 0.0000e+00, 0.0000e+00)
      Y = (0.0000e+00, 1, 0.0000e+00)
      Z = (0.0000e+00, 0.0000e+00, 1)
  Constants are not modified and equal to default ones

================
RegionInterface: "Drain_P/BDI"
  (material interface is "Silicon/Oxide")
================
  Constants are not modified and equal to default ones

================
RegionInterface: "Source_P/BDI"
  (material interface is "Silicon/Oxide")
================
  Constants are not modified and equal to default ones

================
RegionInterface: "Spacer_P_SourceL/BDI"
  (material interface is "Nitride/Oxide")
================
  Constants are not modified and equal to default ones

================
RegionInterface: "BDI/Spacer_P_SourceR"
  (material interface is "Oxide/Nitride")
================
  Constants are not modified and equal to default ones

================
RegionInterface: "Drain_N/Separator_L"
  (material interface is "Silicon/Oxide")
================
  Constants are not modified and equal to default ones

================
RegionInterface: "Drain_N/Spacer_N_DrainL"
  (material interface is "Silicon/Nitride")
================
  Constants are not modified and equal to default ones

================
RegionInterface: "Drain_N/Spacer_N_SourceL"
  (material interface is "Silicon/Nitride")
================
  Constants are not modified and equal to default ones

================
RegionInterface: "Drain_N/ox_N1"
  (material interface is "Silicon/HfO2")
================
  Constants are not modified and equal to default ones

================
RegionInterface: "Drain_N/ox_N2"
  (material interface is "Silicon/HfO2")
================
  Constants are not modified and equal to default ones

================
RegionInterface: "Separator_L/Drain_P"
  (material interface is "Oxide/Silicon")
================
  Constants are not modified and equal to default ones

================
RegionInterface: "Drain_P/Spacer_P_DrainL"
  (material interface is "Silicon/Nitride")
================
  Constants are not modified and equal to default ones

================
RegionInterface: "Spacer_P_SourceL/Drain_P"
  (material interface is "Nitride/Silicon")
================
  Constants are not modified and equal to default ones

================
RegionInterface: "Drain_P/ox_P1"
  (material interface is "Silicon/HfO2")
================
  Constants are not modified and equal to default ones

================
RegionInterface: "ox_P2/Drain_P"
  (material interface is "HfO2/Silicon")
================
  Constants are not modified and equal to default ones

================
RegionInterface: "Gate/Separator_L"
  (material interface is "TiN/Oxide")
================
  Constants are not modified and equal to default ones

================
RegionInterface: "Gate/Separator_R"
  (material interface is "TiN/Oxide")
================
  Constants are not modified and equal to default ones

================
RegionInterface: "Gate/Spacer_N_SourceL"
  (material interface is "TiN/Nitride")
================
  Constants are not modified and equal to default ones

================
RegionInterface: "Gate/Spacer_N_SourceR"
  (material interface is "TiN/Nitride")
================
  Constants are not modified and equal to default ones

================
RegionInterface: "Gate/Spacer_P_DrainL"
  (material interface is "TiN/Nitride")
================
  Constants are not modified and equal to default ones

================
RegionInterface: "Gate/Spacer_P_DrainR"
  (material interface is "TiN/Nitride")
================
  Constants are not modified and equal to default ones

================
RegionInterface: "Gate/ox_N1"
  (material interface is "TiN/HfO2")
================
  Constants are not modified and equal to default ones

================
RegionInterface: "ox_P2/Gate"
  (material interface is "HfO2/TiN")
================
  Constants are not modified and equal to default ones

================
RegionInterface: "Separator_L/Spacer_N_SourceL"
  (material interface is "Oxide/Nitride")
================
  Constants are not modified and equal to default ones

================
RegionInterface: "Separator_L/Spacer_P_DrainL"
  (material interface is "Oxide/Nitride")
================
  Constants are not modified and equal to default ones

================
RegionInterface: "Separator_R/Source_N"
  (material interface is "Oxide/Silicon")
================
  Constants are not modified and equal to default ones

================
RegionInterface: "Source_P/Separator_R"
  (material interface is "Silicon/Oxide")
================
  Constants are not modified and equal to default ones

================
RegionInterface: "Separator_R/Spacer_N_SourceR"
  (material interface is "Oxide/Nitride")
================
  Constants are not modified and equal to default ones

================
RegionInterface: "Separator_R/Spacer_P_DrainR"
  (material interface is "Oxide/Nitride")
================
  Constants are not modified and equal to default ones

================
RegionInterface: "Spacer_N_DrainR/Source_N"
  (material interface is "Nitride/Silicon")
================
  Constants are not modified and equal to default ones

================
RegionInterface: "Spacer_N_SourceR/Source_N"
  (material interface is "Nitride/Silicon")
================
  Constants are not modified and equal to default ones

================
RegionInterface: "ox_N1/Source_N"
  (material interface is "HfO2/Silicon")
================
  Constants are not modified and equal to default ones

================
RegionInterface: "Source_N/ox_N2"
  (material interface is "Silicon/HfO2")
================
  Constants are not modified and equal to default ones

================
RegionInterface: "Source_P/Spacer_P_DrainR"
  (material interface is "Silicon/Nitride")
================
  Constants are not modified and equal to default ones

================
RegionInterface: "Source_P/Spacer_P_SourceR"
  (material interface is "Silicon/Nitride")
================
  Constants are not modified and equal to default ones

================
RegionInterface: "Source_P/ox_P1"
  (material interface is "Silicon/HfO2")
================
  Constants are not modified and equal to default ones

================
RegionInterface: "Source_P/ox_P2"
  (material interface is "Silicon/HfO2")
================
  Constants are not modified and equal to default ones

================
RegionInterface: "Spacer_N_DrainL/ox_N2"
  (material interface is "Nitride/HfO2")
================
  Constants are not modified and equal to default ones

================
RegionInterface: "Spacer_N_DrainR/ox_N2"
  (material interface is "Nitride/HfO2")
================
  Constants are not modified and equal to default ones

================
RegionInterface: "ox_N1/Spacer_N_SourceL"
  (material interface is "HfO2/Nitride")
================
  Constants are not modified and equal to default ones

================
RegionInterface: "Spacer_N_SourceR/ox_N1"
  (material interface is "Nitride/HfO2")
================
  Constants are not modified and equal to default ones

================
RegionInterface: "ox_P2/Spacer_P_DrainL"
  (material interface is "HfO2/Nitride")
================
  Constants are not modified and equal to default ones

================
RegionInterface: "ox_P2/Spacer_P_DrainR"
  (material interface is "HfO2/Nitride")
================
  Constants are not modified and equal to default ones

================
RegionInterface: "Spacer_P_SourceL/ox_P1"
  (material interface is "Nitride/HfO2")
================
  Constants are not modified and equal to default ones

================
RegionInterface: "Spacer_P_SourceR/ox_P1"
  (material interface is "Nitride/HfO2")
================
  Constants are not modified and equal to default ones

================
RegionInterface: "ox_N1/ox_N2"
  (material interface is "HfO2/HfO2")
================
  Constants are not modified and equal to default ones

================
RegionInterface: "ox_P2/ox_P1"
  (material interface is "HfO2/HfO2")
================
  Constants are not modified and equal to default ones

==========
Electrode: "drain_N"
==========
  Constants are not modified and equal to default ones

==========
Electrode: "drain_P"
==========
  Constants are not modified and equal to default ones

==========
Electrode: "gate"
==========
  Constants are not modified and equal to default ones

==========
Electrode: "source_N"
==========
  Constants are not modified and equal to default ones

==========
Electrode: "source_P"
==========
  Constants are not modified and equal to default ones


Acceptor and donor concentrations (AcceptorConcentration, DonorConcentration):
    computed based on the following species from the doping file:
        PhosphorusActiveConcentration (donor)
        BoronActiveConcentration (acceptor)
Net doping concentration (DopingConcentration):
    obtained from doping file
Total doping concentration (TotalConcentration):
    recomputed from acceptor and donor concentrations


Sat Mar 21 09:19:14 2026: checked out 1 sdevice-3d license(s)

With Constant Reference Potential:
  Parameters of Reference Semiconductor:
    The Electron Affinity: 4.07274
    The Band Gap: 1.10821
    The Electron DOS: 2.8583e+19
    The Hole DOS: 3.1046e+19
  The Constant Reference Potential: 4.62578

===============================
Starting solve of next problem:
 Poisson
===============================

Computing poisson-equation 
using Bank/Rose nonlinear solver.

Iteration   |Rhs|      factor     |step|     error   #inner  #iterative  time
------------------------------------------------------------------------------
    0      7.94e-03                                                      0.21
    1      3.14e-05   1.00e+00   1.34e+01   7.81e+04    0         1      6.42
    2      3.62e-07   1.00e+00   3.40e-02   1.98e+02    0         1     10.78
Finished, because...
|RHS| less than 1.0000E-05.

Accumulated times:
Assembly time:        1.82 s
Solve time:      8.95 s
Total time:     10.78 s

contact        voltage     electron current    hole current  conduction current
 drain_N      0.000E+00       1.351E-20         1.298E-35        1.351E-20
 drain_P      0.000E+00       1.088E-37        -5.975E-20       -5.975E-20
 gate         0.000E+00       0.000E+00         0.000E+00        0.000E+00
 source_N     0.000E+00      -1.021E-20         1.925E-35       -1.021E-20
 source_P     0.000E+00       1.283E-37        -7.734E-20       -7.734E-20


===============================
Starting solve of next problem:
Coupled ( Digits : 5, Max. #iterations : 100, 
    Solver : Pardiso,
    #undamped iterations : 10 
    )
    { Poisson Electron Hole } 
===============================

Computing Coupled( 1 poisson-equation(s) , 1 current-contact-equation(s) , 
                   1 electron-equation(s) , 1 hole-equation(s) ) 
using Bank/Rose nonlinear solver.

Iteration   |Rhs|      factor     |step|     error   #inner  #iterative  time
------------------------------------------------------------------------------
    0      3.62e-07                                                      2.47
    1      5.05e-01   1.00e+00   2.79e-04   6.69e+00    0         1     23.48
    2      4.95e-07   1.00e+00   2.92e-07   4.21e-03    0         1     40.51
Finished, because...
Error smaller than 1 ( 4.2143E-03 ).

Accumulated times:
Assembly time:       12.95 s
Solve time:     27.47 s
Total time:     40.51 s

contact        voltage     electron current    hole current  conduction current
 drain_N      0.000E+00       2.151E-19         6.329E-35        2.151E-19
 drain_P      0.000E+00      -2.401E-33        -9.059E-19       -9.059E-19
 gate         0.000E+00       0.000E+00         0.000E+00        0.000E+00
 source_N     0.000E+00       3.084E-19         6.770E-35        3.084E-19
 source_P     0.000E+00      -2.360E-33        -8.897E-19       -8.897E-19


===============================
Starting solve of next problem:
Coupled ( Digits : 5, Max. #iterations : 25, 
    Solver : Pardiso,
    #undamped iterations : 10 
    )
    { Poisson Electron Hole } 
===============================

Computing Coupled( 1 poisson-equation(s) , 1 current-contact-equation(s) , 
                   1 electron-equation(s) , 1 hole-equation(s) ) 
using Bank/Rose nonlinear solver.

Iteration   |Rhs|      factor     |step|     error   #inner  #iterative  time
------------------------------------------------------------------------------
    0      4.95e-07                                                      0.14
    1      4.91e-08   1.00e+00   9.14e-12   2.95e-09    0         1     21.17
Finished, because...
Error smaller than 1 ( 2.9547E-09 ).

Accumulated times:
Assembly time:        5.37 s
Solve time:     15.76 s
Total time:     21.17 s

contact        voltage     electron current    hole current  conduction current
 drain_N      0.000E+00       4.465E-20         1.370E-35        4.465E-20
 drain_P      0.000E+00       9.041E-38        -4.758E-20       -4.758E-20
 gate         0.000E+00       0.000E+00         0.000E+00        0.000E+00
 source_N     0.000E+00      -6.151E-21         1.995E-35       -6.151E-21
 source_P     0.000E+00       1.231E-37        -7.008E-20       -7.008E-20


===============================
Starting solve of next problem:
Quasistationary ( Digits : 5, Max. #iterations : 25, 
      Initial step in t : 1.0000e-03, 
      Minimum step in t : 1.0000e-05, Maximum step in t : 0.05, 
      Increment : 1.35, Decrement : 3, 
      Goal values :
        Contact drain_N : 0.1V
    )
  {
    Coupled ( Digits : 5, Max. #iterations : 25, 
        Solver : Pardiso,
        #undamped iterations : 10 
        )
        { Poisson Electron Hole } 
  }
===============================

Computing step from t=0.0000e+00 to t=1.0000e-03 (Stepsize: 1.0000e-03) :
Computing Coupled( 1 poisson-equation(s) , 1 current-contact-equation(s) , 
                   1 electron-equation(s) , 1 hole-equation(s) ) 
using Bank/Rose nonlinear solver.

Iteration   |Rhs|      factor     |step|     error   #inner  #iterative  time
------------------------------------------------------------------------------
    0      4.74e+03                                                      3.97
    1      2.46e+01   1.00e+00   1.19e-03   9.39e+00    0         1     25.12
    2      6.64e-05   1.00e+00   1.72e-06   1.37e-02    0         1     42.18
Finished, because...
Error smaller than 1 ( 1.3706E-02 ).

Accumulated times:
Assembly time:       14.40 s
Solve time:     27.71 s
Total time:     42.18 s

contact        voltage     electron current    hole current  conduction current
 drain_N      1.000E-04      -2.030E-15        -2.196E-33       -2.030E-15
 drain_P      0.000E+00       1.171E-37        -3.796E-22       -3.796E-22
 gate         0.000E+00       0.000E+00         0.000E+00        0.000E+00
 source_N     0.000E+00      -5.073E-21         1.993E-35       -5.073E-21
 source_P     0.000E+00       1.441E-37         4.037E-21        4.037E-21

Computing step from t=1.0000e-03 to t=2.3313e-03 (Stepsize: 1.3313e-03) :
Extrapolating values for t = 2.3313e-03 ... done.
Computing Coupled( 1 poisson-equation(s) , 1 current-contact-equation(s) , 
                   1 electron-equation(s) , 1 hole-equation(s) ) 
using Bank/Rose nonlinear solver.

Iteration   |Rhs|      factor     |step|     error   #inner  #iterative  time
------------------------------------------------------------------------------
    0      1.82e-02                                                      3.96
    1      7.43e-08   1.00e+00   1.18e-09   2.88e-05    0         1     20.98
Finished, because...
Error smaller than 1 ( 2.8773E-05 ).

Accumulated times:
Assembly time:        9.13 s
Solve time:     11.82 s
Total time:     20.98 s

contact        voltage     electron current    hole current  conduction current
 drain_N      2.331E-04       2.943E-22         1.367E-35        2.943E-22
 drain_P      0.000E+00       1.191E-37         2.526E-20        2.526E-20
 gate         0.000E+00       1.006E-33         0.000E+00        1.006E-33
 source_N     0.000E+00      -2.601E-20         1.991E-35       -2.601E-20
 source_P     0.000E+00       1.402E-37        -2.879E-21       -2.879E-21

Computing step from t=2.3313e-03 to t=4.1286e-03 (Stepsize: 1.7973e-03) :
Extrapolating values for t = 4.1286e-03 ... done.
Computing Coupled( 1 poisson-equation(s) , 1 current-contact-equation(s) , 
                   1 electron-equation(s) , 1 hole-equation(s) ) 
using Bank/Rose nonlinear solver.

Iteration   |Rhs|      factor     |step|     error   #inner  #iterative  time
------------------------------------------------------------------------------
    0      3.29e-02                                                      3.95
    1      6.05e-08   1.00e+00   2.13e-09   5.21e-05    0         1     20.99
Finished, because...
Error smaller than 1 ( 5.2137E-05 ).

Accumulated times:
Assembly time:        9.14 s
Solve time:     11.81 s
Total time:     20.99 s

contact        voltage     electron current    hole current  conduction current
 drain_N      4.129E-04       6.396E-20         1.371E-35        6.396E-20
 drain_P      0.000E+00       1.506E-37        -6.547E-22       -6.547E-22
 gate         0.000E+00       1.328E-33         0.000E+00        1.328E-33
 source_N     0.000E+00       1.388E-20         1.996E-35        1.388E-20
 source_P     0.000E+00       1.305E-37        -2.145E-20       -2.145E-20

Computing step from t=4.1286e-03 to t=6.5550e-03 (Stepsize: 2.4264e-03) :
Extrapolating values for t = 6.5550e-03 ... done.
Computing Coupled( 1 poisson-equation(s) , 1 current-contact-equation(s) , 
                   1 electron-equation(s) , 1 hole-equation(s) ) 
using Bank/Rose nonlinear solver.

Iteration   |Rhs|      factor     |step|     error   #inner  #iterative  time
------------------------------------------------------------------------------
    0      6.00e-02                                                      3.95
    1      7.99e-08   1.00e+00   3.89e-09   9.50e-05    0         1     21.25
Finished, because...
Error smaller than 1 ( 9.5042E-05 ).

Accumulated times:
Assembly time:        9.25 s
Solve time:     11.98 s
Total time:     21.25 s

contact        voltage     electron current    hole current  conduction current
 drain_N      6.555E-04       3.966E-21         1.370E-35        3.966E-21
 drain_P      0.000E+00       1.020E-37         3.622E-20        3.622E-20
 gate         0.000E+00       8.885E-47         0.000E+00        8.885E-47
 source_N     0.000E+00      -1.473E-20         1.994E-35       -1.473E-20
 source_P     0.000E+00       1.500E-37         1.471E-20        1.471E-20

Computing step from t=6.5550e-03 to t=9.8306e-03 (Stepsize: 3.2756e-03) :
Extrapolating values for t = 9.8306e-03 ... done.
Computing Coupled( 1 poisson-equation(s) , 1 current-contact-equation(s) , 
                   1 electron-equation(s) , 1 hole-equation(s) ) 
using Bank/Rose nonlinear solver.

Iteration   |Rhs|      factor     |step|     error   #inner  #iterative  time
------------------------------------------------------------------------------
    0      1.09e-01                                                      3.99
    1      7.94e-08   1.00e+00   7.09e-09   1.73e-04    0         1     21.36
Finished, because...
Error smaller than 1 ( 1.7327E-04 ).

Accumulated times:
Assembly time:        9.28 s
Solve time:     12.04 s
Total time:     21.36 s

contact        voltage     electron current    hole current  conduction current
 drain_N      9.831E-04       5.747E-21         1.371E-35        5.747E-21
 drain_P      0.000E+00       8.713E-38        -5.292E-20       -5.292E-20
 gate         0.000E+00      -1.005E-46         0.000E+00       -1.005E-46
 source_N     0.000E+00       5.322E-21         1.991E-35        5.322E-21
 source_P     0.000E+00       1.442E-37         7.951E-22        7.951E-22

Computing step from t=9.8306e-03 to t=0.0142526 (Stepsize: 4.4220e-03) :
Extrapolating values for t = 0.0142526 ... done.
Computing Coupled( 1 poisson-equation(s) , 1 current-contact-equation(s) , 
                   1 electron-equation(s) , 1 hole-equation(s) ) 
using Bank/Rose nonlinear solver.

Iteration   |Rhs|      factor     |step|     error   #inner  #iterative  time
------------------------------------------------------------------------------
    0      1.99e-01                                                      3.99
    1      7.69e-08   1.00e+00   1.29e-08   3.16e-04    0         1     21.23
Finished, because...
Error smaller than 1 ( 3.1593E-04 ).

Accumulated times:
Assembly time:        9.28 s
Solve time:     11.90 s
Total time:     21.23 s

contact        voltage     electron current    hole current  conduction current
 drain_N      1.425E-03       6.432E-20         1.375E-35        6.432E-20
 drain_P      0.000E+00       1.064E-37        -2.678E-20       -2.678E-20
 gate         0.000E+00      -2.012E-33         0.000E+00       -2.012E-33
 source_N     0.000E+00      -3.163E-20         1.992E-35       -3.163E-20
 source_P     0.000E+00       1.565E-37         2.047E-20        2.047E-20

Computing step from t=0.0142526 to t=0.0202223 (Stepsize: 5.9697e-03) :
Extrapolating values for t = 0.0202223 ... done.
Computing Coupled( 1 poisson-equation(s) , 1 current-contact-equation(s) , 
                   1 electron-equation(s) , 1 hole-equation(s) ) 
using Bank/Rose nonlinear solver.

Iteration   |Rhs|      factor     |step|     error   #inner  #iterative  time
------------------------------------------------------------------------------
    0      3.63e-01                                                      4.02
    1      6.58e-08   1.00e+00   2.36e-08   5.76e-04    0         1     21.37
Finished, because...
Error smaller than 1 ( 5.7612E-04 ).

Accumulated times:
Assembly time:        9.33 s
Solve time:     12.01 s
Total time:     21.37 s

contact        voltage     electron current    hole current  conduction current
 drain_N      2.022E-03      -3.206E-21         1.389E-35       -3.206E-21
 drain_P      0.000E+00       9.220E-38        -7.213E-21       -7.213E-21
 gate         0.000E+00      -3.018E-46         0.000E+00       -3.018E-46
 source_N     0.000E+00      -1.611E-20         1.995E-35       -1.611E-20
 source_P     0.000E+00       1.259E-37        -7.886E-21       -7.886E-21

Computing step from t=0.0202223 to t=0.0282815 (Stepsize: 8.0592e-03) :
Extrapolating values for t = 0.0282815 ... done.
Computing Coupled( 1 poisson-equation(s) , 1 current-contact-equation(s) , 
                   1 electron-equation(s) , 1 hole-equation(s) ) 
using Bank/Rose nonlinear solver.

Iteration   |Rhs|      factor     |step|     error   #inner  #iterative  time
------------------------------------------------------------------------------
    0      6.62e-01                                                      3.99
    1      1.51e-07   1.00e+00   4.30e-08   1.05e-03    0         1     21.10
Finished, because...
Error smaller than 1 ( 1.0508E-03 ).

Accumulated times:
Assembly time:        9.25 s
Solve time:     11.83 s
Total time:     21.10 s

contact        voltage     electron current    hole current  conduction current
 drain_N      2.828E-03       3.666E-20         1.431E-35        3.666E-20
 drain_P      0.000E+00       8.044E-38         1.106E-20        1.106E-20
 gate         0.000E+00       1.720E-46         0.000E+00        1.720E-46
 source_N     0.000E+00      -7.537E-21         1.996E-35       -7.537E-21
 source_P     0.000E+00       1.561E-37        -1.436E-21       -1.436E-21

Computing step from t=0.0282815 to t=0.0391614 (Stepsize: 0.0108799) :
Extrapolating values for t = 0.0391614 ... done.
Computing Coupled( 1 poisson-equation(s) , 1 current-contact-equation(s) , 
                   1 electron-equation(s) , 1 hole-equation(s) ) 
using Bank/Rose nonlinear solver.

Iteration   |Rhs|      factor     |step|     error   #inner  #iterative  time
------------------------------------------------------------------------------
    0      1.21e+00                                                      3.97
    1      1.58e-07   1.00e+00   7.83e-08   1.92e-03    0         1     21.37
Finished, because...
Error smaller than 1 ( 1.9172E-03 ).

Accumulated times:
Assembly time:        9.23 s
Solve time:     12.09 s
Total time:     21.37 s

contact        voltage     electron current    hole current  conduction current
 drain_N      3.916E-03      -2.437E-21         1.561E-35       -2.437E-21
 drain_P      0.000E+00       1.035E-37         6.396E-20        6.396E-20
 gate         0.000E+00      -1.006E-33         0.000E+00       -1.006E-33
 source_N     0.000E+00       7.413E-20         1.996E-35        7.413E-20
 source_P     0.000E+00       9.952E-38         9.480E-20        9.480E-20

Computing step from t=0.0391614 to t=0.0538492 (Stepsize: 0.0146878) :
Extrapolating values for t = 0.0538492 ... done.
Computing Coupled( 1 poisson-equation(s) , 1 current-contact-equation(s) , 
                   1 electron-equation(s) , 1 hole-equation(s) ) 
using Bank/Rose nonlinear solver.

Iteration   |Rhs|      factor     |step|     error   #inner  #iterative  time
------------------------------------------------------------------------------
    0      2.20e+00                                                      3.96
    1      3.76e-07   1.00e+00   1.43e-07   3.50e-03    0         1     21.36
Finished, because...
Error smaller than 1 ( 3.4993E-03 ).

Accumulated times:
Assembly time:        9.33 s
Solve time:     11.99 s
Total time:     21.36 s

contact        voltage     electron current    hole current  conduction current
 drain_N      5.385E-03       8.671E-21         2.012E-35        8.671E-21
 drain_P      0.000E+00       7.937E-38        -4.636E-20       -4.636E-20
 gate         0.000E+00      -1.328E-33         0.000E+00       -1.328E-33
 source_N     0.000E+00      -1.652E-21         1.995E-35       -1.652E-21
 source_P     0.000E+00       1.344E-37         3.770E-20        3.770E-20

Computing step from t=0.0538492 to t=0.0736777 (Stepsize: 0.0198285) :
Extrapolating values for t = 0.0736777 ... done.
Computing Coupled( 1 poisson-equation(s) , 1 current-contact-equation(s) , 
                   1 electron-equation(s) , 1 hole-equation(s) ) 
using Bank/Rose nonlinear solver.

Iteration   |Rhs|      factor     |step|     error   #inner  #iterative  time
------------------------------------------------------------------------------
    0      4.00e+00                                                      3.99
    1      1.40e-06   1.00e+00   2.60e-07   6.39e-03    0         1     21.14
Finished, because...
Error smaller than 1 ( 6.3901E-03 ).

Accumulated times:
Assembly time:        9.21 s
Solve time:     11.90 s
Total time:     21.14 s

contact        voltage     electron current    hole current  conduction current
 drain_N      7.368E-03       3.108E-20         3.529E-35        3.108E-20
 drain_P      0.000E+00       1.062E-37         1.149E-20        1.149E-20
 gate         0.000E+00      -1.991E-33         0.000E+00       -1.991E-33
 source_N     0.000E+00      -8.167E-21         1.995E-35       -8.167E-21
 source_P     0.000E+00       1.382E-37        -1.426E-20       -1.426E-20

Computing step from t=0.0736777 to t=0.100446 (Stepsize: 0.0267685) :
Extrapolating values for t = 0.100446 ... done.
Computing Coupled( 1 poisson-equation(s) , 1 current-contact-equation(s) , 
                   1 electron-equation(s) , 1 hole-equation(s) ) 
using Bank/Rose nonlinear solver.

Iteration   |Rhs|      factor     |step|     error   #inner  #iterative  time
------------------------------------------------------------------------------
    0      7.29e+00                                                      3.96
    1      5.99e-06   1.00e+00   4.75e-07   1.17e-02    0         1     21.24
Finished, because...
Error smaller than 1 ( 1.1677E-02 ).

Accumulated times:
Assembly time:        9.23 s
Solve time:     11.96 s
Total time:     21.24 s

contact        voltage     electron current    hole current  conduction current
 drain_N      1.004E-02      -1.007E-19         8.710E-35       -1.007E-19
 drain_P      0.000E+00       9.317E-38         1.374E-20        1.374E-20
 gate         0.000E+00      -2.344E-33         0.000E+00       -2.344E-33
 source_N     0.000E+00       7.360E-21         2.000E-35        7.360E-21
 source_P     0.000E+00       1.948E-37         5.582E-20        5.582E-20

Computing step from t=0.100446 to t=0.136584 (Stepsize: 0.0361375) :
Extrapolating values for t = 0.136584 ... done.
Computing Coupled( 1 poisson-equation(s) , 1 current-contact-equation(s) , 
                   1 electron-equation(s) , 1 hole-equation(s) ) 
using Bank/Rose nonlinear solver.

Iteration   |Rhs|      factor     |step|     error   #inner  #iterative  time
------------------------------------------------------------------------------
    0      1.33e+01                                                      3.99
    1      2.54e-05   1.00e+00   8.67e-07   2.14e-02    0         1     21.36
Finished, because...
Error smaller than 1 ( 2.1354E-02 ).

Accumulated times:
Assembly time:        9.29 s
Solve time:     12.03 s
Total time:     21.36 s

contact        voltage     electron current    hole current  conduction current
 drain_N      1.366E-02       1.280E-20         2.670E-34        1.280E-20
 drain_P      0.000E+00       6.042E-38        -4.465E-20       -4.465E-20
 gate         0.000E+00      -2.413E-33         0.000E+00       -2.413E-33
 source_N     0.000E+00       5.131E-20         2.009E-35        5.131E-20
 source_P     0.000E+00       1.281E-37         4.353E-22        4.353E-22

Computing step from t=0.136584 to t=0.185369 (Stepsize: 0.0487856) :
Extrapolating values for t = 0.185369 ... done.
Computing Coupled( 1 poisson-equation(s) , 1 current-contact-equation(s) , 
                   1 electron-equation(s) , 1 hole-equation(s) ) 
using Bank/Rose nonlinear solver.

Iteration   |Rhs|      factor     |step|     error   #inner  #iterative  time
------------------------------------------------------------------------------
    0      2.42e+01                                                      3.96
    1      1.05e-04   1.00e+00   1.58e-06   3.91e-02    0         1     21.15
Finished, because...
Error smaller than 1 ( 3.9058E-02 ).

Accumulated times:
Assembly time:        9.22 s
Solve time:     11.89 s
Total time:     21.15 s

contact        voltage     electron current    hole current  conduction current
 drain_N      1.854E-02      -1.106E-19         9.034E-34       -1.106E-19
 drain_P      0.000E+00       9.270E-38        -3.578E-21       -3.578E-21
 gate         0.000E+00      -2.559E-33         0.000E+00       -2.559E-33
 source_N     0.000E+00      -3.362E-20         2.036E-35       -3.362E-20
 source_P     0.000E+00       9.972E-38        -3.377E-20       -3.377E-20

Computing step from t=0.185369 to t=0.235369 (Stepsize: 0.05) :
Extrapolating values for t = 0.235369 ... done.
Computing Coupled( 1 poisson-equation(s) , 1 current-contact-equation(s) , 
                   1 electron-equation(s) , 1 hole-equation(s) ) 
using Bank/Rose nonlinear solver.

Iteration   |Rhs|      factor     |step|     error   #inner  #iterative  time
------------------------------------------------------------------------------
    0      2.88e+01                                                      3.98
    1      1.58e-04   1.00e+00   1.89e-06   4.68e-02    0         1     21.27
Finished, because...
Error smaller than 1 ( 4.6834E-02 ).

Accumulated times:
Assembly time:        9.30 s
Solve time:     11.93 s
Total time:     21.27 s

contact        voltage     electron current    hole current  conduction current
 drain_N      2.354E-02       2.176E-20         1.379E-33        2.176E-20
 drain_P      0.000E+00       7.215E-38        -3.623E-20       -3.623E-20
 gate         0.000E+00      -1.125E-33         0.000E+00       -1.125E-33
 source_N     0.000E+00       3.067E-20         2.054E-35        3.067E-20
 source_P     0.000E+00       1.213E-37        -1.298E-20       -1.298E-20

Computing step from t=0.235369 to t=0.285369 (Stepsize: 0.05) :
Extrapolating values for t = 0.285369 ... done.
Computing Coupled( 1 poisson-equation(s) , 1 current-contact-equation(s) , 
                   1 electron-equation(s) , 1 hole-equation(s) ) 
using Bank/Rose nonlinear solver.

Iteration   |Rhs|      factor     |step|     error   #inner  #iterative  time
------------------------------------------------------------------------------
    0      2.91e+01                                                      4.01
    1      1.61e-04   1.00e+00   1.92e-06   4.77e-02    0         1     21.35
Finished, because...
Error smaller than 1 ( 4.7723E-02 ).

Accumulated times:
Assembly time:        9.29 s
Solve time:     12.02 s
Total time:     21.35 s

contact        voltage     electron current    hole current  conduction current
 drain_N      2.854E-02       3.731E-20         1.531E-33        3.731E-20
 drain_P      0.000E+00       1.070E-37        -1.180E-20       -1.180E-20
 gate         0.000E+00      -1.314E-33         0.000E+00       -1.314E-33
 source_N     0.000E+00      -2.520E-21         2.058E-35       -2.520E-21
 source_P     0.000E+00       1.334E-37         4.715E-21        4.715E-21

Computing step from t=0.285369 to t=0.335369 (Stepsize: 0.05) :
Extrapolating values for t = 0.335369 ... done.
Computing Coupled( 1 poisson-equation(s) , 1 current-contact-equation(s) , 
                   1 electron-equation(s) , 1 hole-equation(s) ) 
using Bank/Rose nonlinear solver.

Iteration   |Rhs|      factor     |step|     error   #inner  #iterative  time
------------------------------------------------------------------------------
    0      2.91e+01                                                      3.98
    1      1.60e-04   1.00e+00   1.93e-06   4.80e-02    0         1     21.15
Finished, because...
Error smaller than 1 ( 4.8041E-02 ).

Accumulated times:
Assembly time:        9.21 s
Solve time:     11.90 s
Total time:     21.15 s

contact        voltage     electron current    hole current  conduction current
 drain_N      3.354E-02      -4.195E-20         1.657E-33       -4.195E-20
 drain_P      0.000E+00       1.453E-37         3.448E-20        3.448E-20
 gate         0.000E+00      -1.231E-46         0.000E+00       -1.231E-46
 source_N     0.000E+00       3.069E-20         2.056E-35        3.069E-20
 source_P     0.000E+00       1.048E-37         2.420E-21        2.420E-21

Computing step from t=0.335369 to t=0.385369 (Stepsize: 0.05) :
Extrapolating values for t = 0.385369 ... done.
Computing Coupled( 1 poisson-equation(s) , 1 current-contact-equation(s) , 
                   1 electron-equation(s) , 1 hole-equation(s) ) 
using Bank/Rose nonlinear solver.

Iteration   |Rhs|      factor     |step|     error   #inner  #iterative  time
------------------------------------------------------------------------------
    0      2.91e+01                                                      3.98
    1      1.58e-04   1.00e+00   1.93e-06   4.83e-02    0         1     21.21
Finished, because...
Error smaller than 1 ( 4.8314E-02 ).

Accumulated times:
Assembly time:        9.23 s
Solve time:     11.93 s
Total time:     21.21 s

contact        voltage     electron current    hole current  conduction current
 drain_N      3.854E-02      -4.046E-20         1.790E-33       -4.046E-20
 drain_P      0.000E+00       1.444E-37         3.731E-20        3.731E-20
 gate         0.000E+00       9.204E-47         0.000E+00        9.204E-47
 source_N     0.000E+00      -4.354E-21         2.054E-35       -4.354E-21
 source_P     0.000E+00       1.219E-37         3.363E-20        3.363E-20

Computing step from t=0.385369 to t=0.435369 (Stepsize: 0.05) :
Extrapolating values for t = 0.435369 ... done.
Computing Coupled( 1 poisson-equation(s) , 1 current-contact-equation(s) , 
                   1 electron-equation(s) , 1 hole-equation(s) ) 
using Bank/Rose nonlinear solver.

Iteration   |Rhs|      factor     |step|     error   #inner  #iterative  time
------------------------------------------------------------------------------
    0      2.91e+01                                                      3.99
    1      1.57e-04   1.00e+00   1.94e-06   4.86e-02    0         1     21.35
Finished, because...
Error smaller than 1 ( 4.8618E-02 ).

Accumulated times:
Assembly time:        9.27 s
Solve time:     12.04 s
Total time:     21.35 s

contact        voltage     electron current    hole current  conduction current
 drain_N      4.354E-02       1.856E-20         1.932E-33        1.856E-20
 drain_P      0.000E+00       7.636E-38        -3.904E-20       -3.904E-20
 gate         0.000E+00       2.806E-59         0.000E+00        2.806E-59
 source_N     0.000E+00      -3.051E-20         2.054E-35       -3.051E-20
 source_P     0.000E+00       1.618E-37         1.759E-20        1.759E-20

Computing step from t=0.435369 to t=0.485369 (Stepsize: 0.05) :
Extrapolating values for t = 0.485369 ... done.
Computing Coupled( 1 poisson-equation(s) , 1 current-contact-equation(s) , 
                   1 electron-equation(s) , 1 hole-equation(s) ) 
using Bank/Rose nonlinear solver.

Iteration   |Rhs|      factor     |step|     error   #inner  #iterative  time
------------------------------------------------------------------------------
    0      2.91e+01                                                      3.99
    1      1.55e-04   1.00e+00   1.94e-06   4.89e-02    0         1     21.21
Finished, because...
Error smaller than 1 ( 4.8946E-02 ).

Accumulated times:
Assembly time:        9.26 s
Solve time:     11.92 s
Total time:     21.21 s

contact        voltage     electron current    hole current  conduction current
 drain_N      4.854E-02      -3.108E-21         2.083E-33       -3.108E-21
 drain_P      0.000E+00       1.119E-37        -1.110E-20       -1.110E-20
 gate         0.000E+00      -8.640E-60         0.000E+00       -8.640E-60
 source_N     0.000E+00      -6.574E-20         2.052E-35       -6.574E-20
 source_P     0.000E+00       8.728E-38         1.151E-20        1.151E-20

Computing step from t=0.485369 to t=0.535369 (Stepsize: 0.05) :
Extrapolating values for t = 0.535369 ... done.
Computing Coupled( 1 poisson-equation(s) , 1 current-contact-equation(s) , 
                   1 electron-equation(s) , 1 hole-equation(s) ) 
using Bank/Rose nonlinear solver.

Iteration   |Rhs|      factor     |step|     error   #inner  #iterative  time
------------------------------------------------------------------------------
    0      2.90e+01                                                      3.98
    1      1.54e-04   1.00e+00   1.95e-06   4.93e-02    0         1     21.19
Finished, because...
Error smaller than 1 ( 4.9277E-02 ).

Accumulated times:
Assembly time:        9.26 s
Solve time:     11.90 s
Total time:     21.19 s

contact        voltage     electron current    hole current  conduction current
 drain_N      5.354E-02      -1.027E-19         2.242E-33       -1.027E-19
 drain_P      0.000E+00       1.454E-37         8.322E-20        8.322E-20
 gate         0.000E+00      -1.006E-33         0.000E+00       -1.006E-33
 source_N     0.000E+00      -1.469E-20         2.051E-35       -1.469E-20
 source_P     0.000E+00       1.169E-37         1.278E-22        1.278E-22

Computing step from t=0.535369 to t=0.585369 (Stepsize: 0.05) :
Extrapolating values for t = 0.585369 ... done.
Computing Coupled( 1 poisson-equation(s) , 1 current-contact-equation(s) , 
                   1 electron-equation(s) , 1 hole-equation(s) ) 
using Bank/Rose nonlinear solver.

Iteration   |Rhs|      factor     |step|     error   #inner  #iterative  time
------------------------------------------------------------------------------
    0      2.90e+01                                                      3.98
    1      1.52e-04   1.00e+00   1.95e-06   4.96e-02    0         1     21.35
Finished, because...
Error smaller than 1 ( 4.9612E-02 ).

Accumulated times:
Assembly time:        9.27 s
Solve time:     12.05 s
Total time:     21.35 s

contact        voltage     electron current    hole current  conduction current
 drain_N      5.854E-02       1.010E-20         2.409E-33        1.010E-20
 drain_P      0.000E+00       8.725E-38         3.682E-20        3.682E-20
 gate         0.000E+00      -1.281E-46         0.000E+00       -1.281E-46
 source_N     0.000E+00       4.121E-21         2.049E-35        4.121E-21
 source_P     0.000E+00       1.412E-37        -2.930E-20       -2.930E-20

Computing step from t=0.585369 to t=0.635369 (Stepsize: 0.05) :
Extrapolating values for t = 0.635369 ... done.
Computing Coupled( 1 poisson-equation(s) , 1 current-contact-equation(s) , 
                   1 electron-equation(s) , 1 hole-equation(s) ) 
using Bank/Rose nonlinear solver.

Iteration   |Rhs|      factor     |step|     error   #inner  #iterative  time
------------------------------------------------------------------------------
    0      2.90e+01                                                      3.95
    1      1.51e-04   1.00e+00   1.96e-06   4.99e-02    0         1     21.43
Finished, because...
Error smaller than 1 ( 4.9942E-02 ).

Accumulated times:
Assembly time:        9.20 s
Solve time:     12.20 s
Total time:     21.43 s

contact        voltage     electron current    hole current  conduction current
 drain_N      6.354E-02      -2.567E-20         2.584E-33       -2.567E-20
 drain_P      0.000E+00       1.216E-37        -6.432E-20       -6.432E-20
 gate         0.000E+00       6.402E-47         0.000E+00        6.402E-47
 source_N     0.000E+00       5.222E-20         2.049E-35        5.222E-20
 source_P     0.000E+00       1.542E-37        -5.444E-22       -5.444E-22

Computing step from t=0.635369 to t=0.685369 (Stepsize: 0.05) :
Extrapolating values for t = 0.685369 ... done.
Computing Coupled( 1 poisson-equation(s) , 1 current-contact-equation(s) , 
                   1 electron-equation(s) , 1 hole-equation(s) ) 
using Bank/Rose nonlinear solver.

Iteration   |Rhs|      factor     |step|     error   #inner  #iterative  time
------------------------------------------------------------------------------
    0      2.90e+01                                                      4.05
    1      1.49e-04   1.00e+00   1.97e-06   5.02e-02    0         1     21.28
Finished, because...
Error smaller than 1 ( 5.0238E-02 ).

Accumulated times:
Assembly time:        9.33 s
Solve time:     11.91 s
Total time:     21.28 s

contact        voltage     electron current    hole current  conduction current
 drain_N      6.854E-02       1.285E-20         2.767E-33        1.285E-20
 drain_P      0.000E+00       1.290E-37        -2.222E-20       -2.222E-20
 gate         0.000E+00       2.524E-59         0.000E+00        2.524E-59
 source_N     0.000E+00      -1.471E-20         2.049E-35       -1.471E-20
 source_P     0.000E+00       1.541E-37         3.161E-20        3.161E-20

Computing step from t=0.685369 to t=0.735369 (Stepsize: 0.05) :
Extrapolating values for t = 0.735369 ... done.
Computing Coupled( 1 poisson-equation(s) , 1 current-contact-equation(s) , 
                   1 electron-equation(s) , 1 hole-equation(s) ) 
using Bank/Rose nonlinear solver.

Iteration   |Rhs|      factor     |step|     error   #inner  #iterative  time
------------------------------------------------------------------------------
    0      2.90e+01                                                      4.04
    1      1.48e-04   1.00e+00   1.97e-06   5.06e-02    0         1     21.26
Finished, because...
Error smaller than 1 ( 5.0575E-02 ).

Accumulated times:
Assembly time:        9.28 s
Solve time:     11.94 s
Total time:     21.26 s

contact        voltage     electron current    hole current  conduction current
 drain_N      7.354E-02       3.045E-20         2.958E-33        3.045E-20
 drain_P      0.000E+00       7.547E-38        -4.594E-20       -4.594E-20
 gate         0.000E+00      -6.313E-60         0.000E+00       -6.313E-60
 source_N     0.000E+00       9.722E-21         2.050E-35        9.722E-21
 source_P     0.000E+00       1.780E-37         6.487E-20        6.487E-20

Computing step from t=0.735369 to t=0.785369 (Stepsize: 0.05) :
Extrapolating values for t = 0.785369 ... done.
Computing Coupled( 1 poisson-equation(s) , 1 current-contact-equation(s) , 
                   1 electron-equation(s) , 1 hole-equation(s) ) 
using Bank/Rose nonlinear solver.

Iteration   |Rhs|      factor     |step|     error   #inner  #iterative  time
------------------------------------------------------------------------------
    0      2.90e+01                                                      4.00
    1      1.46e-04   1.00e+00   1.98e-06   5.09e-02    0         1     21.19
Finished, because...
Error smaller than 1 ( 5.0923E-02 ).

Accumulated times:
Assembly time:        9.25 s
Solve time:     11.90 s
Total time:     21.19 s

contact        voltage     electron current    hole current  conduction current
 drain_N      7.854E-02       2.632E-20         3.158E-33        2.632E-20
 drain_P      0.000E+00       1.372E-37         1.501E-20        1.501E-20
 gate         0.000E+00      -3.103E-72         0.000E+00       -3.103E-72
 source_N     0.000E+00       2.821E-20         2.047E-35        2.821E-20
 source_P     0.000E+00       1.272E-37        -2.395E-20       -2.395E-20

Computing step from t=0.785369 to t=0.835369 (Stepsize: 0.05) :
Extrapolating values for t = 0.835369 ... done.
Computing Coupled( 1 poisson-equation(s) , 1 current-contact-equation(s) , 
                   1 electron-equation(s) , 1 hole-equation(s) ) 
using Bank/Rose nonlinear solver.

Iteration   |Rhs|      factor     |step|     error   #inner  #iterative  time
------------------------------------------------------------------------------
    0      2.90e+01                                                      3.99
    1      1.45e-04   1.00e+00   1.98e-06   5.13e-02    0         1     21.21
Finished, because...
Error smaller than 1 ( 5.1274E-02 ).

Accumulated times:
Assembly time:        9.25 s
Solve time:     11.91 s
Total time:     21.21 s

contact        voltage     electron current    hole current  conduction current
 drain_N      8.354E-02       6.499E-20         3.365E-33        6.499E-20
 drain_P      0.000E+00       9.330E-38        -7.466E-20       -7.466E-20
 gate         0.000E+00       5.174E-73         0.000E+00        5.174E-73
 source_N     0.000E+00       4.398E-20         2.047E-35        4.398E-20
 source_P     0.000E+00       1.200E-37        -1.854E-20       -1.854E-20

Computing step from t=0.835369 to t=0.885369 (Stepsize: 0.05) :
Extrapolating values for t = 0.885369 ... done.
Computing Coupled( 1 poisson-equation(s) , 1 current-contact-equation(s) , 
                   1 electron-equation(s) , 1 hole-equation(s) ) 
using Bank/Rose nonlinear solver.

Iteration   |Rhs|      factor     |step|     error   #inner  #iterative  time
------------------------------------------------------------------------------
    0      2.89e+01                                                      3.98
    1      1.43e-04   1.00e+00   1.99e-06   5.16e-02    0         1     21.19
Finished, because...
Error smaller than 1 ( 5.1628E-02 ).

Accumulated times:
Assembly time:        9.26 s
Solve time:     11.89 s
Total time:     21.19 s

contact        voltage     electron current    hole current  conduction current
 drain_N      8.854E-02       2.301E-20         3.573E-33        2.301E-20
 drain_P      0.000E+00       1.301E-37        -5.575E-20       -5.575E-20
 gate         0.000E+00       3.688E-85         0.000E+00        3.688E-85
 source_N     0.000E+00       3.223E-20         2.045E-35        3.223E-20
 source_P     0.000E+00       9.054E-38        -2.739E-20       -2.739E-20

Computing step from t=0.885369 to t=0.935369 (Stepsize: 0.05) :
Extrapolating values for t = 0.935369 ... done.
Computing Coupled( 1 poisson-equation(s) , 1 current-contact-equation(s) , 
                   1 electron-equation(s) , 1 hole-equation(s) ) 
using Bank/Rose nonlinear solver.

Iteration   |Rhs|      factor     |step|     error   #inner  #iterative  time
------------------------------------------------------------------------------
    0      2.89e+01                                                      3.98
    1      1.42e-04   1.00e+00   2.00e-06   5.20e-02    0         1     21.17
Finished, because...
Error smaller than 1 ( 5.1985E-02 ).

Accumulated times:
Assembly time:        9.21 s
Solve time:     11.93 s
Total time:     21.17 s

contact        voltage     electron current    hole current  conduction current
 drain_N      9.354E-02       2.849E-20         3.789E-33        2.849E-20
 drain_P      0.000E+00       1.100E-37        -2.802E-20       -2.802E-20
 gate         0.000E+00      -4.630E-86         0.000E+00       -4.630E-86
 source_N     0.000E+00      -1.218E-20         2.045E-35       -1.218E-20
 source_P     0.000E+00       1.996E-37         2.462E-20        2.462E-20

Computing step from t=0.935369 to t=0.985369 (Stepsize: 0.05) :
Extrapolating values for t = 0.985369 ... done.
Computing Coupled( 1 poisson-equation(s) , 1 current-contact-equation(s) , 
                   1 electron-equation(s) , 1 hole-equation(s) ) 
using Bank/Rose nonlinear solver.

Iteration   |Rhs|      factor     |step|     error   #inner  #iterative  time
------------------------------------------------------------------------------
    0      2.89e+01                                                      3.97
    1      1.40e-04   1.00e+00   2.00e-06   5.23e-02    0         1     21.20
Finished, because...
Error smaller than 1 ( 5.2271E-02 ).

Accumulated times:
Assembly time:        9.25 s
Solve time:     11.91 s
Total time:     21.20 s

contact        voltage     electron current    hole current  conduction current
 drain_N      9.854E-02      -4.069E-20         3.995E-33       -4.069E-20
 drain_P      0.000E+00       1.690E-37         8.802E-20        8.802E-20
 gate         0.000E+00      -3.941E-98         0.000E+00       -3.941E-98
 source_N     0.000E+00      -7.195E-20         2.040E-35       -7.195E-20
 source_P     0.000E+00       1.580E-37         3.441E-20        3.441E-20

Computing step from t=0.985369 to t=1 (Stepsize: 0.0146306) :
Extrapolating values for t = 1 ... done.
Computing Coupled( 1 poisson-equation(s) , 1 current-contact-equation(s) , 
                   1 electron-equation(s) , 1 hole-equation(s) ) 
using Bank/Rose nonlinear solver.

Iteration   |Rhs|      factor     |step|     error   #inner  #iterative  time
------------------------------------------------------------------------------
    0      5.47e+00                                                      3.96
    1      2.57e-06   1.00e+00   3.80e-07   9.92e-03    0         1     21.13
Finished, because...
Error smaller than 1 ( 9.9160E-03 ).

Accumulated times:
Assembly time:        9.22 s
Solve time:     11.87 s
Total time:     21.13 s

contact        voltage     electron current    hole current  conduction current
 drain_N      1.000E-01      -1.418E-20         1.684E-34       -1.418E-20
 drain_P      0.000E+00       1.282E-37         4.141E-20        4.141E-20
 gate         0.000E+00      -1.006E-33         0.000E+00       -1.006E-33
 source_N     0.000E+00       3.069E-20         1.998E-35        3.069E-20
 source_P     0.000E+00       1.847E-37         2.351E-20        2.351E-20


Finished, because...
Curve trace finished.


===============================
Starting solve of next problem:
Quasistationary ( Digits : 5, Max. #iterations : 25, 
      Initial step in t : 1.0000e-03, 
      Minimum step in t : 1.0000e-05, Maximum step in t : 0.05, 
      Increment : 1.35, Decrement : 3, 
      Goal values :
        Contact drain_N : 0.4V
    )
  {
    Coupled ( Digits : 5, Max. #iterations : 25, 
        Solver : Pardiso,
        #undamped iterations : 10 
        )
        { Poisson Electron Hole } 
  }
===============================

Reusing extrapolation from a previous quasistationary

Computing step from t=0.0000e+00 to t=1.0000e-03 (Stepsize: 1.0000e-03) :
Extrapolating values for t = 1.0000e-03 ... done.
Computing Coupled( 1 poisson-equation(s) , 1 current-contact-equation(s) , 
                   1 electron-equation(s) , 1 hole-equation(s) ) 
using Bank/Rose nonlinear solver.

Iteration   |Rhs|      factor     |step|     error   #inner  #iterative  time
------------------------------------------------------------------------------
    0      3.06e-01                                                      4.04
    1      7.16e-08   1.00e+00   2.13e-08   5.56e-04    0         1     25.15
Finished, because...
Error smaller than 1 ( 5.5595E-04 ).

Accumulated times:
Assembly time:        9.34 s
Solve time:     15.77 s
Total time:     25.15 s

contact        voltage     electron current    hole current  conduction current
 drain_N      1.003E-01      -5.323E-21         1.430E-35       -5.323E-21
 drain_P      0.000E+00       8.588E-38        -1.361E-20       -1.361E-20
 gate         0.000E+00      -7.721E-47         0.000E+00       -7.721E-47
 source_N     0.000E+00      -7.077E-20         1.995E-35       -7.077E-20
 source_P     0.000E+00       1.216E-37        -4.378E-20       -4.378E-20

Computing step from t=1.0000e-03 to t=2.3500e-03 (Stepsize: 1.3500e-03) :
Extrapolating values for t = 2.3500e-03 ... done.
Computing Coupled( 1 poisson-equation(s) , 1 current-contact-equation(s) , 
                   1 electron-equation(s) , 1 hole-equation(s) ) 
using Bank/Rose nonlinear solver.

Iteration   |Rhs|      factor     |step|     error   #inner  #iterative  time
------------------------------------------------------------------------------
    0      1.65e-01                                                      3.98
    1      7.38e-08   1.00e+00   1.15e-08   3.00e-04    0         1     21.23
Finished, because...
Error smaller than 1 ( 3.0026E-04 ).

Accumulated times:
Assembly time:        9.21 s
Solve time:     12.00 s
Total time:     21.23 s

contact        voltage     electron current    hole current  conduction current
 drain_N      1.007E-01      -8.363E-20         1.384E-35       -8.363E-20
 drain_P      0.000E+00       1.196E-37         5.414E-20        5.414E-20
 gate         0.000E+00       8.650E-47         0.000E+00        8.650E-47
 source_N     0.000E+00       2.581E-21         1.994E-35        2.581E-21
 source_P     0.000E+00       1.938E-37         3.231E-20        3.231E-20

Computing step from t=2.3500e-03 to t=4.1725e-03 (Stepsize: 1.8225e-03) :
Extrapolating values for t = 4.1725e-03 ... done.
Computing Coupled( 1 poisson-equation(s) , 1 current-contact-equation(s) , 
                   1 electron-equation(s) , 1 hole-equation(s) ) 
using Bank/Rose nonlinear solver.

Iteration   |Rhs|      factor     |step|     error   #inner  #iterative  time
------------------------------------------------------------------------------
    0      3.01e-01                                                      3.98
    1      5.87e-08   1.00e+00   2.09e-08   5.47e-04    0         1     21.22
Finished, because...
Error smaller than 1 ( 5.4741E-04 ).

Accumulated times:
Assembly time:        9.28 s
Solve time:     11.91 s
Total time:     21.22 s

contact        voltage     electron current    hole current  conduction current
 drain_N      1.013E-01      -6.765E-20         1.429E-35       -6.765E-20
 drain_P      0.000E+00       1.210E-37        -4.066E-20       -4.066E-20
 gate         0.000E+00       3.029E-59         0.000E+00        3.029E-59
 source_N     0.000E+00       4.131E-20         1.994E-35        4.131E-20
 source_P     0.000E+00       1.418E-37        -3.733E-20       -3.733E-20

Computing step from t=4.1725e-03 to t=6.6329e-03 (Stepsize: 2.4604e-03) :
Extrapolating values for t = 6.6329e-03 ... done.
Computing Coupled( 1 poisson-equation(s) , 1 current-contact-equation(s) , 
                   1 electron-equation(s) , 1 hole-equation(s) ) 
using Bank/Rose nonlinear solver.

Iteration   |Rhs|      factor     |step|     error   #inner  #iterative  time
------------------------------------------------------------------------------
    0      5.49e-01                                                      3.97
    1      1.20e-07   1.00e+00   3.82e-08   9.98e-04    0         1     21.11
Finished, because...
Error smaller than 1 ( 9.9826E-04 ).

Accumulated times:
Assembly time:        9.21 s
Solve time:     11.86 s
Total time:     21.11 s

contact        voltage     electron current    hole current  conduction current
 drain_N      1.020E-01       1.543E-20         1.563E-35        1.543E-20
 drain_P      0.000E+00       7.204E-38        -6.897E-20       -6.897E-20
 gate         0.000E+00      -1.148E-59         0.000E+00       -1.148E-59
 source_N     0.000E+00      -5.936E-20         1.994E-35       -5.936E-20
 source_P     0.000E+00       1.748E-37         1.947E-20        1.947E-20

Computing step from t=6.6329e-03 to t=9.9544e-03 (Stepsize: 3.3215e-03) :
Extrapolating values for t = 9.9544e-03 ... done.
Computing Coupled( 1 poisson-equation(s) , 1 current-contact-equation(s) , 
                   1 electron-equation(s) , 1 hole-equation(s) ) 
using Bank/Rose nonlinear solver.

Iteration   |Rhs|      factor     |step|     error   #inner  #iterative  time
------------------------------------------------------------------------------
    0      1.00e+00                                                      3.99
    1      1.65e-07   1.00e+00   6.95e-08   1.82e-03    0         1     21.20
Finished, because...
Error smaller than 1 ( 1.8205E-03 ).

Accumulated times:
Assembly time:        9.24 s
Solve time:     11.92 s
Total time:     21.20 s

contact        voltage     electron current    hole current  conduction current
 drain_N      1.030E-01      -3.248E-20         1.934E-35       -3.248E-20
 drain_P      0.000E+00       1.626E-37         7.043E-20        7.043E-20
 gate         0.000E+00      -2.011E-33         0.000E+00       -2.011E-33
 source_N     0.000E+00       4.775E-20         1.997E-35        4.775E-20
 source_P     0.000E+00       1.422E-37         4.893E-20        4.893E-20

Computing step from t=9.9544e-03 to t=0.0144384 (Stepsize: 4.4840e-03) :
Extrapolating values for t = 0.0144384 ... done.
Computing Coupled( 1 poisson-equation(s) , 1 current-contact-equation(s) , 
                   1 electron-equation(s) , 1 hole-equation(s) ) 
using Bank/Rose nonlinear solver.

Iteration   |Rhs|      factor     |step|     error   #inner  #iterative  time
------------------------------------------------------------------------------
    0      1.82e+00                                                      3.98
    1      2.49e-07   1.00e+00   1.27e-07   3.32e-03    0         1     21.33
Finished, because...
Error smaller than 1 ( 3.3203E-03 ).

Accumulated times:
Assembly time:        9.25 s
Solve time:     12.04 s
Total time:     21.33 s

contact        voltage     electron current    hole current  conduction current
 drain_N      1.043E-01      -2.522E-20         3.221E-35       -2.522E-20
 drain_P      0.000E+00       1.165E-37        -1.208E-20       -1.208E-20
 gate         0.000E+00      -3.016E-46         0.000E+00       -3.016E-46
 source_N     0.000E+00      -9.869E-21         1.995E-35       -9.869E-21
 source_P     0.000E+00       1.193E-37        -3.209E-20       -3.209E-20

Computing step from t=0.0144384 to t=0.0204919 (Stepsize: 6.0534e-03) :
Extrapolating values for t = 0.0204919 ... done.
Computing Coupled( 1 poisson-equation(s) , 1 current-contact-equation(s) , 
                   1 electron-equation(s) , 1 hole-equation(s) ) 
using Bank/Rose nonlinear solver.

Iteration   |Rhs|      factor     |step|     error   #inner  #iterative  time
------------------------------------------------------------------------------
    0      3.32e+00                                                      4.05
    1      6.62e-07   1.00e+00   2.31e-07   6.06e-03    0         1     21.36
Finished, because...
Error smaller than 1 ( 6.0605E-03 ).

Accumulated times:
Assembly time:        9.34 s
Solve time:     11.98 s
Total time:     21.36 s

contact        voltage     electron current    hole current  conduction current
 drain_N      1.061E-01       2.797E-21         7.472E-35        2.797E-21
 drain_P      0.000E+00       8.262E-38        -2.009E-21       -2.009E-21
 gate         0.000E+00      -1.324E-33         0.000E+00       -1.324E-33
 source_N     0.000E+00      -6.990E-20         1.992E-35       -6.990E-20
 source_P     0.000E+00       1.151E-37         1.055E-20        1.055E-20

Computing step from t=0.0204919 to t=0.028664 (Stepsize: 8.1722e-03) :
Extrapolating values for t = 0.028664 ... done.
Computing Coupled( 1 poisson-equation(s) , 1 current-contact-equation(s) , 
                   1 electron-equation(s) , 1 hole-equation(s) ) 
using Bank/Rose nonlinear solver.

Iteration   |Rhs|      factor     |step|     error   #inner  #iterative  time
------------------------------------------------------------------------------
    0      6.05e+00                                                      4.02
    1      3.26e-06   1.00e+00   4.21e-07   1.11e-02    0         1     21.38
Finished, because...
Error smaller than 1 ( 1.1074E-02 ).

Accumulated times:
Assembly time:        9.27 s
Solve time:     12.06 s
Total time:     21.38 s

contact        voltage     electron current    hole current  conduction current
 drain_N      1.086E-01       2.499E-20         2.177E-34        2.499E-20
 drain_P      0.000E+00       1.248E-37        -5.526E-21       -5.526E-21
 gate         0.000E+00      -1.739E-46         0.000E+00       -1.739E-46
 source_N     0.000E+00      -5.400E-20         1.994E-35       -5.400E-20
 source_P     0.000E+00       1.383E-37         3.384E-20        3.384E-20

Computing step from t=0.028664 to t=0.0396964 (Stepsize: 0.0110324) :
Extrapolating values for t = 0.0396964 ... done.
Computing Coupled( 1 poisson-equation(s) , 1 current-contact-equation(s) , 
                   1 electron-equation(s) , 1 hole-equation(s) ) 
using Bank/Rose nonlinear solver.

Iteration   |Rhs|      factor     |step|     error   #inner  #iterative  time
------------------------------------------------------------------------------
    0      1.10e+01                                                      4.05
    1      1.40e-05   1.00e+00   7.69e-07   2.02e-02    0         1     21.59
Finished, because...
Error smaller than 1 ( 2.0236E-02 ).

Accumulated times:
Assembly time:        9.39 s
Solve time:     12.16 s
Total time:     21.59 s

contact        voltage     electron current    hole current  conduction current
 drain_N      1.119E-01      -1.052E-20         6.989E-34       -1.052E-20
 drain_P      0.000E+00       1.196E-37         2.648E-20        2.648E-20
 gate         0.000E+00       1.350E-33         0.000E+00        1.350E-33
 source_N     0.000E+00      -1.150E-20         2.002E-35       -1.150E-20
 source_P     0.000E+00       1.638E-37         3.337E-20        3.337E-20

Computing step from t=0.0396964 to t=0.0545902 (Stepsize: 0.0148937) :
Extrapolating values for t = 0.0545902 ... done.
Computing Coupled( 1 poisson-equation(s) , 1 current-contact-equation(s) , 
                   1 electron-equation(s) , 1 hole-equation(s) ) 
using Bank/Rose nonlinear solver.

Iteration   |Rhs|      factor     |step|     error   #inner  #iterative  time
------------------------------------------------------------------------------
    0      2.01e+01                                                      3.99
    1      5.77e-05   1.00e+00   1.40e-06   3.70e-02    0         1     21.40
Finished, because...
Error smaller than 1 ( 3.7032E-02 ).

Accumulated times:
Assembly time:        9.25 s
Solve time:     12.12 s
Total time:     21.40 s

contact        voltage     electron current    hole current  conduction current
 drain_N      1.164E-01      -9.899E-21         2.337E-33       -9.899E-21
 drain_P      0.000E+00       1.031E-37        -3.374E-20       -3.374E-20
 gate         0.000E+00       2.045E-46         0.000E+00        2.045E-46
 source_N     0.000E+00       4.686E-20         2.018E-35        4.686E-20
 source_P     0.000E+00       1.418E-37        -8.564E-21       -8.564E-21

Computing step from t=0.0545902 to t=0.0746967 (Stepsize: 0.0201066) :
Extrapolating values for t = 0.0746967 ... done.
Computing Coupled( 1 poisson-equation(s) , 1 current-contact-equation(s) , 
                   1 electron-equation(s) , 1 hole-equation(s) ) 
using Bank/Rose nonlinear solver.

Iteration   |Rhs|      factor     |step|     error   #inner  #iterative  time
------------------------------------------------------------------------------
    0      3.65e+01                                                      4.07
    1      2.33e-04   1.00e+00   2.56e-06   6.79e-02    0         1     21.38
Finished, because...
Error smaller than 1 ( 6.7894E-02 ).

Accumulated times:
Assembly time:        9.31 s
Solve time:     12.03 s
Total time:     21.38 s

contact        voltage     electron current    hole current  conduction current
 drain_N      1.224E-01       1.802E-20         7.984E-33        1.802E-20
 drain_P      0.000E+00       1.149E-37        -3.563E-21       -3.563E-21
 gate         0.000E+00      -1.173E-46         0.000E+00       -1.173E-46
 source_N     0.000E+00       4.140E-20         2.068E-35        4.140E-20
 source_P     0.000E+00       1.711E-37         3.430E-20        3.430E-20

Computing step from t=0.0746967 to t=0.101841 (Stepsize: 0.0271439) :
Extrapolating values for t = 0.101841 ... done.
Computing Coupled( 1 poisson-equation(s) , 1 current-contact-equation(s) , 
                   1 electron-equation(s) , 1 hole-equation(s) ) 
using Bank/Rose nonlinear solver.

Iteration   |Rhs|      factor     |step|     error   #inner  #iterative  time
------------------------------------------------------------------------------
    0      6.64e+01                                                      4.05
    1      9.39e-04   1.00e+00   4.68e-06   1.25e-01    0         1     21.62
Finished, because...
Error smaller than 1 ( 1.2470E-01 ).

Accumulated times:
Assembly time:        9.42 s
Solve time:     12.17 s
Total time:     21.62 s

contact        voltage     electron current    hole current  conduction current
 drain_N      1.306E-01       1.329E-20         2.768E-32        1.329E-20
 drain_P      0.000E+00       1.304E-37         2.448E-20        2.448E-20
 gate         0.000E+00       1.006E-33         0.000E+00        1.006E-33
 source_N     0.000E+00       3.378E-20         2.214E-35        3.378E-20
 source_P     0.000E+00       1.399E-37         2.883E-20        2.883E-20

Computing step from t=0.101841 to t=0.138485 (Stepsize: 0.0366442) :
Extrapolating values for t = 0.138485 ... done.
Computing Coupled( 1 poisson-equation(s) , 1 current-contact-equation(s) , 
                   1 electron-equation(s) , 1 hole-equation(s) ) 
using Bank/Rose nonlinear solver.

Iteration   |Rhs|      factor     |step|     error   #inner  #iterative  time
------------------------------------------------------------------------------
    0      1.21e+02                                                      4.03
    1      3.66e-03   1.00e+00   8.55e-06   2.30e-01    0         1     21.42
Finished, because...
Error smaller than 1 ( 2.2979E-01 ).

Accumulated times:
Assembly time:        9.31 s
Solve time:     12.06 s
Total time:     21.42 s

contact        voltage     electron current    hole current  conduction current
 drain_N      1.415E-01       3.797E-20         9.771E-32        3.797E-20
 drain_P      0.000E+00       5.947E-38        -1.738E-20       -1.738E-20
 gate         0.000E+00       2.073E-33         0.000E+00        2.073E-33
 source_N     0.000E+00       6.869E-20         2.688E-35        6.869E-20
 source_P     0.000E+00       1.288E-37         2.122E-20        2.122E-20

Computing step from t=0.138485 to t=0.187954 (Stepsize: 0.0494697) :
Extrapolating values for t = 0.187954 ... done.
Computing Coupled( 1 poisson-equation(s) , 1 current-contact-equation(s) , 
                   1 electron-equation(s) , 1 hole-equation(s) ) 
using Bank/Rose nonlinear solver.

Iteration   |Rhs|      factor     |step|     error   #inner  #iterative  time
------------------------------------------------------------------------------
    0      2.19e+02                                                      4.06
    1      1.39e-02   1.00e+00   1.57e-05   4.25e-01    0         1     21.33
Finished, because...
Error smaller than 1 ( 4.2513E-01 ).

Accumulated times:
Assembly time:        9.32 s
Solve time:     11.96 s
Total time:     21.33 s

contact        voltage     electron current    hole current  conduction current
 drain_N      1.564E-01       3.218E-20         3.504E-31        3.218E-20
 drain_P      0.000E+00       1.204E-37         3.055E-20        3.055E-20
 gate         0.000E+00       2.537E-46         0.000E+00        2.537E-46
 source_N     0.000E+00       4.410E-20         4.142E-35        4.410E-20
 source_P     0.000E+00       1.437E-37         3.102E-20        3.102E-20

Computing step from t=0.187954 to t=0.237954 (Stepsize: 0.05) :
Extrapolating values for t = 0.237954 ... done.
Computing Coupled( 1 poisson-equation(s) , 1 current-contact-equation(s) , 
                   1 electron-equation(s) , 1 hole-equation(s) ) 
using Bank/Rose nonlinear solver.

Iteration   |Rhs|      factor     |step|     error   #inner  #iterative  time
------------------------------------------------------------------------------
    0      2.56e+02                                                      4.04
    1      1.94e-02   1.00e+00   1.84e-05   5.06e-01    0         1     22.00
Finished, because...
Error smaller than 1 ( 5.0558E-01 ).

Accumulated times:
Assembly time:        9.44 s
Solve time:     12.53 s
Total time:     22.00 s

contact        voltage     electron current    hole current  conduction current
 drain_N      1.714E-01      -9.743E-21         5.242E-31       -9.743E-21
 drain_P      0.000E+00       9.369E-38        -3.388E-20       -3.388E-20
 gate         0.000E+00      -1.470E-46         0.000E+00       -1.470E-46
 source_N     0.000E+00       5.951E-21         4.767E-35        5.951E-21
 source_P     0.000E+00       1.409E-37         2.846E-20        2.846E-20

Computing step from t=0.237954 to t=0.287954 (Stepsize: 0.05) :
Extrapolating values for t = 0.287954 ... done.
Computing Coupled( 1 poisson-equation(s) , 1 current-contact-equation(s) , 
                   1 electron-equation(s) , 1 hole-equation(s) ) 
using Bank/Rose nonlinear solver.

Iteration   |Rhs|      factor     |step|     error   #inner  #iterative  time
------------------------------------------------------------------------------
    0      2.57e+02                                                      4.00
    1      1.88e-02   1.00e+00   1.87e-05   5.18e-01    0         1     21.81
Finished, because...
Error smaller than 1 ( 5.1827E-01 ).

Accumulated times:
Assembly time:        9.57 s
Solve time:     12.21 s
Total time:     21.81 s

contact        voltage     electron current    hole current  conduction current
 drain_N      1.864E-01       5.744E-20         5.788E-31        5.744E-20
 drain_P      0.000E+00       6.297E-38         2.905E-20        2.905E-20
 gate         0.000E+00      -5.011E-59         0.000E+00       -5.011E-59
 source_N     0.000E+00      -4.318E-20         4.659E-35       -4.318E-20
 source_P     0.000E+00       1.563E-37         7.512E-22        7.512E-22

Computing step from t=0.287954 to t=0.337954 (Stepsize: 0.05) :
Extrapolating values for t = 0.337954 ... done.
Computing Coupled( 1 poisson-equation(s) , 1 current-contact-equation(s) , 
                   1 electron-equation(s) , 1 hole-equation(s) ) 
using Bank/Rose nonlinear solver.

Iteration   |Rhs|      factor     |step|     error   #inner  #iterative  time
------------------------------------------------------------------------------
    0      2.56e+02                                                      4.01
    1      1.82e-02   1.00e+00   1.88e-05   5.29e-01    0         1     21.31
Finished, because...
Error smaller than 1 ( 5.2880E-01 ).

Accumulated times:
Assembly time:        9.31 s
Solve time:     11.95 s
Total time:     21.31 s

contact        voltage     electron current    hole current  conduction current
 drain_N      2.014E-01       7.877E-20         6.258E-31        7.877E-20
 drain_P      0.000E+00       6.767E-38        -7.711E-20       -7.711E-20
 gate         0.000E+00       1.360E-59         0.000E+00        1.360E-59
 source_N     0.000E+00       6.528E-20         4.530E-35        6.528E-20
 source_P     0.000E+00       1.455E-37        -8.449E-21       -8.449E-21

Computing step from t=0.337954 to t=0.387954 (Stepsize: 0.05) :
Extrapolating values for t = 0.387954 ... done.
Computing Coupled( 1 poisson-equation(s) , 1 current-contact-equation(s) , 
                   1 electron-equation(s) , 1 hole-equation(s) ) 
using Bank/Rose nonlinear solver.

Iteration   |Rhs|      factor     |step|     error   #inner  #iterative  time
------------------------------------------------------------------------------
    0      2.56e+02                                                      4.30
    1      1.78e-02   1.00e+00   1.90e-05   5.40e-01    0         1     22.59
Finished, because...
Error smaller than 1 ( 5.3991E-01 ).

Accumulated times:
Assembly time:        9.62 s
Solve time:     12.93 s
Total time:     22.59 s

contact        voltage     electron current    hole current  conduction current
 drain_N      2.164E-01       1.322E-19         6.708E-31        1.322E-19
 drain_P      0.000E+00       7.193E-38        -8.411E-21       -8.411E-21
 gate         0.000E+00       6.619E-72         0.000E+00        6.619E-72
 source_N     0.000E+00      -4.186E-20         4.413E-35       -4.186E-20
 source_P     0.000E+00       1.122E-37        -1.403E-20       -1.403E-20

Computing step from t=0.387954 to t=0.437954 (Stepsize: 0.05) :
Extrapolating values for t = 0.437954 ... done.
Computing Coupled( 1 poisson-equation(s) , 1 current-contact-equation(s) , 
                   1 electron-equation(s) , 1 hole-equation(s) ) 
using Bank/Rose nonlinear solver.

Iteration   |Rhs|      factor     |step|     error   #inner  #iterative  time
------------------------------------------------------------------------------
    0      2.55e+02                                                      3.99
    1      1.73e-02   1.00e+00   1.92e-05   5.51e-01    0         1     21.62
Finished, because...
Error smaller than 1 ( 5.5144E-01 ).

Accumulated times:
Assembly time:        9.24 s
Solve time:     12.35 s
Total time:     21.62 s

contact        voltage     electron current    hole current  conduction current
 drain_N      2.314E-01      -5.472E-21         7.139E-31       -5.472E-21
 drain_P      0.000E+00       4.899E-38        -2.565E-20       -2.565E-20
 gate         0.000E+00      -1.157E-72         0.000E+00       -1.157E-72
 source_N     0.000E+00      -3.753E-21         4.296E-35       -3.753E-21
 source_P     0.000E+00       1.040E-37        -3.487E-20       -3.487E-20

Computing step from t=0.437954 to t=0.487954 (Stepsize: 0.05) :
Extrapolating values for t = 0.487954 ... done.
Computing Coupled( 1 poisson-equation(s) , 1 current-contact-equation(s) , 
                   1 electron-equation(s) , 1 hole-equation(s) ) 
using Bank/Rose nonlinear solver.

Iteration   |Rhs|      factor     |step|     error   #inner  #iterative  time
------------------------------------------------------------------------------
    0      2.55e+02                                                      4.00
    1      1.75e-02   1.00e+00   1.94e-05   5.64e-01    0         1     21.95
Finished, because...
Error smaller than 1 ( 5.6350E-01 ).

Accumulated times:
Assembly time:        9.29 s
Solve time:     12.61 s
Total time:     21.95 s

contact        voltage     electron current    hole current  conduction current
 drain_N      2.464E-01      -3.664E-20         7.546E-31       -3.664E-20
 drain_P      0.000E+00       3.861E-38        -7.882E-20       -7.882E-20
 gate         0.000E+00      -7.804E-85         0.000E+00       -7.804E-85
 source_N     0.000E+00      -6.394E-20         4.186E-35       -6.394E-20
 source_P     0.000E+00       1.695E-37         5.573E-20        5.573E-20

Computing step from t=0.487954 to t=0.537954 (Stepsize: 0.05) :
Extrapolating values for t = 0.537954 ... done.
Computing Coupled( 1 poisson-equation(s) , 1 current-contact-equation(s) , 
                   1 electron-equation(s) , 1 hole-equation(s) ) 
using Bank/Rose nonlinear solver.

Iteration   |Rhs|      factor     |step|     error   #inner  #iterative  time
------------------------------------------------------------------------------
    0      2.55e+02                                                      4.00
    1      1.62e-02   1.00e+00   1.96e-05   5.76e-01    0         1     21.60
Finished, because...
Error smaller than 1 ( 5.7572E-01 ).

Accumulated times:
Assembly time:        9.29 s
Solve time:     12.26 s
Total time:     21.60 s

contact        voltage     electron current    hole current  conduction current
 drain_N      2.614E-01      -1.136E-19         7.926E-31       -1.136E-19
 drain_P      0.000E+00       3.639E-38        -4.022E-20       -4.022E-20
 gate         0.000E+00      -1.005E-33         0.000E+00       -1.005E-33
 source_N     0.000E+00       1.616E-21         4.083E-35        1.616E-21
 source_P     0.000E+00       1.583E-37         2.387E-20        2.387E-20

Computing step from t=0.537954 to t=0.587954 (Stepsize: 0.05) :
Extrapolating values for t = 0.587954 ... done.
Computing Coupled( 1 poisson-equation(s) , 1 current-contact-equation(s) , 
                   1 electron-equation(s) , 1 hole-equation(s) ) 
using Bank/Rose nonlinear solver.

Iteration   |Rhs|      factor     |step|     error   #inner  #iterative  time
------------------------------------------------------------------------------
    0      2.54e+02                                                      4.01
    1      1.54e-02   1.00e+00   1.97e-05   5.88e-01    0         1     21.45
Finished, because...
Error smaller than 1 ( 5.8840E-01 ).

Accumulated times:
Assembly time:        9.28 s
Solve time:     12.13 s
Total time:     21.45 s

contact        voltage     electron current    hole current  conduction current
 drain_N      2.764E-01       4.772E-20         8.281E-31        4.772E-20
 drain_P      0.000E+00       9.635E-38        -4.194E-20       -4.194E-20
 gate         0.000E+00      -1.276E-46         0.000E+00       -1.276E-46
 source_N     0.000E+00      -8.314E-21         3.984E-35       -8.314E-21
 source_P     0.000E+00       1.728E-37        -3.635E-20       -3.635E-20

Computing step from t=0.587954 to t=0.637954 (Stepsize: 0.05) :
Extrapolating values for t = 0.637954 ... done.
Computing Coupled( 1 poisson-equation(s) , 1 current-contact-equation(s) , 
                   1 electron-equation(s) , 1 hole-equation(s) ) 
using Bank/Rose nonlinear solver.

Iteration   |Rhs|      factor     |step|     error   #inner  #iterative  time
------------------------------------------------------------------------------
    0      2.54e+02                                                      4.04
    1      1.36e-02   1.00e+00   1.99e-05   6.01e-01    0         1     21.42
Finished, because...
Error smaller than 1 ( 6.0121E-01 ).

Accumulated times:
Assembly time:        9.31 s
Solve time:     12.07 s
Total time:     21.42 s

contact        voltage     electron current    hole current  conduction current
 drain_N      2.914E-01      -7.507E-20         8.610E-31       -7.507E-20
 drain_P      0.000E+00       7.449E-38        -4.509E-20       -4.509E-20
 gate         0.000E+00       6.408E-47         0.000E+00        6.408E-47
 source_N     0.000E+00       3.780E-20         3.891E-35        3.780E-20
 source_P     0.000E+00       1.011E-37        -5.626E-21       -5.626E-21

Computing step from t=0.637954 to t=0.687954 (Stepsize: 0.05) :
Extrapolating values for t = 0.687954 ... done.
Computing Coupled( 1 poisson-equation(s) , 1 current-contact-equation(s) , 
                   1 electron-equation(s) , 1 hole-equation(s) ) 
using Bank/Rose nonlinear solver.

Iteration   |Rhs|      factor     |step|     error   #inner  #iterative  time
------------------------------------------------------------------------------
    0      2.53e+02                                                      4.01
    1      1.32e-02   1.00e+00   2.01e-05   6.15e-01    0         1     21.54
Finished, because...
Error smaller than 1 ( 6.1475E-01 ).

Accumulated times:
Assembly time:        9.32 s
Solve time:     12.19 s
Total time:     21.54 s

contact        voltage     electron current    hole current  conduction current
 drain_N      3.064E-01       1.923E-20         8.916E-31        1.923E-20
 drain_P      0.000E+00       1.046E-37         1.581E-20        1.581E-20
 gate         0.000E+00       2.524E-59         0.000E+00        2.524E-59
 source_N     0.000E+00      -1.750E-20         3.803E-35       -1.750E-20
 source_P     0.000E+00       1.338E-37        -3.087E-20       -3.087E-20

Computing step from t=0.687954 to t=0.737954 (Stepsize: 0.05) :
Extrapolating values for t = 0.737954 ... done.
Computing Coupled( 1 poisson-equation(s) , 1 current-contact-equation(s) , 
                   1 electron-equation(s) , 1 hole-equation(s) ) 
using Bank/Rose nonlinear solver.

Iteration   |Rhs|      factor     |step|     error   #inner  #iterative  time
------------------------------------------------------------------------------
    0      2.53e+02                                                      4.00
    1      1.23e-02   1.00e+00   2.03e-05   6.29e-01    0         1     21.37
Finished, because...
Error smaller than 1 ( 6.2869E-01 ).

Accumulated times:
Assembly time:        9.24 s
Solve time:     12.11 s
Total time:     21.37 s

contact        voltage     electron current    hole current  conduction current
 drain_N      3.214E-01       6.097E-20         9.199E-31        6.097E-20
 drain_P      0.000E+00       9.912E-38         1.341E-20        1.341E-20
 gate         0.000E+00      -6.306E-60         0.000E+00       -6.306E-60
 source_N     0.000E+00      -4.305E-21         3.715E-35       -4.305E-21
 source_P     0.000E+00       1.382E-37        -3.500E-21       -3.500E-21

Computing step from t=0.737954 to t=0.787954 (Stepsize: 0.05) :
Extrapolating values for t = 0.787954 ... done.
Computing Coupled( 1 poisson-equation(s) , 1 current-contact-equation(s) , 
                   1 electron-equation(s) , 1 hole-equation(s) ) 
using Bank/Rose nonlinear solver.

Iteration   |Rhs|      factor     |step|     error   #inner  #iterative  time
------------------------------------------------------------------------------
    0      2.52e+02                                                      4.01
    1      1.22e-02   1.00e+00   2.05e-05   6.43e-01    0         1     21.65
Finished, because...
Error smaller than 1 ( 6.4275E-01 ).

Accumulated times:
Assembly time:        9.31 s
Solve time:     12.31 s
Total time:     21.65 s

contact        voltage     electron current    hole current  conduction current
 drain_N      3.364E-01       1.106E-19         9.457E-31        1.106E-19
 drain_P      0.000E+00       9.226E-38        -1.043E-20       -1.043E-20
 gate         0.000E+00      -3.106E-72         0.000E+00       -3.106E-72
 source_N     0.000E+00      -6.803E-23         3.636E-35       -6.803E-23
 source_P     0.000E+00       1.415E-37         1.396E-20        1.396E-20

Computing step from t=0.787954 to t=0.837954 (Stepsize: 0.05) :
Extrapolating values for t = 0.837954 ... done.
Computing Coupled( 1 poisson-equation(s) , 1 current-contact-equation(s) , 
                   1 electron-equation(s) , 1 hole-equation(s) ) 
using Bank/Rose nonlinear solver.

Iteration   |Rhs|      factor     |step|     error   #inner  #iterative  time
------------------------------------------------------------------------------
    0      2.52e+02                                                      4.12
    1      1.18e-02   1.00e+00   2.07e-05   6.57e-01    0         1     21.88
Finished, because...
Error smaller than 1 ( 6.5725E-01 ).

Accumulated times:
Assembly time:        9.58 s
Solve time:     12.27 s
Total time:     21.88 s

contact        voltage     electron current    hole current  conduction current
 drain_N      3.514E-01       6.032E-20         9.695E-31        6.032E-20
 drain_P      0.000E+00       1.017E-37         3.217E-20        3.217E-20
 gate         0.000E+00       5.178E-73         0.000E+00        5.178E-73
 source_N     0.000E+00       4.473E-21         3.559E-35        4.473E-21
 source_P     0.000E+00       1.498E-37         5.994E-20        5.994E-20

Computing step from t=0.837954 to t=0.887954 (Stepsize: 0.05) :
Extrapolating values for t = 0.887954 ... done.
Computing Coupled( 1 poisson-equation(s) , 1 current-contact-equation(s) , 
                   1 electron-equation(s) , 1 hole-equation(s) ) 
using Bank/Rose nonlinear solver.

Iteration   |Rhs|      factor     |step|     error   #inner  #iterative  time
------------------------------------------------------------------------------
    0      2.52e+02                                                      4.07
    1      1.16e-02   1.00e+00   2.09e-05   6.72e-01    0         1     21.26
Finished, because...
Error smaller than 1 ( 6.7226E-01 ).

Accumulated times:
Assembly time:        9.33 s
Solve time:     11.90 s
Total time:     21.26 s

contact        voltage     electron current    hole current  conduction current
 drain_N      3.664E-01       5.543E-20         9.914E-31        5.543E-20
 drain_P      0.000E+00       8.491E-38        -4.010E-20       -4.010E-20
 gate         0.000E+00       3.689E-85         0.000E+00        3.689E-85
 source_N     0.000E+00      -3.851E-20         3.490E-35       -3.851E-20
 source_P     0.000E+00       1.271E-37         2.873E-20        2.873E-20

Computing step from t=0.887954 to t=0.937954 (Stepsize: 0.05) :
Extrapolating values for t = 0.937954 ... done.
Computing Coupled( 1 poisson-equation(s) , 1 current-contact-equation(s) , 
                   1 electron-equation(s) , 1 hole-equation(s) ) 
using Bank/Rose nonlinear solver.

Iteration   |Rhs|      factor     |step|     error   #inner  #iterative  time
------------------------------------------------------------------------------
    0      2.51e+02                                                      4.04
    1      1.13e-02   1.00e+00   2.11e-05   6.88e-01    0         1     21.35
Finished, because...
Error smaller than 1 ( 6.8773E-01 ).

Accumulated times:
Assembly time:        9.31 s
Solve time:     12.00 s
Total time:     21.35 s

contact        voltage     electron current    hole current  conduction current
 drain_N      3.814E-01      -1.621E-20         1.011E-30       -1.621E-20
 drain_P      0.000E+00       7.589E-38         3.776E-21        3.776E-21
 gate         0.000E+00      -4.613E-86         0.000E+00       -4.613E-86
 source_N     0.000E+00       1.666E-20         3.423E-35        1.666E-20
 source_P     0.000E+00       1.469E-37         5.295E-20        5.295E-20

Computing step from t=0.937954 to t=0.987954 (Stepsize: 0.05) :
Extrapolating values for t = 0.987954 ... done.
Computing Coupled( 1 poisson-equation(s) , 1 current-contact-equation(s) , 
                   1 electron-equation(s) , 1 hole-equation(s) ) 
using Bank/Rose nonlinear solver.

Iteration   |Rhs|      factor     |step|     error   #inner  #iterative  time
------------------------------------------------------------------------------
    0      2.51e+02                                                      4.05
    1      1.10e-02   1.00e+00   2.13e-05   7.04e-01    0         1     21.59
Finished, because...
Error smaller than 1 ( 7.0360E-01 ).

Accumulated times:
Assembly time:        9.37 s
Solve time:     12.18 s
Total time:     21.59 s

contact        voltage     electron current    hole current  conduction current
 drain_N      3.964E-01       1.162E-19         1.030E-30        1.162E-19
 drain_P      0.000E+00       3.244E-38        -1.789E-20       -1.789E-20
 gate         0.000E+00      -3.934E-98         0.000E+00       -3.934E-98
 source_N     0.000E+00      -6.409E-20         3.352E-35       -6.409E-20
 source_P     0.000E+00       1.006E-37         1.466E-20        1.466E-20

Computing step from t=0.987954 to t=1 (Stepsize: 0.0120456) :
Extrapolating values for t = 1 ... done.
Computing Coupled( 1 poisson-equation(s) , 1 current-contact-equation(s) , 
                   1 electron-equation(s) , 1 hole-equation(s) ) 
using Bank/Rose nonlinear solver.

Iteration   |Rhs|      factor     |step|     error   #inner  #iterative  time
------------------------------------------------------------------------------
    0      3.76e+01                                                      4.01
    1      1.22e-04   1.00e+00   3.23e-06   1.07e-01    0         1     21.34
Finished, because...
Error smaller than 1 ( 1.0693E-01 ).

Accumulated times:
Assembly time:        9.30 s
Solve time:     11.99 s
Total time:     21.34 s

contact        voltage     electron current    hole current  conduction current
 drain_N      4.000E-01      -5.662E-20         2.548E-32       -5.662E-20
 drain_P      0.000E+00       9.777E-38         8.526E-21        8.526E-21
 gate         0.000E+00      9.509E-100         0.000E+00       9.509E-100
 source_N     0.000E+00       1.269E-20         2.028E-35        1.269E-20
 source_P     0.000E+00       1.144E-37        -2.410E-20       -2.410E-20


Finished, because...
Curve trace finished.


===============================
Starting solve of next problem:
Quasistationary ( Digits : 5, Max. #iterations : 25, 
      Initial step in t : 1.0000e-03, 
      Minimum step in t : 1.0000e-05, Maximum step in t : 0.05, 
      Increment : 1.35, Decrement : 3, 
      Goal values :
        Contact drain_N : 0.7V
    )
  {
    Coupled ( Digits : 5, Max. #iterations : 25, 
        Solver : Pardiso,
        #undamped iterations : 10 
        )
        { Poisson Electron Hole } 
  }
===============================

Reusing extrapolation from a previous quasistationary

Computing step from t=0.0000e+00 to t=1.0000e-03 (Stepsize: 1.0000e-03) :
Extrapolating values for t = 1.0000e-03 ... done.
Computing Coupled( 1 poisson-equation(s) , 1 current-contact-equation(s) , 
                   1 electron-equation(s) , 1 hole-equation(s) ) 
using Bank/Rose nonlinear solver.

Iteration   |Rhs|      factor     |step|     error   #inner  #iterative  time
------------------------------------------------------------------------------
    0      3.17e+00                                                      4.05
    1      9.87e-07   1.00e+00   2.72e-07   9.04e-03    0         1     25.64
Finished, because...
Error smaller than 1 ( 9.0412E-03 ).

Accumulated times:
Assembly time:        9.36 s
Solve time:     16.24 s
Total time:     25.64 s

contact        voltage     electron current    hole current  conduction current
 drain_N      4.003E-01       6.370E-20         2.091E-34        6.370E-20
 drain_P      0.000E+00       1.065E-37        -1.103E-20       -1.103E-20
 gate         0.000E+00      6.349E-101         0.000E+00       6.349E-101
 source_N     0.000E+00      -1.865E-20         1.991E-35       -1.865E-20
 source_P     0.000E+00       1.546E-37         5.083E-21        5.083E-21

Computing step from t=1.0000e-03 to t=2.3500e-03 (Stepsize: 1.3500e-03) :
Extrapolating values for t = 2.3500e-03 ... done.
Computing Coupled( 1 poisson-equation(s) , 1 current-contact-equation(s) , 
                   1 electron-equation(s) , 1 hole-equation(s) ) 
using Bank/Rose nonlinear solver.

Iteration   |Rhs|      factor     |step|     error   #inner  #iterative  time
------------------------------------------------------------------------------
    0      1.60e-01                                                      4.03
    1      8.48e-08   1.00e+00   1.38e-08   4.60e-04    0         1     21.27
Finished, because...
Error smaller than 1 ( 4.5966E-04 ).

Accumulated times:
Assembly time:        9.25 s
Solve time:     11.98 s
Total time:     21.27 s

contact        voltage     electron current    hole current  conduction current
 drain_N      4.007E-01      -4.801E-20         1.435E-35       -4.801E-20
 drain_P      0.000E+00       9.506E-38        -1.685E-20       -1.685E-20
 gate         0.000E+00      -9.908E-113         0.000E+00       -9.908E-113
 source_N     0.000E+00       6.702E-20         1.991E-35        6.702E-20
 source_P     0.000E+00       1.633E-37        -5.861E-21       -5.861E-21

Computing step from t=2.3500e-03 to t=4.1725e-03 (Stepsize: 1.8225e-03) :
Extrapolating values for t = 4.1725e-03 ... done.
Computing Coupled( 1 poisson-equation(s) , 1 current-contact-equation(s) , 
                   1 electron-equation(s) , 1 hole-equation(s) ) 
using Bank/Rose nonlinear solver.

Iteration   |Rhs|      factor     |step|     error   #inner  #iterative  time
------------------------------------------------------------------------------
    0      2.92e-01                                                      4.00
    1      9.30e-08   1.00e+00   2.52e-08   8.38e-04    0         1     21.18
Finished, because...
Error smaller than 1 ( 8.3783E-04 ).

Accumulated times:
Assembly time:        9.24 s
Solve time:     11.90 s
Total time:     21.18 s

contact        voltage     electron current    hole current  conduction current
 drain_N      4.013E-01       6.058E-20         1.578E-35        6.058E-20
 drain_P      0.000E+00       1.146E-37         1.517E-20        1.517E-20
 gate         0.000E+00      -7.477E-114         0.000E+00       -7.477E-114
 source_N     0.000E+00      -5.717E-20         1.995E-35       -5.717E-20
 source_P     0.000E+00       1.119E-37         2.306E-21        2.306E-21

Computing step from t=4.1725e-03 to t=6.6329e-03 (Stepsize: 2.4604e-03) :
Extrapolating values for t = 6.6329e-03 ... done.
Computing Coupled( 1 poisson-equation(s) , 1 current-contact-equation(s) , 
                   1 electron-equation(s) , 1 hole-equation(s) ) 
using Bank/Rose nonlinear solver.

Iteration   |Rhs|      factor     |step|     error   #inner  #iterative  time
------------------------------------------------------------------------------
    0      5.32e-01                                                      3.99
    1      9.04e-08   1.00e+00   4.59e-08   1.53e-03    0         1     21.21
Finished, because...
Error smaller than 1 ( 1.5283E-03 ).

Accumulated times:
Assembly time:        9.27 s
Solve time:     11.91 s
Total time:     21.21 s

contact        voltage     electron current    hole current  conduction current
 drain_N      4.020E-01       6.319E-20         2.003E-35        6.319E-20
 drain_P      0.000E+00       1.838E-37        -2.155E-20       -2.155E-20
 gate         0.000E+00      1.003E-125         0.000E+00       1.003E-125
 source_N     0.000E+00       2.151E-20         1.991E-35        2.151E-20
 source_P     0.000E+00       1.442E-37        -7.100E-21       -7.100E-21

Computing step from t=6.6329e-03 to t=9.9544e-03 (Stepsize: 3.3215e-03) :
Extrapolating values for t = 9.9544e-03 ... done.
Computing Coupled( 1 poisson-equation(s) , 1 current-contact-equation(s) , 
                   1 electron-equation(s) , 1 hole-equation(s) ) 
using Bank/Rose nonlinear solver.

Iteration   |Rhs|      factor     |step|     error   #inner  #iterative  time
------------------------------------------------------------------------------
    0      9.70e-01                                                      4.00
    1      1.51e-07   1.00e+00   8.37e-08   2.79e-03    0         1     21.33
Finished, because...
Error smaller than 1 ( 2.7885E-03 ).

Accumulated times:
Assembly time:        9.31 s
Solve time:     11.98 s
Total time:     21.33 s

contact        voltage     electron current    hole current  conduction current
 drain_N      4.030E-01       1.554E-20         3.771E-35        1.554E-20
 drain_P      0.000E+00       1.041E-37        -2.818E-21       -2.818E-21
 gate         0.000E+00      -2.000E-33         0.000E+00       -2.000E-33
 source_N     0.000E+00       1.925E-21         1.994E-35        1.925E-21
 source_P     0.000E+00       1.329E-37        -6.719E-20       -6.719E-20

Computing step from t=9.9544e-03 to t=0.0144384 (Stepsize: 4.4840e-03) :
Extrapolating values for t = 0.0144384 ... done.
Computing Coupled( 1 poisson-equation(s) , 1 current-contact-equation(s) , 
                   1 electron-equation(s) , 1 hole-equation(s) ) 
using Bank/Rose nonlinear solver.

Iteration   |Rhs|      factor     |step|     error   #inner  #iterative  time
------------------------------------------------------------------------------
    0      1.77e+00                                                      4.00
    1      3.38e-07   1.00e+00   1.53e-07   5.09e-03    0         1     21.14
Finished, because...
Error smaller than 1 ( 5.0902E-03 ).

Accumulated times:
Assembly time:        9.28 s
Solve time:     11.83 s
Total time:     21.14 s

contact        voltage     electron current    hole current  conduction current
 drain_N      4.043E-01       2.907E-20         8.068E-35        2.907E-20
 drain_P      0.000E+00       8.539E-38        -2.117E-20       -2.117E-20
 gate         0.000E+00      -3.011E-46         0.000E+00       -3.011E-46
 source_N     0.000E+00       5.961E-20         1.992E-35        5.961E-20
 source_P     0.000E+00       1.444E-37         6.856E-20        6.856E-20

Computing step from t=0.0144384 to t=0.0204919 (Stepsize: 6.0534e-03) :
Extrapolating values for t = 0.0204919 ... done.
Computing Coupled( 1 poisson-equation(s) , 1 current-contact-equation(s) , 
                   1 electron-equation(s) , 1 hole-equation(s) ) 
using Bank/Rose nonlinear solver.

Iteration   |Rhs|      factor     |step|     error   #inner  #iterative  time
------------------------------------------------------------------------------
    0      3.22e+00                                                      3.98
    1      1.02e-06   1.00e+00   2.78e-07   9.30e-03    0         1     21.18
Finished, because...
Error smaller than 1 ( 9.2966E-03 ).

Accumulated times:
Assembly time:        9.24 s
Solve time:     11.89 s
Total time:     21.18 s

contact        voltage     electron current    hole current  conduction current
 drain_N      4.061E-01       1.716E-19         2.166E-34        1.716E-19
 drain_P      0.000E+00       1.179E-37         2.565E-20        2.565E-20
 gate         0.000E+00      -1.301E-33         0.000E+00       -1.301E-33
 source_N     0.000E+00       1.943E-20         1.995E-35        1.943E-20
 source_P     0.000E+00       1.045E-37        -4.098E-20       -4.098E-20

Computing step from t=0.0204919 to t=0.028664 (Stepsize: 8.1722e-03) :
Extrapolating values for t = 0.028664 ... done.
Computing Coupled( 1 poisson-equation(s) , 1 current-contact-equation(s) , 
                   1 electron-equation(s) , 1 hole-equation(s) ) 
using Bank/Rose nonlinear solver.

Iteration   |Rhs|      factor     |step|     error   #inner  #iterative  time
------------------------------------------------------------------------------
    0      5.86e+00                                                      3.96
    1      3.03e-06   1.00e+00   5.08e-07   1.70e-02    0         1     21.06
Finished, because...
Error smaller than 1 ( 1.6991E-02 ).

Accumulated times:
Assembly time:        9.19 s
Solve time:     11.83 s
Total time:     21.06 s

contact        voltage     electron current    hole current  conduction current
 drain_N      4.086E-01      -3.815E-20         6.770E-34       -3.815E-20
 drain_P      0.000E+00       1.259E-37         2.320E-20        2.320E-20
 gate         0.000E+00      -1.711E-46         0.000E+00       -1.711E-46
 source_N     0.000E+00      -4.709E-20         1.989E-35       -4.709E-20
 source_P     0.000E+00       1.782E-37         1.372E-20        1.372E-20

Computing step from t=0.028664 to t=0.0396964 (Stepsize: 0.0110324) :
Extrapolating values for t = 0.0396964 ... done.
Computing Coupled( 1 poisson-equation(s) , 1 current-contact-equation(s) , 
                   1 electron-equation(s) , 1 hole-equation(s) ) 
using Bank/Rose nonlinear solver.

Iteration   |Rhs|      factor     |step|     error   #inner  #iterative  time
------------------------------------------------------------------------------
    0      1.07e+01                                                      3.97
    1      8.80e-06   1.00e+00   9.26e-07   3.11e-02    0         1     21.04
Finished, because...
Error smaller than 1 ( 3.1085E-02 ).

Accumulated times:
Assembly time:        9.20 s
Solve time:     11.80 s
Total time:     21.04 s

contact        voltage     electron current    hole current  conduction current
 drain_N      4.119E-01      -7.184E-21         2.179E-33       -7.184E-21
 drain_P      0.000E+00       9.156E-38         2.128E-20        2.128E-20
 gate         0.000E+00       1.209E-33         0.000E+00        1.209E-33
 source_N     0.000E+00       1.939E-20         1.996E-35        1.939E-20
 source_P     0.000E+00       1.259E-37        -1.933E-20       -1.933E-20

Computing step from t=0.0396964 to t=0.0545902 (Stepsize: 0.0148937) :
Extrapolating values for t = 0.0545902 ... done.
Computing Coupled( 1 poisson-equation(s) , 1 current-contact-equation(s) , 
                   1 electron-equation(s) , 1 hole-equation(s) ) 
using Bank/Rose nonlinear solver.

Iteration   |Rhs|      factor     |step|     error   #inner  #iterative  time
------------------------------------------------------------------------------
    0      1.94e+01                                                      4.00
    1      2.49e-05   1.00e+00   1.69e-06   5.70e-02    0         1     21.21
Finished, because...
Error smaller than 1 ( 5.6950E-02 ).

Accumulated times:
Assembly time:        9.27 s
Solve time:     11.91 s
Total time:     21.21 s

contact        voltage     electron current    hole current  conduction current
 drain_N      4.164E-01      -2.578E-20         7.099E-33       -2.578E-20
 drain_P      0.000E+00       9.987E-38        -7.120E-21       -7.120E-21
 gate         0.000E+00       1.842E-46         0.000E+00        1.842E-46
 source_N     0.000E+00       9.750E-21         2.001E-35        9.750E-21
 source_P     0.000E+00       1.581E-37         1.660E-20        1.660E-20

Computing step from t=0.0545902 to t=0.0746967 (Stepsize: 0.0201066) :
Extrapolating values for t = 0.0746967 ... done.
Computing Coupled( 1 poisson-equation(s) , 1 current-contact-equation(s) , 
                   1 electron-equation(s) , 1 hole-equation(s) ) 
using Bank/Rose nonlinear solver.

Iteration   |Rhs|      factor     |step|     error   #inner  #iterative  time
------------------------------------------------------------------------------
    0      3.54e+01                                                      3.96
    1      9.84e-05   1.00e+00   3.09e-06   1.05e-01    0         1     21.05
Finished, because...
Error smaller than 1 ( 1.0452E-01 ).

Accumulated times:
Assembly time:        9.17 s
Solve time:     11.84 s
Total time:     21.05 s

contact        voltage     electron current    hole current  conduction current
 drain_N      4.224E-01       6.141E-20         2.315E-32        6.141E-20
 drain_P      0.000E+00       1.580E-37         4.490E-20        4.490E-20
 gate         0.000E+00      -1.057E-46         0.000E+00       -1.057E-46
 source_N     0.000E+00      -6.308E-20         2.018E-35       -6.308E-20
 source_P     0.000E+00       1.257E-37        -3.919E-20       -3.919E-20

Computing step from t=0.0746967 to t=0.101841 (Stepsize: 0.0271439) :
Extrapolating values for t = 0.101841 ... done.
Computing Coupled( 1 poisson-equation(s) , 1 current-contact-equation(s) , 
                   1 electron-equation(s) , 1 hole-equation(s) ) 
using Bank/Rose nonlinear solver.

Iteration   |Rhs|      factor     |step|     error   #inner  #iterative  time
------------------------------------------------------------------------------
    0      6.43e+01                                                      4.02
    1      4.24e-04   1.00e+00   5.64e-06   1.92e-01    0         1     21.19
Finished, because...
Error smaller than 1 ( 1.9232E-01 ).

Accumulated times:
Assembly time:        9.28 s
Solve time:     11.86 s
Total time:     21.19 s

contact        voltage     electron current    hole current  conduction current
 drain_N      4.306E-01      -9.191E-20         7.546E-32       -9.191E-20
 drain_P      0.000E+00       1.391E-37         1.215E-20        1.215E-20
 gate         0.000E+00       9.997E-34         0.000E+00        9.997E-34
 source_N     0.000E+00       1.407E-20         2.080E-35        1.407E-20
 source_P     0.000E+00       1.500E-37        -1.559E-20       -1.559E-20

Computing step from t=0.101841 to t=0.138485 (Stepsize: 0.0366442) :
Extrapolating values for t = 0.138485 ... done.
Computing Coupled( 1 poisson-equation(s) , 1 current-contact-equation(s) , 
                   1 electron-equation(s) , 1 hole-equation(s) ) 
using Bank/Rose nonlinear solver.

Iteration   |Rhs|      factor     |step|     error   #inner  #iterative  time
------------------------------------------------------------------------------
    0      1.17e+02                                                      3.96
    1      1.73e-03   1.00e+00   1.03e-05   3.55e-01    0         1     21.18
Finished, because...
Error smaller than 1 ( 3.5507E-01 ).

Accumulated times:
Assembly time:        9.25 s
Solve time:     11.88 s
Total time:     21.18 s

contact        voltage     electron current    hole current  conduction current
 drain_N      4.415E-01       2.725E-20         2.455E-31        2.725E-20
 drain_P      0.000E+00       1.303E-37        -7.743E-21       -7.743E-21
 gate         0.000E+00       2.145E-33         0.000E+00        2.145E-33
 source_N     0.000E+00       2.524E-20         2.259E-35        2.524E-20
 source_P     0.000E+00       1.937E-37         2.425E-20        2.425E-20

Computing step from t=0.138485 to t=0.187954 (Stepsize: 0.0494697) :
Extrapolating values for t = 0.187954 ... done.
Computing Coupled( 1 poisson-equation(s) , 1 current-contact-equation(s) , 
                   1 electron-equation(s) , 1 hole-equation(s) ) 
using Bank/Rose nonlinear solver.

Iteration   |Rhs|      factor     |step|     error   #inner  #iterative  time
------------------------------------------------------------------------------
    0      2.12e+02                                                      3.97
    1      6.78e-03   1.00e+00   1.89e-05   6.58e-01    0         1     21.05
Finished, because...
Error smaller than 1 ( 6.5846E-01 ).

Accumulated times:
Assembly time:        9.20 s
Solve time:     11.82 s
Total time:     21.05 s

contact        voltage     electron current    hole current  conduction current
 drain_N      4.564E-01       5.573E-20         7.969E-31        5.573E-20
 drain_P      0.000E+00       8.596E-38         5.231E-20        5.231E-20
 gate         0.000E+00       2.429E-46         0.000E+00        2.429E-46
 source_N     0.000E+00       2.641E-21         2.823E-35        2.641E-21
 source_P     0.000E+00       1.450E-37        -2.383E-20       -2.383E-20

Computing step from t=0.187954 to t=0.237954 (Stepsize: 0.05) :
Extrapolating values for t = 0.237954 ... done.
Computing Coupled( 1 poisson-equation(s) , 1 current-contact-equation(s) , 
                   1 electron-equation(s) , 1 hole-equation(s) ) 
using Bank/Rose nonlinear solver.

Iteration   |Rhs|      factor     |step|     error   #inner  #iterative  time
------------------------------------------------------------------------------
    0      2.47e+02                                                      3.99
    1      9.33e-03   1.00e+00   2.22e-05   7.85e-01    0         1     21.06
Finished, because...
Error smaller than 1 ( 7.8480E-01 ).

Accumulated times:
Assembly time:        9.22 s
Solve time:     11.81 s
Total time:     21.06 s

contact        voltage     electron current    hole current  conduction current
 drain_N      4.714E-01       6.922E-20         1.086E-30        6.922E-20
 drain_P      0.000E+00       7.772E-38        -5.319E-20       -5.319E-20
 gate         0.000E+00      -1.421E-46         0.000E+00       -1.421E-46
 source_N     0.000E+00      -3.935E-20         3.064E-35       -3.935E-20
 source_P     0.000E+00       1.462E-37        -4.810E-20       -4.810E-20

Computing step from t=0.237954 to t=0.287954 (Stepsize: 0.05) :
Extrapolating values for t = 0.287954 ... done.
Computing Coupled( 1 poisson-equation(s) , 1 current-contact-equation(s) , 
                   1 electron-equation(s) , 1 hole-equation(s) ) 
using Bank/Rose nonlinear solver.

Iteration   |Rhs|      factor     |step|     error   #inner  #iterative  time
------------------------------------------------------------------------------
    0      2.48e+02                                                      3.97
    1      9.10e-03   1.00e+00   2.25e-05   8.07e-01    0         1     21.17
Finished, because...
Error smaller than 1 ( 8.0716E-01 ).

Accumulated times:
Assembly time:        9.23 s
Solve time:     11.89 s
Total time:     21.17 s

contact        voltage     electron current    hole current  conduction current
 drain_N      4.864E-01       4.285E-20         1.106E-30        4.285E-20
 drain_P      0.000E+00       1.379E-37        -3.862E-21       -3.862E-21
 gate         0.000E+00      -5.042E-59         0.000E+00       -5.042E-59
 source_N     0.000E+00      -6.766E-22         3.031E-35       -6.766E-22
 source_P     0.000E+00       1.507E-37         2.964E-20        2.964E-20

Computing step from t=0.287954 to t=0.337954 (Stepsize: 0.05) :
Extrapolating values for t = 0.337954 ... done.
Computing Coupled( 1 poisson-equation(s) , 1 current-contact-equation(s) , 
                   1 electron-equation(s) , 1 hole-equation(s) ) 
using Bank/Rose nonlinear solver.

Iteration   |Rhs|      factor     |step|     error   #inner  #iterative  time
------------------------------------------------------------------------------
    0      2.48e+02                                                      4.01
    1      8.74e-03   1.00e+00   2.28e-05   8.26e-01    0         1     21.32
Finished, because...
Error smaller than 1 ( 8.2574E-01 ).

Accumulated times:
Assembly time:        9.26 s
Solve time:     12.03 s
Total time:     21.32 s

contact        voltage     electron current    hole current  conduction current
 drain_N      5.014E-01       6.881E-20         1.115E-30        6.881E-20
 drain_P      0.000E+00       9.935E-38         7.000E-22        7.000E-22
 gate         0.000E+00       1.361E-59         0.000E+00        1.361E-59
 source_N     0.000E+00      -4.835E-20         2.984E-35       -4.835E-20
 source_P     0.000E+00       1.712E-37        -1.238E-21       -1.238E-21

Computing step from t=0.337954 to t=0.387954 (Stepsize: 0.05) :
Extrapolating values for t = 0.387954 ... done.
Computing Coupled( 1 poisson-equation(s) , 1 current-contact-equation(s) , 
                   1 electron-equation(s) , 1 hole-equation(s) ) 
using Bank/Rose nonlinear solver.

Iteration   |Rhs|      factor     |step|     error   #inner  #iterative  time
------------------------------------------------------------------------------
    0      2.47e+02                                                      4.04
    1      8.37e-03   1.00e+00   2.30e-05   8.45e-01    0         1     21.31
Finished, because...
Error smaller than 1 ( 8.4461E-01 ).

Accumulated times:
Assembly time:        9.44 s
Solve time:     11.83 s
Total time:     21.31 s

contact        voltage     electron current    hole current  conduction current
 drain_N      5.164E-01      -5.563E-20         1.122E-30       -5.563E-20
 drain_P      0.000E+00       4.214E-38        -4.057E-20       -4.057E-20
 gate         0.000E+00       6.508E-72         0.000E+00        6.508E-72
 source_N     0.000E+00       6.799E-20         2.941E-35        6.799E-20
 source_P     0.000E+00       1.090E-37        -5.598E-20       -5.598E-20

Computing step from t=0.387954 to t=0.437954 (Stepsize: 0.05) :
Extrapolating values for t = 0.437954 ... done.
Computing Coupled( 1 poisson-equation(s) , 1 current-contact-equation(s) , 
                   1 electron-equation(s) , 1 hole-equation(s) ) 
using Bank/Rose nonlinear solver.

Iteration   |Rhs|      factor     |step|     error   #inner  #iterative  time
------------------------------------------------------------------------------
    0      2.47e+02                                                      4.14
    1      8.00e-03   1.00e+00   2.32e-05   8.64e-01    0         1     21.51
Finished, because...
Error smaller than 1 ( 8.6384E-01 ).

Accumulated times:
Assembly time:        9.42 s
Solve time:     12.05 s
Total time:     21.51 s

contact        voltage     electron current    hole current  conduction current
 drain_N      5.314E-01       9.632E-20         1.128E-30        9.632E-20
 drain_P      0.000E+00       1.029E-37        -3.014E-21       -3.014E-21
 gate         0.000E+00      -1.140E-72         0.000E+00       -1.140E-72
 source_N     0.000E+00      -8.935E-21         2.900E-35       -8.935E-21
 source_P     0.000E+00       1.040E-37         2.572E-20        2.572E-20

Computing step from t=0.437954 to t=0.487954 (Stepsize: 0.05) :
Extrapolating values for t = 0.487954 ... done.
Computing Coupled( 1 poisson-equation(s) , 1 current-contact-equation(s) , 
                   1 electron-equation(s) , 1 hole-equation(s) ) 
using Bank/Rose nonlinear solver.

Iteration   |Rhs|      factor     |step|     error   #inner  #iterative  time
------------------------------------------------------------------------------
    0      2.47e+02                                                      3.98
    1      7.62e-03   1.00e+00   2.34e-05   8.83e-01    0         1     21.60
Finished, because...
Error smaller than 1 ( 8.8334E-01 ).

Accumulated times:
Assembly time:        9.21 s
Solve time:     12.34 s
Total time:     21.60 s

contact        voltage     electron current    hole current  conduction current
 drain_N      5.464E-01       3.453E-21         1.133E-30        3.453E-21
 drain_P      0.000E+00       1.289E-37         5.181E-20        5.181E-20
 gate         0.000E+00      -7.748E-85         0.000E+00       -7.748E-85
 source_N     0.000E+00      -7.128E-20         2.859E-35       -7.128E-20
 source_P     0.000E+00       1.728E-37        -1.440E-20       -1.440E-20

Computing step from t=0.487954 to t=0.537954 (Stepsize: 0.05) :
Extrapolating values for t = 0.537954 ... done.
Computing Coupled( 1 poisson-equation(s) , 1 current-contact-equation(s) , 
                   1 electron-equation(s) , 1 hole-equation(s) ) 
using Bank/Rose nonlinear solver.

Iteration   |Rhs|      factor     |step|     error   #inner  #iterative  time
------------------------------------------------------------------------------
    0      2.46e+02                                                      4.01
    1      7.26e-03   1.00e+00   2.36e-05   9.03e-01    0         1     21.22
Finished, because...
Error smaller than 1 ( 9.0316E-01 ).

Accumulated times:
Assembly time:        9.33 s
Solve time:     11.85 s
Total time:     21.22 s

contact        voltage     electron current    hole current  conduction current
 drain_N      5.614E-01       8.390E-20         1.138E-30        8.390E-20
 drain_P      0.000E+00       7.132E-38        -5.097E-20       -5.097E-20
 gate         0.000E+00      -1.005E-33         0.000E+00       -1.005E-33
 source_N     0.000E+00      -4.350E-20         2.824E-35       -4.350E-20
 source_P     0.000E+00       1.045E-37         1.399E-20        1.399E-20

Computing step from t=0.537954 to t=0.587954 (Stepsize: 0.05) :
Extrapolating values for t = 0.587954 ... done.
Computing Coupled( 1 poisson-equation(s) , 1 current-contact-equation(s) , 
                   1 electron-equation(s) , 1 hole-equation(s) ) 
using Bank/Rose nonlinear solver.

Iteration   |Rhs|      factor     |step|     error   #inner  #iterative  time
------------------------------------------------------------------------------
    0      2.46e+02                                                      4.04
    1      6.91e-03   1.00e+00   2.38e-05   9.23e-01    0         1     21.34
Finished, because...
Error smaller than 1 ( 9.2322E-01 ).

Accumulated times:
Assembly time:        9.36 s
Solve time:     11.95 s
Total time:     21.34 s

contact        voltage     electron current    hole current  conduction current
 drain_N      5.764E-01       3.781E-20         1.141E-30        3.781E-20
 drain_P      0.000E+00       1.017E-37         3.480E-20        3.480E-20
 gate         0.000E+00      -1.281E-46         0.000E+00       -1.281E-46
 source_N     0.000E+00      -6.265E-21         2.786E-35       -6.265E-21
 source_P     0.000E+00       1.186E-37        -3.892E-20       -3.892E-20

Computing step from t=0.587954 to t=0.637954 (Stepsize: 0.05) :
Extrapolating values for t = 0.637954 ... done.
Computing Coupled( 1 poisson-equation(s) , 1 current-contact-equation(s) , 
                   1 electron-equation(s) , 1 hole-equation(s) ) 
using Bank/Rose nonlinear solver.

Iteration   |Rhs|      factor     |step|     error   #inner  #iterative  time
------------------------------------------------------------------------------
    0      2.45e+02                                                      4.00
    1      6.58e-03   1.00e+00   2.40e-05   9.44e-01    0         1     21.66
Finished, because...
Error smaller than 1 ( 9.4351E-01 ).

Accumulated times:
Assembly time:        9.27 s
Solve time:     12.36 s
Total time:     21.66 s

contact        voltage     electron current    hole current  conduction current
 drain_N      5.914E-01       4.509E-20         1.144E-30        4.509E-20
 drain_P      0.000E+00       4.124E-38        -2.693E-20       -2.693E-20
 gate         0.000E+00       6.373E-47         0.000E+00        6.373E-47
 source_N     0.000E+00      -8.806E-20         2.753E-35       -8.806E-20
 source_P     0.000E+00       1.711E-37         2.366E-20        2.366E-20

Computing step from t=0.637954 to t=0.687954 (Stepsize: 0.05) :
Extrapolating values for t = 0.687954 ... done.
Computing Coupled( 1 poisson-equation(s) , 1 current-contact-equation(s) , 
                   1 electron-equation(s) , 1 hole-equation(s) ) 
using Bank/Rose nonlinear solver.

Iteration   |Rhs|      factor     |step|     error   #inner  #iterative  time
------------------------------------------------------------------------------
    0      2.45e+02                                                      3.97
    1      6.26e-03   1.00e+00   2.42e-05   9.64e-01    0         1     21.17
Finished, because...
Error smaller than 1 ( 9.6395E-01 ).

Accumulated times:
Assembly time:        9.24 s
Solve time:     11.90 s
Total time:     21.17 s

contact        voltage     electron current    hole current  conduction current
 drain_N      6.064E-01      -8.885E-22         1.146E-30       -8.885E-22
 drain_P      0.000E+00       1.211E-37         5.099E-20        5.099E-20
 gate         0.000E+00       2.520E-59         0.000E+00        2.520E-59
 source_N     0.000E+00      -4.876E-20         2.721E-35       -4.876E-20
 source_P     0.000E+00       1.538E-37         1.559E-20        1.559E-20

Computing step from t=0.687954 to t=0.737954 (Stepsize: 0.05) :
Extrapolating values for t = 0.737954 ... done.
Computing Coupled( 1 poisson-equation(s) , 1 current-contact-equation(s) , 
                   1 electron-equation(s) , 1 hole-equation(s) ) 
using Bank/Rose nonlinear solver.

Iteration   |Rhs|      factor     |step|     error   #inner  #iterative  time
------------------------------------------------------------------------------
    0      2.44e+02                                                      3.95
    1      5.98e-03   1.00e+00   2.44e-05   9.85e-01    0         1     21.27
Finished, because...
Error smaller than 1 ( 9.8454E-01 ).

Accumulated times:
Assembly time:        9.25 s
Solve time:     11.99 s
Total time:     21.27 s

contact        voltage     electron current    hole current  conduction current
 drain_N      6.214E-01       8.646E-20         1.147E-30        8.646E-20
 drain_P      0.000E+00       1.201E-37        -2.405E-21       -2.405E-21
 gate         0.000E+00      -6.291E-60         0.000E+00       -6.291E-60
 source_N     0.000E+00       3.197E-20         2.694E-35        3.197E-20
 source_P     0.000E+00       1.354E-37        -5.697E-22       -5.697E-22

Computing step from t=0.737954 to t=0.787954 (Stepsize: 0.05) :
Extrapolating values for t = 0.787954 ... done.
Computing Coupled( 1 poisson-equation(s) , 1 current-contact-equation(s) , 
                   1 electron-equation(s) , 1 hole-equation(s) ) 
using Bank/Rose nonlinear solver.

Iteration   |Rhs|      factor     |step|     error   #inner  #iterative  time
------------------------------------------------------------------------------
    0      2.44e+02                                                      4.00
    1      5.71e-03   1.00e+00   2.45e-05   1.01e+00    0         1     21.20
    2      7.79e-08   1.00e+00   5.91e-08   5.56e-05    0         1     38.38
Finished, because...
Error smaller than 1 ( 5.5638E-05 ).

Accumulated times:
Assembly time:       14.48 s
Solve time:     23.83 s
Total time:     38.38 s

contact        voltage     electron current    hole current  conduction current
 drain_N      6.364E-01      -7.968E-21         1.862E-35       -7.968E-21
 drain_P      0.000E+00       6.802E-38        -3.178E-20       -3.178E-20
 gate         0.000E+00      -2.764E-85         0.000E+00       -2.764E-85
 source_N     0.000E+00      -2.961E-20         1.991E-35       -2.961E-20
 source_P     0.000E+00       1.545E-37         5.815E-21        5.815E-21

Computing step from t=0.787954 to t=0.837954 (Stepsize: 0.05) :
Extrapolating values for t = 0.837954 ... done.
Computing Coupled( 1 poisson-equation(s) , 1 current-contact-equation(s) , 
                   1 electron-equation(s) , 1 hole-equation(s) ) 
using Bank/Rose nonlinear solver.

Iteration   |Rhs|      factor     |step|     error   #inner  #iterative  time
------------------------------------------------------------------------------
    0      2.44e+02                                                      3.98
    1      5.68e-03   1.00e+00   2.47e-05   1.03e+00    0         1     21.27
    2      8.35e-08   1.00e+00   5.82e-08   5.67e-05    0         1     38.53
Finished, because...
Error smaller than 1 ( 5.6674E-05 ).

Accumulated times:
Assembly time:       14.49 s
Solve time:     23.96 s
Total time:     38.53 s

contact        voltage     electron current    hole current  conduction current
 drain_N      6.514E-01      -8.192E-21         9.122E-36       -8.192E-21
 drain_P      0.000E+00       6.933E-38        -7.493E-20       -7.493E-20
 gate         0.000E+00       4.597E-86         0.000E+00        4.597E-86
 source_N     0.000E+00       2.947E-20         1.991E-35        2.947E-20
 source_P     0.000E+00       1.902E-37         8.797E-20        8.797E-20

Computing step from t=0.837954 to t=0.887954 (Stepsize: 0.05) :
Extrapolating values for t = 0.887954 ... done.
Computing Coupled( 1 poisson-equation(s) , 1 current-contact-equation(s) , 
                   1 electron-equation(s) , 1 hole-equation(s) ) 
using Bank/Rose nonlinear solver.

Iteration   |Rhs|      factor     |step|     error   #inner  #iterative  time
------------------------------------------------------------------------------
    0      2.43e+02                                                      3.97
    1      5.65e-03   1.00e+00   2.49e-05   1.05e+00    0         1     21.16
    2      9.54e-08   1.00e+00   5.77e-08   5.76e-05    0         1     38.43
Finished, because...
Error smaller than 1 ( 5.7583E-05 ).

Accumulated times:
Assembly time:       14.52 s
Solve time:     23.83 s
Total time:     38.43 s

contact        voltage     electron current    hole current  conduction current
 drain_N      6.664E-01      -8.100E-20         1.862E-35       -8.100E-20
 drain_P      0.000E+00       1.222E-37        -2.024E-21       -2.024E-21
 gate         0.000E+00      2.752E-111         0.000E+00       2.752E-111
 source_N     0.000E+00       3.414E-20         1.992E-35        3.414E-20
 source_P     0.000E+00       1.418E-37         6.276E-21        6.276E-21

Computing step from t=0.887954 to t=0.937954 (Stepsize: 0.05) :
Extrapolating values for t = 0.937954 ... done.
Computing Coupled( 1 poisson-equation(s) , 1 current-contact-equation(s) , 
                   1 electron-equation(s) , 1 hole-equation(s) ) 
using Bank/Rose nonlinear solver.

Iteration   |Rhs|      factor     |step|     error   #inner  #iterative  time
------------------------------------------------------------------------------
    0      2.43e+02                                                      4.00
    1      5.61e-03   1.00e+00   2.51e-05   1.07e+00    0         1     21.34
    2      9.36e-08   1.00e+00   5.72e-08   5.85e-05    0         1     38.45
Finished, because...
Error smaller than 1 ( 5.8500E-05 ).

Accumulated times:
Assembly time:       14.51 s
Solve time:     23.88 s
Total time:     38.45 s

contact        voltage     electron current    hole current  conduction current
 drain_N      6.814E-01       1.013E-19         1.388E-35        1.013E-19
 drain_P      0.000E+00       9.854E-38        -5.391E-20       -5.391E-20
 gate         0.000E+00      -3.416E-112         0.000E+00       -3.416E-112
 source_N     0.000E+00      -3.190E-20         1.990E-35       -3.190E-20
 source_P     0.000E+00       1.439E-37         8.102E-21        8.102E-21

Computing step from t=0.937954 to t=0.987954 (Stepsize: 0.05) :
Extrapolating values for t = 0.987954 ... done.
Computing Coupled( 1 poisson-equation(s) , 1 current-contact-equation(s) , 
                   1 electron-equation(s) , 1 hole-equation(s) ) 
using Bank/Rose nonlinear solver.

Iteration   |Rhs|      factor     |step|     error   #inner  #iterative  time
------------------------------------------------------------------------------
    0      2.42e+02                                                      3.96
    1      5.58e-03   1.00e+00   2.53e-05   1.09e+00    0         1     21.26
    2      8.98e-08   1.00e+00   5.67e-08   5.94e-05    0         1     38.60
Finished, because...
Error smaller than 1 ( 5.9385E-05 ).

Accumulated times:
Assembly time:       14.45 s
Solve time:     24.06 s
Total time:     38.60 s

contact        voltage     electron current    hole current  conduction current
 drain_N      6.964E-01      -5.432E-21         1.863E-35       -5.432E-21
 drain_P      0.000E+00       9.450E-38        -2.227E-20       -2.227E-20
 gate         0.000E+00      -2.574E-137         0.000E+00       -2.574E-137
 source_N     0.000E+00      -3.353E-20         1.991E-35       -3.353E-20
 source_P     0.000E+00       1.138E-37         1.318E-20        1.318E-20

Computing step from t=0.987954 to t=1 (Stepsize: 0.0120456) :
Extrapolating values for t = 1 ... done.
Computing Coupled( 1 poisson-equation(s) , 1 current-contact-equation(s) , 
                   1 electron-equation(s) , 1 hole-equation(s) ) 
using Bank/Rose nonlinear solver.

Iteration   |Rhs|      factor     |step|     error   #inner  #iterative  time
------------------------------------------------------------------------------
    0      3.63e+01                                                      3.98
    1      8.49e-05   1.00e+00   3.82e-06   1.65e-01    0         1     21.19
Finished, because...
Error smaller than 1 ( 1.6503E-01 ).

Accumulated times:
Assembly time:        9.20 s
Solve time:     11.94 s
Total time:     21.19 s

contact        voltage     electron current    hole current  conduction current
 drain_N      7.000E-01      -4.583E-20         2.691E-32       -4.583E-20
 drain_P      0.000E+00       1.275E-37         3.555E-20        3.555E-20
 gate         0.000E+00      7.105E-126         0.000E+00       7.105E-126
 source_N     0.000E+00       6.479E-20         2.006E-35        6.479E-20
 source_P     0.000E+00       1.388E-37        -2.861E-20       -2.861E-20


Finished, because...
Curve trace finished.


===============================
Starting solve of next problem:
Quasistationary ( Digits : 5, Max. #iterations : 25, 
      Initial step in t : 5.0000e-04, 
      Minimum step in t : 1.0000e-05, Maximum step in t : 0.03, 
      Increment : 1.35, Decrement : 3, 
      Goal values :
        Contact gate : 1V
    )
  {
    Coupled ( Digits : 5, Max. #iterations : 25, 
        Solver : Pardiso,
        #undamped iterations : 10 
        )
        { Poisson Electron Hole } 
    CurrentPlot (
         Time (fixed times:
             0.0000e+00 5.0000e-03 0.01 0.015 0.02
             0.025 0.03 0.035 0.04 0.045
             0.05 0.055 0.06 0.065 0.07
             0.075 0.08 0.085 0.09 0.095
             0.1 0.105 0.11 0.115 0.12
             0.125 0.13 0.135 0.14 0.145
             0.15 0.155 0.16 0.165 0.17
             0.175 0.18 0.185 0.19 0.195
             0.2 0.205 0.21 0.215 0.22
             0.225 0.23 0.235 0.24 0.245
             0.25 0.255 0.26 0.265 0.27
             0.275 0.28 0.285 0.29 0.295
             0.3 0.305 0.31 0.315 0.32
             0.325 0.33 0.335 0.34 0.345
             0.35 0.355 0.36 0.365 0.37
             0.375 0.38 0.385 0.39 0.395
             0.4 0.405 0.41 0.415 0.42
             0.425 0.43 0.435 0.44 0.445
             0.45 0.455 0.46 0.465 0.47
             0.475 0.48 0.485 0.49 0.495
             0.5 0.505 0.51 0.515 0.52
             0.525 0.53 0.535 0.54 0.545
             0.55 0.555 0.56 0.565 0.57
             0.575 0.58 0.585 0.59 0.595
             0.6 0.605 0.61 0.615 0.62
             0.625 0.63 0.635 0.64 0.645
             0.65 0.655 0.66 0.665 0.67
             0.675 0.68 0.685 0.69 0.695
             0.7 0.705 0.71 0.715 0.72
             0.725 0.73 0.735 0.74 0.745
             0.75 0.755 0.76 0.765 0.77
             0.775 0.78 0.785 0.79 0.795
             0.8 0.805 0.81 0.815 0.82
             0.825 0.83 0.835 0.84 0.845
             0.85 0.855 0.86 0.865 0.87
             0.875 0.88 0.885 0.89 0.895
             0.9 0.905 0.91 0.915 0.92
             0.925 0.93 0.935 0.94 0.945
             0.95 0.955 0.96 0.965 0.97
             0.975 0.98 0.985 0.99 0.995
             1) )
      { }
  }
===============================

Computing solution for t=0 :
Computing Coupled( 1 poisson-equation(s) , 1 current-contact-equation(s) , 
                   1 electron-equation(s) , 1 hole-equation(s) ) 
using Bank/Rose nonlinear solver.

Iteration   |Rhs|      factor     |step|     error   #inner  #iterative  time
------------------------------------------------------------------------------
    0      8.49e-05                                                      0.14
    1      9.33e-08   1.00e+00   1.35e-09   1.05e-06    0         1     21.49
Finished, because...
Error smaller than 1 ( 1.0453E-06 ).

Accumulated times:
Assembly time:        5.43 s
Solve time:     16.03 s
Total time:     21.49 s

contact        voltage     electron current    hole current  conduction current
 drain_N      7.000E-01      -2.294E-21         1.384E-35       -2.294E-21
 drain_P      0.000E+00       1.418E-37         3.689E-20        3.689E-20
 gate         0.000E+00      6.184E-139         0.000E+00       6.184E-139
 source_N     0.000E+00       6.738E-21         1.992E-35        6.738E-21
 source_P     0.000E+00       1.171E-37        -3.674E-21       -3.674E-21

Computing step from t=0.0000e+00 to t=5.0000e-04 (Stepsize: 5.0000e-04) :
Computing Coupled( 1 poisson-equation(s) , 1 current-contact-equation(s) , 
                   1 electron-equation(s) , 1 hole-equation(s) ) 
using Bank/Rose nonlinear solver.

Iteration   |Rhs|      factor     |step|     error   #inner  #iterative  time
------------------------------------------------------------------------------
    0      2.54e+05                                                      3.97
    1      6.54e-02   1.00e+00   7.55e-03   5.54e+02    0         1     21.16
    2      9.75e-08   1.00e+00   8.19e-08   5.76e-04    0         1     38.35
Finished, because...
Error smaller than 1 ( 5.7580E-04 ).

Accumulated times:
Assembly time:       14.45 s
Solve time:     23.81 s
Total time:     38.35 s

contact        voltage     electron current    hole current  conduction current
 drain_N      7.000E-01      -6.455E-20         1.400E-35       -6.455E-20
 drain_P      0.000E+00       1.875E-38         7.409E-20        7.409E-20
 gate         5.000E-04       0.000E+00         0.000E+00        0.000E+00
 source_N     0.000E+00      -4.402E-22         1.993E-35       -4.402E-22
 source_P     0.000E+00       7.334E-38         6.383E-21        6.383E-21

Computing step from t=5.0000e-04 to t=1.1657e-03 (Stepsize: 6.6567e-04) :
Extrapolating values for t = 1.1657e-03 ... done.
Computing Coupled( 1 poisson-equation(s) , 1 current-contact-equation(s) , 
                   1 electron-equation(s) , 1 hole-equation(s) ) 
using Bank/Rose nonlinear solver.

Iteration   |Rhs|      factor     |step|     error   #inner  #iterative  time
------------------------------------------------------------------------------
    0      3.37e-01                                                      3.99
    1      1.06e-07   1.00e+00   5.25e-08   1.82e-03    0         1     21.41
Finished, because...
Error smaller than 1 ( 1.8166E-03 ).

Accumulated times:
Assembly time:        9.25 s
Solve time:     12.12 s
Total time:     21.41 s

contact        voltage     electron current    hole current  conduction current
 drain_N      7.000E-01      -7.489E-20         1.616E-35       -7.489E-20
 drain_P      0.000E+00       7.822E-38         1.467E-20        1.467E-20
 gate         1.166E-03       0.000E+00         0.000E+00        0.000E+00
 source_N     0.000E+00      -2.235E-20         1.993E-35       -2.235E-20
 source_P     0.000E+00       1.289E-37        -5.615E-20       -5.615E-20

Computing step from t=1.1657e-03 to t=2.0643e-03 (Stepsize: 8.9865e-04) :
Extrapolating values for t = 2.0643e-03 ... done.
Computing Coupled( 1 poisson-equation(s) , 1 current-contact-equation(s) , 
                   1 electron-equation(s) , 1 hole-equation(s) ) 
using Bank/Rose nonlinear solver.

Iteration   |Rhs|      factor     |step|     error   #inner  #iterative  time
------------------------------------------------------------------------------
    0      6.10e-01                                                      4.00
    1      2.16e-07   1.00e+00   9.52e-08   3.29e-03    0         1     21.21
Finished, because...
Error smaller than 1 ( 3.2899E-03 ).

Accumulated times:
Assembly time:        9.24 s
Solve time:     11.94 s
Total time:     21.21 s

contact        voltage     electron current    hole current  conduction current
 drain_N      7.000E-01      -2.839E-21         2.106E-35       -2.839E-21
 drain_P      0.000E+00       8.977E-39         1.396E-20        1.396E-20
 gate         2.064E-03       0.000E+00         0.000E+00        0.000E+00
 source_N     0.000E+00       1.960E-20         2.007E-35        1.960E-20
 source_P     0.000E+00       3.038E-38        -3.857E-20       -3.857E-20

Computing step from t=2.0643e-03 to t=3.2775e-03 (Stepsize: 1.2132e-03) :
Extrapolating values for t = 3.2775e-03 ... done.
Computing Coupled( 1 poisson-equation(s) , 1 current-contact-equation(s) , 
                   1 electron-equation(s) , 1 hole-equation(s) ) 
using Bank/Rose nonlinear solver.

Iteration   |Rhs|      factor     |step|     error   #inner  #iterative  time
------------------------------------------------------------------------------
    0      1.11e+00                                                      3.97
    1      5.27e-07   1.00e+00   1.73e-07   5.99e-03    0         1     21.19
Finished, because...
Error smaller than 1 ( 5.9928E-03 ).

Accumulated times:
Assembly time:        9.25 s
Solve time:     11.90 s
Total time:     21.19 s

contact        voltage     electron current    hole current  conduction current
 drain_N      7.000E-01       1.156E-19         3.676E-35        1.156E-19
 drain_P      0.000E+00      -3.490E-37         9.175E-20        9.175E-20
 gate         3.277E-03       0.000E+00         0.000E+00        0.000E+00
 source_N     0.000E+00       5.335E-20         2.038E-35        5.335E-20
 source_P     0.000E+00      -2.859E-37        -1.817E-20       -1.817E-20

Computing step from t=3.2775e-03 to t=4.9153e-03 (Stepsize: 1.6378e-03) :
Extrapolating values for t = 4.9153e-03 ... done.
Computing Coupled( 1 poisson-equation(s) , 1 current-contact-equation(s) , 
                   1 electron-equation(s) , 1 hole-equation(s) ) 
using Bank/Rose nonlinear solver.

Iteration   |Rhs|      factor     |step|     error   #inner  #iterative  time
------------------------------------------------------------------------------
    0      2.02e+00                                                      4.00
    1      1.83e-06   1.00e+00   3.16e-07   1.09e-02    0         1     21.30
Finished, because...
Error smaller than 1 ( 1.0914E-02 ).

Accumulated times:
Assembly time:        9.24 s
Solve time:     12.02 s
Total time:     21.30 s

contact        voltage     electron current    hole current  conduction current
 drain_N      7.000E-01      -5.539E-21         8.793E-35       -5.539E-21
 drain_P      0.000E+00      -1.504E-36         2.876E-20        2.876E-20
 gate         4.915E-03       0.000E+00         0.000E+00        0.000E+00
 source_N     0.000E+00       1.380E-20         2.134E-35        1.380E-20
 source_P     0.000E+00      -1.299E-36        -3.136E-20       -3.136E-20

Computing step from t=4.9153e-03 to t=5.0000e-03 (Stepsize: 8.4716e-05) :
Extrapolating values for t = 5.0000e-03 ... done.
Computing Coupled( 1 poisson-equation(s) , 1 current-contact-equation(s) , 
                   1 electron-equation(s) , 1 hole-equation(s) ) 
using Bank/Rose nonlinear solver.

Iteration   |Rhs|      factor     |step|     error   #inner  #iterative  time
------------------------------------------------------------------------------
    0      6.32e-02                                                      3.96
    1      1.16e-07   1.00e+00   9.88e-09   3.41e-04    0         1     21.20
Finished, because...
Error smaller than 1 ( 3.4091E-04 ).

Accumulated times:
Assembly time:        9.23 s
Solve time:     11.93 s
Total time:     21.20 s

contact        voltage     electron current    hole current  conduction current
 drain_N      7.000E-01       3.676E-20         1.397E-35        3.676E-20
 drain_P      0.000E+00       1.459E-37         7.703E-20        7.703E-20
 gate         5.000E-03       0.000E+00         0.000E+00        0.000E+00
 source_N     0.000E+00      -5.057E-20         1.991E-35       -5.057E-20
 source_P     0.000E+00       1.348E-37        -4.629E-20       -4.629E-20

Computing step from t=5.0000e-03 to t=7.2110e-03 (Stepsize: 2.2110e-03) :
Extrapolating values for t = 7.2110e-03 ... done.
Computing Coupled( 1 poisson-equation(s) , 1 current-contact-equation(s) , 
                   1 electron-equation(s) , 1 hole-equation(s) ) 
using Bank/Rose nonlinear solver.

Iteration   |Rhs|      factor     |step|     error   #inner  #iterative  time
------------------------------------------------------------------------------
    0      3.90e+00                                                      4.00
    1      6.12e-06   1.00e+00   6.11e-07   2.11e-02    0         1     21.23
Finished, because...
Error smaller than 1 ( 2.1088E-02 ).

Accumulated times:
Assembly time:        9.29 s
Solve time:     11.90 s
Total time:     21.23 s

contact        voltage     electron current    hole current  conduction current
 drain_N      7.000E-01       1.848E-19         2.869E-34        1.848E-19
 drain_P      0.000E+00      -6.029E-36        -4.950E-21       -4.950E-21
 gate         7.211E-03       0.000E+00         0.000E+00        0.000E+00
 source_N     0.000E+00       7.474E-20         2.482E-35        7.474E-20
 source_P     0.000E+00      -5.315E-36         2.929E-20        2.929E-20

Computing step from t=7.2110e-03 to t=0.01 (Stepsize: 2.7890e-03) :
Extrapolating values for t = 0.01 ... done.
Computing Coupled( 1 poisson-equation(s) , 1 current-contact-equation(s) , 
                   1 electron-equation(s) , 1 hole-equation(s) ) 
using Bank/Rose nonlinear solver.

Iteration   |Rhs|      factor     |step|     error   #inner  #iterative  time
------------------------------------------------------------------------------
    0      6.10e+00                                                      4.00
    1      1.41e-05   1.00e+00   9.60e-07   3.31e-02    0         1     21.37
Finished, because...
Error smaller than 1 ( 3.3075E-02 ).

Accumulated times:
Assembly time:        9.25 s
Solve time:     12.08 s
Total time:     21.37 s

contact        voltage     electron current    hole current  conduction current
 drain_N      7.000E-01      -1.719E-19         6.820E-34       -1.719E-19
 drain_P      0.000E+00      -1.556E-35        -4.997E-20       -4.997E-20
 gate         1.000E-02       0.000E+00         0.000E+00        0.000E+00
 source_N     0.000E+00       5.332E-20         3.128E-35        5.332E-20
 source_P     0.000E+00      -1.387E-35         1.808E-20        1.808E-20

Computing step from t=0.01 to t=0.0129849 (Stepsize: 2.9849e-03) :
Extrapolating values for t = 0.0129849 ... done.
Computing Coupled( 1 poisson-equation(s) , 1 current-contact-equation(s) , 
                   1 electron-equation(s) , 1 hole-equation(s) ) 
using Bank/Rose nonlinear solver.

Iteration   |Rhs|      factor     |step|     error   #inner  #iterative  time
------------------------------------------------------------------------------
    0      7.40e+00                                                      3.98
    1      2.02e-05   1.00e+00   1.17e-06   4.01e-02    0         1     21.13
Finished, because...
Error smaller than 1 ( 4.0136E-02 ).

Accumulated times:
Assembly time:        9.20 s
Solve time:     11.89 s
Total time:     21.13 s

contact        voltage     electron current    hole current  conduction current
 drain_N      7.000E-01      -4.495E-20         9.990E-34       -4.495E-20
 drain_P      0.000E+00      -2.407E-35         2.261E-20        2.261E-20
 gate         1.298E-02       0.000E+00         0.000E+00        0.000E+00
 source_N     0.000E+00       6.216E-20         3.582E-35        6.216E-20
 source_P     0.000E+00      -2.151E-35         1.684E-20        1.684E-20

Computing step from t=0.0129849 to t=0.015 (Stepsize: 2.0151e-03) :
Extrapolating values for t = 0.015 ... done.
Computing Coupled( 1 poisson-equation(s) , 1 current-contact-equation(s) , 
                   1 electron-equation(s) , 1 hole-equation(s) ) 
using Bank/Rose nonlinear solver.

Iteration   |Rhs|      factor     |step|     error   #inner  #iterative  time
------------------------------------------------------------------------------
    0      4.32e+00                                                      3.96
    1      7.52e-06   1.00e+00   6.82e-07   2.34e-02    0         1     21.21
Finished, because...
Error smaller than 1 ( 2.3431E-02 ).

Accumulated times:
Assembly time:        9.25 s
Solve time:     11.93 s
Total time:     21.21 s

contact        voltage     electron current    hole current  conduction current
 drain_N      7.000E-01      -1.633E-20         3.550E-34       -1.633E-20
 drain_P      0.000E+00      -8.606E-36         7.873E-21        7.873E-21
 gate         1.500E-02       0.000E+00         0.000E+00        0.000E+00
 source_N     0.000E+00      -3.424E-20         2.525E-35       -3.424E-20
 source_P     0.000E+00      -7.728E-36        -5.192E-21       -5.192E-21

Computing step from t=0.015 to t=0.0190296 (Stepsize: 4.0296e-03) :
Extrapolating values for t = 0.0190296 ... done.
Computing Coupled( 1 poisson-equation(s) , 1 current-contact-equation(s) , 
                   1 electron-equation(s) , 1 hole-equation(s) ) 
using Bank/Rose nonlinear solver.

Iteration   |Rhs|      factor     |step|     error   #inner  #iterative  time
------------------------------------------------------------------------------
    0      1.04e+01                                                      3.98
    1      3.79e-05   1.00e+00   1.65e-06   5.65e-02    0         1     21.18
Finished, because...
Error smaller than 1 ( 5.6547E-02 ).

Accumulated times:
Assembly time:        9.22 s
Solve time:     11.91 s
Total time:     21.18 s

contact        voltage     electron current    hole current  conduction current
 drain_N      7.000E-01       3.668E-20         1.913E-33        3.668E-20
 drain_P      0.000E+00      -5.276E-35         2.969E-20        2.969E-20
 gate         1.903E-02       0.000E+00         0.000E+00        0.000E+00
 source_N     0.000E+00      -3.119E-20         4.684E-35       -3.119E-20
 source_P     0.000E+00      -4.727E-35        -6.401E-21       -6.401E-21

Computing step from t=0.0190296 to t=0.02 (Stepsize: 9.7042e-04) :
Extrapolating values for t = 0.02 ... done.
Computing Coupled( 1 poisson-equation(s) , 1 current-contact-equation(s) , 
                   1 electron-equation(s) , 1 hole-equation(s) ) 
using Bank/Rose nonlinear solver.

Iteration   |Rhs|      factor     |step|     error   #inner  #iterative  time
------------------------------------------------------------------------------
    0      2.07e+00                                                      3.97
    1      1.98e-06   1.00e+00   3.28e-07   1.12e-02    0         1     21.08
Finished, because...
Error smaller than 1 ( 1.1250E-02 ).

Accumulated times:
Assembly time:        9.18 s
Solve time:     11.85 s
Total time:     21.08 s

contact        voltage     electron current    hole current  conduction current
 drain_N      7.000E-01      -1.518E-20         9.478E-35       -1.518E-20
 drain_P      0.000E+00      -2.099E-36         2.374E-20        2.374E-20
 gate         2.000E-02       0.000E+00         0.000E+00        0.000E+00
 source_N     0.000E+00      -5.965E-20         2.109E-35       -5.965E-20
 source_P     0.000E+00      -1.863E-36         1.322E-21        1.322E-21

Computing step from t=0.02 to t=0.025 (Stepsize: 5.0000e-03) :
Extrapolating values for t = 0.025 ... done.
Computing Coupled( 1 poisson-equation(s) , 1 current-contact-equation(s) , 
                   1 electron-equation(s) , 1 hole-equation(s) ) 
using Bank/Rose nonlinear solver.

Iteration   |Rhs|      factor     |step|     error   #inner  #iterative  time
------------------------------------------------------------------------------
    0      2.53e+01                                                      3.97
    1      1.78e-04   1.00e+00   4.04e-06   1.38e-01    0         1     21.24
Finished, because...
Error smaller than 1 ( 1.3829E-01 ).

Accumulated times:
Assembly time:        9.25 s
Solve time:     11.96 s
Total time:     21.24 s

contact        voltage     electron current    hole current  conduction current
 drain_N      7.000E-01       3.895E-20         1.161E-32        3.895E-20
 drain_P      0.000E+00      -3.414E-34        -7.258E-21       -7.258E-21
 gate         2.500E-02       0.000E+00         0.000E+00        0.000E+00
 source_N     0.000E+00      -5.319E-20         1.684E-34       -5.319E-20
 source_P     0.000E+00      -3.065E-34        -5.492E-20       -5.492E-20

Computing step from t=0.025 to t=0.03 (Stepsize: 5.0000e-03) :
Extrapolating values for t = 0.03 ... done.
Computing Coupled( 1 poisson-equation(s) , 1 current-contact-equation(s) , 
                   1 electron-equation(s) , 1 hole-equation(s) ) 
using Bank/Rose nonlinear solver.

Iteration   |Rhs|      factor     |step|     error   #inner  #iterative  time
------------------------------------------------------------------------------
    0      2.32e+01                                                      4.01
    1      1.55e-04   1.00e+00   3.71e-06   1.27e-01    0         1     21.21
Finished, because...
Error smaller than 1 ( 1.2664E-01 ).

Accumulated times:
Assembly time:        9.24 s
Solve time:     11.94 s
Total time:     21.21 s

contact        voltage     electron current    hole current  conduction current
 drain_N      7.000E-01      -7.048E-20         9.864E-33       -7.048E-20
 drain_P      0.000E+00      -3.130E-34         1.781E-20        1.781E-20
 gate         3.000E-02       0.000E+00         0.000E+00        0.000E+00
 source_N     0.000E+00       1.203E-20         1.362E-34        1.203E-20
 source_P     0.000E+00      -2.818E-34        -1.556E-20       -1.556E-20

Computing step from t=0.03 to t=0.035 (Stepsize: 5.0000e-03) :
Extrapolating values for t = 0.035 ... done.
Computing Coupled( 1 poisson-equation(s) , 1 current-contact-equation(s) , 
                   1 electron-equation(s) , 1 hole-equation(s) ) 
using Bank/Rose nonlinear solver.

Iteration   |Rhs|      factor     |step|     error   #inner  #iterative  time
------------------------------------------------------------------------------
    0      2.10e+01                                                      4.03
    1      1.32e-04   1.00e+00   3.38e-06   1.15e-01    0         1     21.20
Finished, because...
Error smaller than 1 ( 1.1503E-01 ).

Accumulated times:
Assembly time:        9.26 s
Solve time:     11.89 s
Total time:     21.20 s

contact        voltage     electron current    hole current  conduction current
 drain_N      7.000E-01       7.299E-20         8.225E-33        7.299E-20
 drain_P      0.000E+00      -2.829E-34         2.110E-20        2.110E-20
 gate         3.500E-02       0.000E+00         0.000E+00        0.000E+00
 source_N     0.000E+00       7.945E-20         1.088E-34        7.945E-20
 source_P     0.000E+00      -2.544E-34        -1.592E-20       -1.592E-20

Computing step from t=0.035 to t=0.04 (Stepsize: 5.0000e-03) :
Extrapolating values for t = 0.04 ... done.
Computing Coupled( 1 poisson-equation(s) , 1 current-contact-equation(s) , 
                   1 electron-equation(s) , 1 hole-equation(s) ) 
using Bank/Rose nonlinear solver.

Iteration   |Rhs|      factor     |step|     error   #inner  #iterative  time
------------------------------------------------------------------------------
    0      2.10e+01                                                      3.98
    1      1.33e-04   1.00e+00   3.38e-06   1.15e-01    0         1     21.30
Finished, because...
Error smaller than 1 ( 1.1468E-01 ).

Accumulated times:
Assembly time:        9.24 s
Solve time:     12.02 s
Total time:     21.30 s

contact        voltage     electron current    hole current  conduction current
 drain_N      7.000E-01      -7.094E-22         8.242E-33       -7.094E-22
 drain_P      0.000E+00      -3.078E-34        -3.218E-20       -3.218E-20
 gate         4.000E-02       0.000E+00         0.000E+00        0.000E+00
 source_N     0.000E+00       6.146E-20         1.015E-34        6.146E-20
 source_P     0.000E+00      -2.764E-34         3.546E-20        3.546E-20

Computing step from t=0.04 to t=0.045 (Stepsize: 5.0000e-03) :
Extrapolating values for t = 0.045 ... done.
Computing Coupled( 1 poisson-equation(s) , 1 current-contact-equation(s) , 
                   1 electron-equation(s) , 1 hole-equation(s) ) 
using Bank/Rose nonlinear solver.

Iteration   |Rhs|      factor     |step|     error   #inner  #iterative  time
------------------------------------------------------------------------------
    0      2.09e+01                                                      4.31
    1      1.34e-04   1.00e+00   3.38e-06   1.14e-01    0         1     21.51
Finished, because...
Error smaller than 1 ( 1.1432E-01 ).

Accumulated times:
Assembly time:        9.56 s
Solve time:     11.91 s
Total time:     21.51 s

contact        voltage     electron current    hole current  conduction current
 drain_N      7.000E-01      -1.228E-19         8.262E-33       -1.228E-19
 drain_P      0.000E+00      -3.347E-34        -1.016E-20       -1.016E-20
 gate         4.500E-02       0.000E+00         0.000E+00        0.000E+00
 source_N     0.000E+00       2.170E-20         9.506E-35        2.170E-20
 source_P     0.000E+00      -3.007E-34         4.642E-20        4.642E-20

Computing step from t=0.045 to t=0.05 (Stepsize: 5.0000e-03) :
Extrapolating values for t = 0.05 ... done.
Computing Coupled( 1 poisson-equation(s) , 1 current-contact-equation(s) , 
                   1 electron-equation(s) , 1 hole-equation(s) ) 
using Bank/Rose nonlinear solver.

Iteration   |Rhs|      factor     |step|     error   #inner  #iterative  time
------------------------------------------------------------------------------
    0      2.08e+01                                                      3.97
    1      1.35e-04   1.00e+00   3.37e-06   1.14e-01    0         1     21.08
Finished, because...
Error smaller than 1 ( 1.1398E-01 ).

Accumulated times:
Assembly time:        9.21 s
Solve time:     11.83 s
Total time:     21.08 s

contact        voltage     electron current    hole current  conduction current
 drain_N      7.000E-01      -7.417E-20         8.280E-33       -7.417E-20
 drain_P      0.000E+00      -3.649E-34        -2.238E-20       -2.238E-20
 gate         5.000E-02       0.000E+00         0.000E+00        0.000E+00
 source_N     0.000E+00       9.702E-21         8.906E-35        9.702E-21
 source_P     0.000E+00      -3.273E-34        -2.321E-22       -2.321E-22

Computing step from t=0.05 to t=0.055 (Stepsize: 5.0000e-03) :
Extrapolating values for t = 0.055 ... done.
Computing Coupled( 1 poisson-equation(s) , 1 current-contact-equation(s) , 
                   1 electron-equation(s) , 1 hole-equation(s) ) 
using Bank/Rose nonlinear solver.

Iteration   |Rhs|      factor     |step|     error   #inner  #iterative  time
------------------------------------------------------------------------------
    0      2.07e+01                                                      3.99
    1      1.36e-04   1.00e+00   3.37e-06   1.14e-01    0         1     21.15
Finished, because...
Error smaller than 1 ( 1.1366E-01 ).

Accumulated times:
Assembly time:        9.24 s
Solve time:     11.88 s
Total time:     21.15 s

contact        voltage     electron current    hole current  conduction current
 drain_N      7.000E-01      -1.412E-20         8.297E-33       -1.412E-20
 drain_P      0.000E+00      -3.975E-34        -3.455E-20       -3.455E-20
 gate         5.500E-02       0.000E+00         0.000E+00        0.000E+00
 source_N     0.000E+00      -2.203E-20         8.356E-35       -2.203E-20
 source_P     0.000E+00      -3.569E-34         1.914E-20        1.914E-20

Computing step from t=0.055 to t=0.06 (Stepsize: 5.0000e-03) :
Extrapolating values for t = 0.06 ... done.
Computing Coupled( 1 poisson-equation(s) , 1 current-contact-equation(s) , 
                   1 electron-equation(s) , 1 hole-equation(s) ) 
using Bank/Rose nonlinear solver.

Iteration   |Rhs|      factor     |step|     error   #inner  #iterative  time
------------------------------------------------------------------------------
    0      2.06e+01                                                      3.99
    1      1.37e-04   1.00e+00   3.37e-06   1.13e-01    0         1     21.12
Finished, because...
Error smaller than 1 ( 1.1333E-01 ).

Accumulated times:
Assembly time:        9.22 s
Solve time:     11.86 s
Total time:     21.12 s

contact        voltage     electron current    hole current  conduction current
 drain_N      7.000E-01       3.585E-20         8.314E-33        3.585E-20
 drain_P      0.000E+00      -4.326E-34        -4.570E-21       -4.570E-21
 gate         6.000E-02       0.000E+00         0.000E+00        0.000E+00
 source_N     0.000E+00      -5.286E-20         7.851E-35       -5.286E-20
 source_P     0.000E+00      -3.884E-34         6.337E-20        6.337E-20

Computing step from t=0.06 to t=0.065 (Stepsize: 5.0000e-03) :
Extrapolating values for t = 0.065 ... done.
Computing Coupled( 1 poisson-equation(s) , 1 current-contact-equation(s) , 
                   1 electron-equation(s) , 1 hole-equation(s) ) 
using Bank/Rose nonlinear solver.

Iteration   |Rhs|      factor     |step|     error   #inner  #iterative  time
------------------------------------------------------------------------------
    0      2.06e+01                                                      3.99
    1      1.37e-04   1.00e+00   3.37e-06   1.13e-01    0         1     21.19
Finished, because...
Error smaller than 1 ( 1.1303E-01 ).

Accumulated times:
Assembly time:        9.27 s
Solve time:     11.87 s
Total time:     21.19 s

contact        voltage     electron current    hole current  conduction current
 drain_N      7.000E-01      -2.994E-20         8.330E-33       -2.994E-20
 drain_P      0.000E+00      -4.716E-34        -1.385E-20       -1.385E-20
 gate         6.500E-02       0.000E+00         0.000E+00        0.000E+00
 source_N     0.000E+00      -1.062E-20         7.390E-35       -1.062E-20
 source_P     0.000E+00      -4.232E-34         3.519E-20        3.519E-20

Computing step from t=0.065 to t=0.07 (Stepsize: 5.0000e-03) :
Extrapolating values for t = 0.07 ... done.
Computing Coupled( 1 poisson-equation(s) , 1 current-contact-equation(s) , 
                   1 electron-equation(s) , 1 hole-equation(s) ) 
using Bank/Rose nonlinear solver.

Iteration   |Rhs|      factor     |step|     error   #inner  #iterative  time
------------------------------------------------------------------------------
    0      2.05e+01                                                      3.99
    1      1.38e-04   1.00e+00   3.37e-06   1.13e-01    0         1     21.21
Finished, because...
Error smaller than 1 ( 1.1273E-01 ).

Accumulated times:
Assembly time:        9.26 s
Solve time:     11.92 s
Total time:     21.21 s

contact        voltage     electron current    hole current  conduction current
 drain_N      7.000E-01       1.026E-20         8.346E-33        1.026E-20
 drain_P      0.000E+00      -5.140E-34        -6.949E-22       -6.949E-22
 gate         7.000E-02       0.000E+00         0.000E+00        0.000E+00
 source_N     0.000E+00      -2.327E-20         6.969E-35       -2.327E-20
 source_P     0.000E+00      -4.612E-34        -5.601E-20       -5.601E-20

Computing step from t=0.07 to t=0.075 (Stepsize: 5.0000e-03) :
Extrapolating values for t = 0.075 ... done.
Computing Coupled( 1 poisson-equation(s) , 1 current-contact-equation(s) , 
                   1 electron-equation(s) , 1 hole-equation(s) ) 
using Bank/Rose nonlinear solver.

Iteration   |Rhs|      factor     |step|     error   #inner  #iterative  time
------------------------------------------------------------------------------
    0      2.04e+01                                                      3.98
    1      1.39e-04   1.00e+00   3.37e-06   1.12e-01    0         1     21.01
Finished, because...
Error smaller than 1 ( 1.1243E-01 ).

Accumulated times:
Assembly time:        9.19 s
Solve time:     11.80 s
Total time:     21.01 s

contact        voltage     electron current    hole current  conduction current
 drain_N      7.000E-01       2.936E-20         8.362E-33        2.936E-20
 drain_P      0.000E+00      -5.593E-34         6.270E-21        6.270E-21
 gate         7.500E-02       0.000E+00         0.000E+00        0.000E+00
 source_N     0.000E+00       2.126E-20         6.579E-35        2.126E-20
 source_P     0.000E+00      -5.024E-34        -2.057E-20       -2.057E-20

Computing step from t=0.075 to t=0.08 (Stepsize: 5.0000e-03) :
Extrapolating values for t = 0.08 ... done.
Computing Coupled( 1 poisson-equation(s) , 1 current-contact-equation(s) , 
                   1 electron-equation(s) , 1 hole-equation(s) ) 
using Bank/Rose nonlinear solver.

Iteration   |Rhs|      factor     |step|     error   #inner  #iterative  time
------------------------------------------------------------------------------
    0      2.03e+01                                                      4.01
    1      1.40e-04   1.00e+00   3.37e-06   1.12e-01    0         1     21.42
Finished, because...
Error smaller than 1 ( 1.1213E-01 ).

Accumulated times:
Assembly time:        9.26 s
Solve time:     12.13 s
Total time:     21.42 s

contact        voltage     electron current    hole current  conduction current
 drain_N      7.000E-01       9.024E-20         8.377E-33        9.024E-20
 drain_P      0.000E+00      -6.087E-34         2.362E-20        2.362E-20
 gate         8.000E-02       0.000E+00         0.000E+00        0.000E+00
 source_N     0.000E+00      -2.557E-20         6.220E-35       -2.557E-20
 source_P     0.000E+00      -5.466E-34        -3.666E-21       -3.666E-21

Computing step from t=0.08 to t=0.085 (Stepsize: 5.0000e-03) :
Extrapolating values for t = 0.085 ... done.
Computing Coupled( 1 poisson-equation(s) , 1 current-contact-equation(s) , 
                   1 electron-equation(s) , 1 hole-equation(s) ) 
using Bank/Rose nonlinear solver.

Iteration   |Rhs|      factor     |step|     error   #inner  #iterative  time
------------------------------------------------------------------------------
    0      2.02e+01                                                      3.99
    1      1.41e-04   1.00e+00   3.37e-06   1.12e-01    0         1     21.28
Finished, because...
Error smaller than 1 ( 1.1185E-01 ).

Accumulated times:
Assembly time:        9.26 s
Solve time:     11.98 s
Total time:     21.28 s

contact        voltage     electron current    hole current  conduction current
 drain_N      7.000E-01       8.627E-20         8.392E-33        8.627E-20
 drain_P      0.000E+00      -6.628E-34        -2.922E-20       -2.922E-20
 gate         8.500E-02       0.000E+00         0.000E+00        0.000E+00
 source_N     0.000E+00       4.993E-21         5.894E-35        4.993E-21
 source_P     0.000E+00      -5.948E-34         5.635E-21        5.635E-21

Computing step from t=0.085 to t=0.09 (Stepsize: 5.0000e-03) :
Extrapolating values for t = 0.09 ... done.
Computing Coupled( 1 poisson-equation(s) , 1 current-contact-equation(s) , 
                   1 electron-equation(s) , 1 hole-equation(s) ) 
using Bank/Rose nonlinear solver.

Iteration   |Rhs|      factor     |step|     error   #inner  #iterative  time
------------------------------------------------------------------------------
    0      2.02e+01                                                      3.98
    1      1.42e-04   1.00e+00   3.37e-06   1.12e-01    0         1     21.17
Finished, because...
Error smaller than 1 ( 1.1159E-01 ).

Accumulated times:
Assembly time:        9.21 s
Solve time:     11.93 s
Total time:     21.17 s

contact        voltage     electron current    hole current  conduction current
 drain_N      7.000E-01      -1.219E-19         8.406E-33       -1.219E-19
 drain_P      0.000E+00      -7.214E-34        -5.567E-21       -5.567E-21
 gate         9.000E-02       0.000E+00         0.000E+00        0.000E+00
 source_N     0.000E+00      -3.940E-20         5.597E-35       -3.940E-20
 source_P     0.000E+00      -6.475E-34         4.629E-21        4.629E-21

Computing step from t=0.09 to t=0.095 (Stepsize: 5.0000e-03) :
Extrapolating values for t = 0.095 ... done.
Computing Coupled( 1 poisson-equation(s) , 1 current-contact-equation(s) , 
                   1 electron-equation(s) , 1 hole-equation(s) ) 
using Bank/Rose nonlinear solver.

Iteration   |Rhs|      factor     |step|     error   #inner  #iterative  time
------------------------------------------------------------------------------
    0      2.01e+01                                                      4.00
    1      1.43e-04   1.00e+00   3.37e-06   1.11e-01    0         1     21.25
Finished, because...
Error smaller than 1 ( 1.1133E-01 ).

Accumulated times:
Assembly time:        9.30 s
Solve time:     11.91 s
Total time:     21.25 s

contact        voltage     electron current    hole current  conduction current
 drain_N      7.000E-01       5.025E-20         8.419E-33        5.025E-20
 drain_P      0.000E+00      -7.849E-34        -2.376E-20       -2.376E-20
 gate         9.500E-02       0.000E+00         0.000E+00        0.000E+00
 source_N     0.000E+00      -2.513E-20         5.323E-35       -2.513E-20
 source_P     0.000E+00      -7.046E-34         1.539E-20        1.539E-20

Computing step from t=0.095 to t=0.1 (Stepsize: 5.0000e-03) :
Extrapolating values for t = 0.1 ... done.
Computing Coupled( 1 poisson-equation(s) , 1 current-contact-equation(s) , 
                   1 electron-equation(s) , 1 hole-equation(s) ) 
using Bank/Rose nonlinear solver.

Iteration   |Rhs|      factor     |step|     error   #inner  #iterative  time
------------------------------------------------------------------------------
    0      2.00e+01                                                      4.02
    1      1.44e-04   1.00e+00   3.37e-06   1.11e-01    0         1     21.32
Finished, because...
Error smaller than 1 ( 1.1107E-01 ).

Accumulated times:
Assembly time:        9.28 s
Solve time:     12.01 s
Total time:     21.32 s

contact        voltage     electron current    hole current  conduction current
 drain_N      7.000E-01       7.685E-20         8.433E-33        7.685E-20
 drain_P      0.000E+00      -8.527E-34         1.969E-21        1.969E-21
 gate         1.000E-01       0.000E+00         0.000E+00        0.000E+00
 source_N     0.000E+00      -7.294E-20         5.069E-35       -7.294E-20
 source_P     0.000E+00      -7.659E-34         2.576E-20        2.576E-20

Computing step from t=0.1 to t=0.105 (Stepsize: 5.0000e-03) :
Extrapolating values for t = 0.105 ... done.
Computing Coupled( 1 poisson-equation(s) , 1 current-contact-equation(s) , 
                   1 electron-equation(s) , 1 hole-equation(s) ) 
using Bank/Rose nonlinear solver.

Iteration   |Rhs|      factor     |step|     error   #inner  #iterative  time
------------------------------------------------------------------------------
    0      1.99e+01                                                      3.98
    1      1.44e-04   1.00e+00   3.37e-06   1.11e-01    0         1     21.14
Finished, because...
Error smaller than 1 ( 1.1080E-01 ).

Accumulated times:
Assembly time:        9.22 s
Solve time:     11.88 s
Total time:     21.14 s

contact        voltage     electron current    hole current  conduction current
 drain_N      7.000E-01       7.549E-20         8.446E-33        7.549E-20
 drain_P      0.000E+00      -9.261E-34        -2.729E-20       -2.729E-20
 gate         1.050E-01       0.000E+00         0.000E+00        0.000E+00
 source_N     0.000E+00       4.584E-20         4.837E-35        4.584E-20
 source_P     0.000E+00      -8.318E-34        -4.494E-20       -4.494E-20

Computing step from t=0.105 to t=0.11 (Stepsize: 5.0000e-03) :
Extrapolating values for t = 0.11 ... done.
Computing Coupled( 1 poisson-equation(s) , 1 current-contact-equation(s) , 
                   1 electron-equation(s) , 1 hole-equation(s) ) 
using Bank/Rose nonlinear solver.

Iteration   |Rhs|      factor     |step|     error   #inner  #iterative  time
------------------------------------------------------------------------------
    0      1.98e+01                                                      4.35
    1      1.45e-04   1.00e+00   3.37e-06   1.11e-01    0         1     21.79
Finished, because...
Error smaller than 1 ( 1.1055E-01 ).

Accumulated times:
Assembly time:        9.61 s
Solve time:     12.13 s
Total time:     21.79 s

contact        voltage     electron current    hole current  conduction current
 drain_N      7.000E-01      -3.456E-20         8.459E-33       -3.456E-20
 drain_P      0.000E+00      -1.006E-33        -2.114E-20       -2.114E-20
 gate         1.100E-01       0.000E+00         0.000E+00        0.000E+00
 source_N     0.000E+00       1.839E-20         4.624E-35        1.839E-20
 source_P     0.000E+00      -9.033E-34         1.515E-21        1.515E-21

Computing step from t=0.11 to t=0.115 (Stepsize: 5.0000e-03) :
Extrapolating values for t = 0.115 ... done.
Computing Coupled( 1 poisson-equation(s) , 1 current-contact-equation(s) , 
                   1 electron-equation(s) , 1 hole-equation(s) ) 
using Bank/Rose nonlinear solver.

Iteration   |Rhs|      factor     |step|     error   #inner  #iterative  time
------------------------------------------------------------------------------
    0      1.98e+01                                                      4.02
    1      1.46e-04   1.00e+00   3.37e-06   1.10e-01    0         1     21.55
Finished, because...
Error smaller than 1 ( 1.1030E-01 ).

Accumulated times:
Assembly time:        9.35 s
Solve time:     12.16 s
Total time:     21.55 s

contact        voltage     electron current    hole current  conduction current
 drain_N      7.000E-01      -7.550E-20         8.471E-33       -7.550E-20
 drain_P      0.000E+00      -1.092E-33         4.373E-20        4.373E-20
 gate         1.150E-01       0.000E+00         0.000E+00        0.000E+00
 source_N     0.000E+00       1.600E-20         4.432E-35        1.600E-20
 source_P     0.000E+00      -9.806E-34        -3.361E-20       -3.361E-20

Computing step from t=0.115 to t=0.12 (Stepsize: 5.0000e-03) :
Extrapolating values for t = 0.12 ... done.
Computing Coupled( 1 poisson-equation(s) , 1 current-contact-equation(s) , 
                   1 electron-equation(s) , 1 hole-equation(s) ) 
using Bank/Rose nonlinear solver.

Iteration   |Rhs|      factor     |step|     error   #inner  #iterative  time
------------------------------------------------------------------------------
    0      1.98e+01                                                      3.97
    1      1.47e-04   1.00e+00   3.37e-06   1.10e-01    0         1     21.36
Finished, because...
Error smaller than 1 ( 1.1008E-01 ).

Accumulated times:
Assembly time:        9.25 s
Solve time:     12.07 s
Total time:     21.36 s

contact        voltage     electron current    hole current  conduction current
 drain_N      7.000E-01      -1.292E-20         8.482E-33       -1.292E-20
 drain_P      0.000E+00      -1.184E-33         2.691E-20        2.691E-20
 gate         1.200E-01       0.000E+00         0.000E+00        0.000E+00
 source_N     0.000E+00       4.940E-20         4.249E-35        4.940E-20
 source_P     0.000E+00      -1.064E-33        -6.984E-21       -6.984E-21

Computing step from t=0.12 to t=0.125 (Stepsize: 5.0000e-03) :
Extrapolating values for t = 0.125 ... done.
Computing Coupled( 1 poisson-equation(s) , 1 current-contact-equation(s) , 
                   1 electron-equation(s) , 1 hole-equation(s) ) 
using Bank/Rose nonlinear solver.

Iteration   |Rhs|      factor     |step|     error   #inner  #iterative  time
------------------------------------------------------------------------------
    0      1.98e+01                                                      4.04
    1      1.48e-04   1.00e+00   3.37e-06   1.10e-01    0         1     21.49
Finished, because...
Error smaller than 1 ( 1.0986E-01 ).

Accumulated times:
Assembly time:        9.34 s
Solve time:     12.11 s
Total time:     21.49 s

contact        voltage     electron current    hole current  conduction current
 drain_N      7.000E-01      -3.724E-20         8.493E-33       -3.724E-20
 drain_P      0.000E+00      -1.285E-33         2.630E-20        2.630E-20
 gate         1.250E-01       0.000E+00         0.000E+00        0.000E+00
 source_N     0.000E+00       6.553E-21         4.083E-35        6.553E-21
 source_P     0.000E+00      -1.155E-33        -1.991E-20       -1.991E-20

Computing step from t=0.125 to t=0.13 (Stepsize: 5.0000e-03) :
Extrapolating values for t = 0.13 ... done.
Computing Coupled( 1 poisson-equation(s) , 1 current-contact-equation(s) , 
                   1 electron-equation(s) , 1 hole-equation(s) ) 
using Bank/Rose nonlinear solver.

Iteration   |Rhs|      factor     |step|     error   #inner  #iterative  time
------------------------------------------------------------------------------
    0      1.98e+01                                                      4.02
    1      1.49e-04   1.00e+00   3.37e-06   1.10e-01    0         1     21.44
Finished, because...
Error smaller than 1 ( 1.0966E-01 ).

Accumulated times:
Assembly time:        9.38 s
Solve time:     12.02 s
Total time:     21.44 s

contact        voltage     electron current    hole current  conduction current
 drain_N      7.000E-01      -2.989E-20         8.503E-33       -2.989E-20
 drain_P      0.000E+00      -1.392E-33         4.037E-20        4.037E-20
 gate         1.300E-01       0.000E+00         0.000E+00        0.000E+00
 source_N     0.000E+00       2.213E-20         3.929E-35        2.213E-20
 source_P     0.000E+00      -1.252E-33         3.446E-20        3.446E-20

Computing step from t=0.13 to t=0.135 (Stepsize: 5.0000e-03) :
Extrapolating values for t = 0.135 ... done.
Computing Coupled( 1 poisson-equation(s) , 1 current-contact-equation(s) , 
                   1 electron-equation(s) , 1 hole-equation(s) ) 
using Bank/Rose nonlinear solver.

Iteration   |Rhs|      factor     |step|     error   #inner  #iterative  time
------------------------------------------------------------------------------
    0      1.97e+01                                                      3.97
    1      1.50e-04   1.00e+00   3.37e-06   1.09e-01    0         1     21.24
Finished, because...
Error smaller than 1 ( 1.0944E-01 ).

Accumulated times:
Assembly time:        9.21 s
Solve time:     12.00 s
Total time:     21.24 s

contact        voltage     electron current    hole current  conduction current
 drain_N      7.000E-01      -5.489E-21         8.513E-33       -5.489E-21
 drain_P      0.000E+00      -1.504E-33         1.823E-20        1.823E-20
 gate         1.350E-01       0.000E+00         0.000E+00        0.000E+00
 source_N     0.000E+00      -6.010E-20         3.790E-35       -6.010E-20
 source_P     0.000E+00      -1.352E-33         5.327E-21        5.327E-21

Computing step from t=0.135 to t=0.14 (Stepsize: 5.0000e-03) :
Extrapolating values for t = 0.14 ... done.
Computing Coupled( 1 poisson-equation(s) , 1 current-contact-equation(s) , 
                   1 electron-equation(s) , 1 hole-equation(s) ) 
using Bank/Rose nonlinear solver.

Iteration   |Rhs|      factor     |step|     error   #inner  #iterative  time
------------------------------------------------------------------------------
    0      1.97e+01                                                      4.04
    1      1.45e-04   1.00e+00   3.37e-06   1.09e-01    0         1     21.40
Finished, because...
Error smaller than 1 ( 1.0922E-01 ).

Accumulated times:
Assembly time:        9.30 s
Solve time:     12.05 s
Total time:     21.40 s

contact        voltage     electron current    hole current  conduction current
 drain_N      7.000E-01       1.253E-20         8.522E-33        1.253E-20
 drain_P      0.000E+00      -1.625E-33         6.161E-20        6.161E-20
 gate         1.400E-01       0.000E+00         0.000E+00        0.000E+00
 source_N     0.000E+00       4.818E-22         3.665E-35        4.818E-22
 source_P     0.000E+00      -1.461E-33        -9.726E-21       -9.726E-21

Computing step from t=0.14 to t=0.145 (Stepsize: 5.0000e-03) :
Extrapolating values for t = 0.145 ... done.
Computing Coupled( 1 poisson-equation(s) , 1 current-contact-equation(s) , 
                   1 electron-equation(s) , 1 hole-equation(s) ) 
using Bank/Rose nonlinear solver.

Iteration   |Rhs|      factor     |step|     error   #inner  #iterative  time
------------------------------------------------------------------------------
    0      1.97e+01                                                      4.00
    1      1.46e-04   1.00e+00   3.37e-06   1.09e-01    0         1     21.39
Finished, because...
Error smaller than 1 ( 1.0902E-01 ).

Accumulated times:
Assembly time:        9.26 s
Solve time:     12.09 s
Total time:     21.39 s

contact        voltage     electron current    hole current  conduction current
 drain_N      7.000E-01       6.318E-21         8.531E-33        6.318E-21
 drain_P      0.000E+00      -1.751E-33         3.147E-20        3.147E-20
 gate         1.450E-01       0.000E+00         0.000E+00        0.000E+00
 source_N     0.000E+00      -1.188E-20         3.542E-35       -1.188E-20
 source_P     0.000E+00      -1.576E-33         1.773E-20        1.773E-20

Computing step from t=0.145 to t=0.15 (Stepsize: 5.0000e-03) :
Extrapolating values for t = 0.15 ... done.
Computing Coupled( 1 poisson-equation(s) , 1 current-contact-equation(s) , 
                   1 electron-equation(s) , 1 hole-equation(s) ) 
using Bank/Rose nonlinear solver.

Iteration   |Rhs|      factor     |step|     error   #inner  #iterative  time
------------------------------------------------------------------------------
    0      1.97e+01                                                      4.00
    1      1.40e-04   1.00e+00   3.37e-06   1.09e-01    0         1     21.38
Finished, because...
Error smaller than 1 ( 1.0883E-01 ).

Accumulated times:
Assembly time:        9.26 s
Solve time:     12.10 s
Total time:     21.38 s

contact        voltage     electron current    hole current  conduction current
 drain_N      7.000E-01       3.420E-20         8.539E-33        3.420E-20
 drain_P      0.000E+00      -1.888E-33        -2.207E-20       -2.207E-20
 gate         1.500E-01       0.000E+00         0.000E+00        0.000E+00
 source_N     0.000E+00      -3.937E-20         3.435E-35       -3.937E-20
 source_P     0.000E+00      -1.699E-33        -6.679E-20       -6.679E-20

Computing step from t=0.15 to t=0.155 (Stepsize: 5.0000e-03) :
Extrapolating values for t = 0.155 ... done.
Computing Coupled( 1 poisson-equation(s) , 1 current-contact-equation(s) , 
                   1 electron-equation(s) , 1 hole-equation(s) ) 
using Bank/Rose nonlinear solver.

Iteration   |Rhs|      factor     |step|     error   #inner  #iterative  time
------------------------------------------------------------------------------
    0      1.97e+01                                                      3.99
    1      1.40e-04   1.00e+00   3.37e-06   1.09e-01    0         1     21.36
Finished, because...
Error smaller than 1 ( 1.0865E-01 ).

Accumulated times:
Assembly time:        9.26 s
Solve time:     12.07 s
Total time:     21.36 s

contact        voltage     electron current    hole current  conduction current
 drain_N      7.000E-01       4.438E-20         8.546E-33        4.438E-20
 drain_P      0.000E+00      -2.034E-33         2.769E-20        2.769E-20
 gate         1.550E-01       0.000E+00         0.000E+00        0.000E+00
 source_N     0.000E+00       4.089E-21         3.336E-35        4.089E-21
 source_P     0.000E+00      -1.830E-33        -2.068E-20       -2.068E-20

Computing step from t=0.155 to t=0.16 (Stepsize: 5.0000e-03) :
Extrapolating values for t = 0.16 ... done.
Computing Coupled( 1 poisson-equation(s) , 1 current-contact-equation(s) , 
                   1 electron-equation(s) , 1 hole-equation(s) ) 
using Bank/Rose nonlinear solver.

Iteration   |Rhs|      factor     |step|     error   #inner  #iterative  time
------------------------------------------------------------------------------
    0      1.97e+01                                                      3.99
    1      1.31e-04   1.00e+00   3.37e-06   1.08e-01    0         1     21.42
Finished, because...
Error smaller than 1 ( 1.0847E-01 ).

Accumulated times:
Assembly time:        9.29 s
Solve time:     12.08 s
Total time:     21.42 s

contact        voltage     electron current    hole current  conduction current
 drain_N      7.000E-01       7.559E-20         8.553E-33        7.559E-20
 drain_P      0.000E+00      -2.189E-33         2.537E-20        2.537E-20
 gate         1.600E-01       0.000E+00         0.000E+00        0.000E+00
 source_N     0.000E+00       5.351E-21         3.243E-35        5.351E-21
 source_P     0.000E+00      -1.970E-33        -3.224E-20       -3.224E-20

Computing step from t=0.16 to t=0.165 (Stepsize: 5.0000e-03) :
Extrapolating values for t = 0.165 ... done.
Computing Coupled( 1 poisson-equation(s) , 1 current-contact-equation(s) , 
                   1 electron-equation(s) , 1 hole-equation(s) ) 
using Bank/Rose nonlinear solver.

Iteration   |Rhs|      factor     |step|     error   #inner  #iterative  time
------------------------------------------------------------------------------
    0      1.98e+01                                                      3.98
    1      1.32e-04   1.00e+00   3.37e-06   1.08e-01    0         1     21.31
Finished, because...
Error smaller than 1 ( 1.0830E-01 ).

Accumulated times:
Assembly time:        9.20 s
Solve time:     12.07 s
Total time:     21.31 s

contact        voltage     electron current    hole current  conduction current
 drain_N      7.000E-01       9.544E-21         8.560E-33        9.544E-21
 drain_P      0.000E+00      -2.353E-33         3.300E-20        3.300E-20
 gate         1.650E-01       0.000E+00         0.000E+00        0.000E+00
 source_N     0.000E+00       3.994E-20         3.156E-35        3.994E-20
 source_P     0.000E+00      -2.118E-33        -1.004E-20       -1.004E-20

Computing step from t=0.165 to t=0.17 (Stepsize: 5.0000e-03) :
Extrapolating values for t = 0.17 ... done.
Computing Coupled( 1 poisson-equation(s) , 1 current-contact-equation(s) , 
                   1 electron-equation(s) , 1 hole-equation(s) ) 
using Bank/Rose nonlinear solver.

Iteration   |Rhs|      factor     |step|     error   #inner  #iterative  time
------------------------------------------------------------------------------
    0      1.98e+01                                                      4.01
    1      1.33e-04   1.00e+00   3.37e-06   1.08e-01    0         1     21.32
Finished, because...
Error smaller than 1 ( 1.0814E-01 ).

Accumulated times:
Assembly time:        9.24 s
Solve time:     12.02 s
Total time:     21.32 s

contact        voltage     electron current    hole current  conduction current
 drain_N      7.000E-01       1.597E-20         8.565E-33        1.597E-20
 drain_P      0.000E+00      -2.528E-33        -1.273E-20       -1.273E-20
 gate         1.700E-01       0.000E+00         0.000E+00        0.000E+00
 source_N     0.000E+00      -2.537E-20         3.074E-35       -2.537E-20
 source_P     0.000E+00      -2.276E-33        -1.044E-20       -1.044E-20

Computing step from t=0.17 to t=0.175 (Stepsize: 5.0000e-03) :
Extrapolating values for t = 0.175 ... done.
Computing Coupled( 1 poisson-equation(s) , 1 current-contact-equation(s) , 
                   1 electron-equation(s) , 1 hole-equation(s) ) 
using Bank/Rose nonlinear solver.

Iteration   |Rhs|      factor     |step|     error   #inner  #iterative  time
------------------------------------------------------------------------------
    0      1.99e+01                                                      3.97
    1      1.34e-04   1.00e+00   3.37e-06   1.08e-01    0         1     21.38
Finished, because...
Error smaller than 1 ( 1.0799E-01 ).

Accumulated times:
Assembly time:        9.26 s
Solve time:     12.08 s
Total time:     21.38 s

contact        voltage     electron current    hole current  conduction current
 drain_N      7.000E-01      -2.746E-20         8.570E-33       -2.746E-20
 drain_P      0.000E+00      -2.714E-33         4.048E-20        4.048E-20
 gate         1.750E-01       0.000E+00         0.000E+00        0.000E+00
 source_N     0.000E+00      -1.886E-20         2.998E-35       -1.886E-20
 source_P     0.000E+00      -2.444E-33        -8.830E-21       -8.830E-21

Computing step from t=0.175 to t=0.18 (Stepsize: 5.0000e-03) :
Extrapolating values for t = 0.18 ... done.
Computing Coupled( 1 poisson-equation(s) , 1 current-contact-equation(s) , 
                   1 electron-equation(s) , 1 hole-equation(s) ) 
using Bank/Rose nonlinear solver.

Iteration   |Rhs|      factor     |step|     error   #inner  #iterative  time
------------------------------------------------------------------------------
    0      1.99e+01                                                      4.00
    1      1.34e-04   1.00e+00   3.37e-06   1.08e-01    0         1     21.36
Finished, because...
Error smaller than 1 ( 1.0786E-01 ).

Accumulated times:
Assembly time:        9.23 s
Solve time:     12.09 s
Total time:     21.36 s

contact        voltage     electron current    hole current  conduction current
 drain_N      7.000E-01       5.473E-20         8.575E-33        5.473E-20
 drain_P      0.000E+00      -2.910E-33         2.934E-20        2.934E-20
 gate         1.800E-01       0.000E+00         0.000E+00        0.000E+00
 source_N     0.000E+00      -5.278E-20         2.936E-35       -5.278E-20
 source_P     0.000E+00      -2.620E-33         2.880E-20        2.880E-20

Computing step from t=0.18 to t=0.185 (Stepsize: 5.0000e-03) :
Extrapolating values for t = 0.185 ... done.
Computing Coupled( 1 poisson-equation(s) , 1 current-contact-equation(s) , 
                   1 electron-equation(s) , 1 hole-equation(s) ) 
using Bank/Rose nonlinear solver.

Iteration   |Rhs|      factor     |step|     error   #inner  #iterative  time
------------------------------------------------------------------------------
    0      2.00e+01                                                      4.00
    1      1.35e-04   1.00e+00   3.37e-06   1.08e-01    0         1     21.30
Finished, because...
Error smaller than 1 ( 1.0772E-01 ).

Accumulated times:
Assembly time:        9.24 s
Solve time:     12.02 s
Total time:     21.30 s

contact        voltage     electron current    hole current  conduction current
 drain_N      7.000E-01      -8.282E-20         8.578E-33       -8.282E-20
 drain_P      0.000E+00      -3.116E-33        -4.959E-20       -4.959E-20
 gate         1.850E-01       0.000E+00         0.000E+00        0.000E+00
 source_N     0.000E+00       2.269E-20         2.870E-35        2.269E-20
 source_P     0.000E+00      -2.807E-33         4.872E-21        4.872E-21

Computing step from t=0.185 to t=0.19 (Stepsize: 5.0000e-03) :
Extrapolating values for t = 0.19 ... done.
Computing Coupled( 1 poisson-equation(s) , 1 current-contact-equation(s) , 
                   1 electron-equation(s) , 1 hole-equation(s) ) 
using Bank/Rose nonlinear solver.

Iteration   |Rhs|      factor     |step|     error   #inner  #iterative  time
------------------------------------------------------------------------------
    0      2.00e+01                                                      3.96
    1      1.36e-04   1.00e+00   3.37e-06   1.08e-01    0         1     21.39
Finished, because...
Error smaller than 1 ( 1.0759E-01 ).

Accumulated times:
Assembly time:        9.26 s
Solve time:     12.09 s
Total time:     21.39 s

contact        voltage     electron current    hole current  conduction current
 drain_N      7.000E-01      -6.511E-21         8.581E-33       -6.511E-21
 drain_P      0.000E+00      -3.334E-33         2.881E-20        2.881E-20
 gate         1.900E-01       0.000E+00         0.000E+00        0.000E+00
 source_N     0.000E+00       1.718E-20         2.812E-35        1.718E-20
 source_P     0.000E+00      -3.004E-33         1.882E-20        1.882E-20

Computing step from t=0.19 to t=0.195 (Stepsize: 5.0000e-03) :
Extrapolating values for t = 0.195 ... done.
Computing Coupled( 1 poisson-equation(s) , 1 current-contact-equation(s) , 
                   1 electron-equation(s) , 1 hole-equation(s) ) 
using Bank/Rose nonlinear solver.

Iteration   |Rhs|      factor     |step|     error   #inner  #iterative  time
------------------------------------------------------------------------------
    0      2.00e+01                                                      4.05
    1      1.37e-04   1.00e+00   3.37e-06   1.07e-01    0         1     21.38
Finished, because...
Error smaller than 1 ( 1.0747E-01 ).

Accumulated times:
Assembly time:        9.29 s
Solve time:     12.07 s
Total time:     21.38 s

contact        voltage     electron current    hole current  conduction current
 drain_N      7.000E-01      -5.791E-21         8.584E-33       -5.791E-21
 drain_P      0.000E+00      -3.564E-33        -4.392E-20       -4.392E-20
 gate         1.950E-01       0.000E+00         0.000E+00        0.000E+00
 source_N     0.000E+00       1.089E-21         2.757E-35        1.089E-21
 source_P     0.000E+00      -3.211E-33         4.417E-20        4.417E-20

Computing step from t=0.195 to t=0.2 (Stepsize: 5.0000e-03) :
Extrapolating values for t = 0.2 ... done.
Computing Coupled( 1 poisson-equation(s) , 1 current-contact-equation(s) , 
                   1 electron-equation(s) , 1 hole-equation(s) ) 
using Bank/Rose nonlinear solver.

Iteration   |Rhs|      factor     |step|     error   #inner  #iterative  time
------------------------------------------------------------------------------
    0      2.01e+01                                                      3.98
    1      1.37e-04   1.00e+00   3.37e-06   1.07e-01    0         1     21.23
Finished, because...
Error smaller than 1 ( 1.0736E-01 ).

Accumulated times:
Assembly time:        9.23 s
Solve time:     11.97 s
Total time:     21.23 s

contact        voltage     electron current    hole current  conduction current
 drain_N      7.000E-01      -5.896E-20         8.586E-33       -5.896E-20
 drain_P      0.000E+00      -3.805E-33        -4.531E-21       -4.531E-21
 gate         2.000E-01       0.000E+00         0.000E+00        0.000E+00
 source_N     0.000E+00       3.068E-22         2.709E-35        3.068E-22
 source_P     0.000E+00      -3.430E-33         2.722E-20        2.722E-20

Computing step from t=0.2 to t=0.205 (Stepsize: 5.0000e-03) :
Extrapolating values for t = 0.205 ... done.
Computing Coupled( 1 poisson-equation(s) , 1 current-contact-equation(s) , 
                   1 electron-equation(s) , 1 hole-equation(s) ) 
using Bank/Rose nonlinear solver.

Iteration   |Rhs|      factor     |step|     error   #inner  #iterative  time
------------------------------------------------------------------------------
    0      2.01e+01                                                      3.99
    1      1.38e-04   1.00e+00   3.37e-06   1.07e-01    0         1     21.38
Finished, because...
Error smaller than 1 ( 1.0727E-01 ).

Accumulated times:
Assembly time:        9.28 s
Solve time:     12.08 s
Total time:     21.38 s

contact        voltage     electron current    hole current  conduction current
 drain_N      7.000E-01      -3.135E-20         8.587E-33       -3.135E-20
 drain_P      0.000E+00      -4.059E-33        -1.187E-20       -1.187E-20
 gate         2.050E-01       0.000E+00         0.000E+00        0.000E+00
 source_N     0.000E+00       5.835E-20         2.663E-35        5.835E-20
 source_P     0.000E+00      -3.659E-33        -1.915E-20       -1.915E-20

Computing step from t=0.205 to t=0.21 (Stepsize: 5.0000e-03) :
Extrapolating values for t = 0.21 ... done.
Computing Coupled( 1 poisson-equation(s) , 1 current-contact-equation(s) , 
                   1 electron-equation(s) , 1 hole-equation(s) ) 
using Bank/Rose nonlinear solver.

Iteration   |Rhs|      factor     |step|     error   #inner  #iterative  time
------------------------------------------------------------------------------
    0      2.02e+01                                                      3.98
    1      1.39e-04   1.00e+00   3.37e-06   1.07e-01    0         1     21.39
Finished, because...
Error smaller than 1 ( 1.0717E-01 ).

Accumulated times:
Assembly time:        9.20 s
Solve time:     12.14 s
Total time:     21.39 s

contact        voltage     electron current    hole current  conduction current
 drain_N      7.000E-01      -6.151E-20         8.587E-33       -6.151E-20
 drain_P      0.000E+00      -4.324E-33        -3.433E-21       -3.433E-21
 gate         2.100E-01       0.000E+00         0.000E+00        0.000E+00
 source_N     0.000E+00       3.298E-20         2.619E-35        3.298E-20
 source_P     0.000E+00      -3.899E-33         2.544E-20        2.544E-20

Computing step from t=0.21 to t=0.215 (Stepsize: 5.0000e-03) :
Extrapolating values for t = 0.215 ... done.
Computing Coupled( 1 poisson-equation(s) , 1 current-contact-equation(s) , 
                   1 electron-equation(s) , 1 hole-equation(s) ) 
using Bank/Rose nonlinear solver.

Iteration   |Rhs|      factor     |step|     error   #inner  #iterative  time
------------------------------------------------------------------------------
    0      2.02e+01                                                      4.01
    1      1.39e-04   1.00e+00   3.37e-06   1.07e-01    0         1     21.31
Finished, because...
Error smaller than 1 ( 1.0709E-01 ).

Accumulated times:
Assembly time:        9.26 s
Solve time:     12.01 s
Total time:     21.31 s

contact        voltage     electron current    hole current  conduction current
 drain_N      7.000E-01       8.441E-20         8.586E-33        8.441E-20
 drain_P      0.000E+00      -4.601E-33        -4.858E-20       -4.858E-20
 gate         2.150E-01       0.000E+00         0.000E+00        0.000E+00
 source_N     0.000E+00       2.505E-20         2.582E-35        2.505E-20
 source_P     0.000E+00      -4.149E-33        -4.692E-20       -4.692E-20

Computing step from t=0.215 to t=0.22 (Stepsize: 5.0000e-03) :
Extrapolating values for t = 0.22 ... done.
Computing Coupled( 1 poisson-equation(s) , 1 current-contact-equation(s) , 
                   1 electron-equation(s) , 1 hole-equation(s) ) 
using Bank/Rose nonlinear solver.

Iteration   |Rhs|      factor     |step|     error   #inner  #iterative  time
------------------------------------------------------------------------------
    0      2.03e+01                                                      3.99
    1      1.40e-04   1.00e+00   3.37e-06   1.07e-01    0         1     21.75
Finished, because...
Error smaller than 1 ( 1.0702E-01 ).

Accumulated times:
Assembly time:        9.35 s
Solve time:     12.35 s
Total time:     21.76 s

contact        voltage     electron current    hole current  conduction current
 drain_N      7.000E-01       1.276E-20         8.584E-33        1.276E-20
 drain_P      0.000E+00      -4.890E-33        -1.662E-20       -1.662E-20
 gate         2.200E-01       0.000E+00         0.000E+00        0.000E+00
 source_N     0.000E+00      -1.382E-20         2.545E-35       -1.382E-20
 source_P     0.000E+00      -4.412E-33        -4.038E-20       -4.038E-20

Computing step from t=0.22 to t=0.225 (Stepsize: 5.0000e-03) :
Extrapolating values for t = 0.225 ... done.
Computing Coupled( 1 poisson-equation(s) , 1 current-contact-equation(s) , 
                   1 electron-equation(s) , 1 hole-equation(s) ) 
using Bank/Rose nonlinear solver.

Iteration   |Rhs|      factor     |step|     error   #inner  #iterative  time
------------------------------------------------------------------------------
    0      2.03e+01                                                      4.05
    1      1.41e-04   1.00e+00   3.37e-06   1.07e-01    0         1     21.30
Finished, because...
Error smaller than 1 ( 1.0697E-01 ).

Accumulated times:
Assembly time:        9.26 s
Solve time:     12.01 s
Total time:     21.30 s

contact        voltage     electron current    hole current  conduction current
 drain_N      7.000E-01       1.437E-19         8.582E-33        1.437E-19
 drain_P      0.000E+00      -5.191E-33         2.121E-20        2.121E-20
 gate         2.250E-01       0.000E+00         0.000E+00        0.000E+00
 source_N     0.000E+00       5.448E-21         2.509E-35        5.448E-21
 source_P     0.000E+00      -4.685E-33        -8.353E-21       -8.353E-21

Computing step from t=0.225 to t=0.23 (Stepsize: 5.0000e-03) :
Extrapolating values for t = 0.23 ... done.
Computing Coupled( 1 poisson-equation(s) , 1 current-contact-equation(s) , 
                   1 electron-equation(s) , 1 hole-equation(s) ) 
using Bank/Rose nonlinear solver.

Iteration   |Rhs|      factor     |step|     error   #inner  #iterative  time
------------------------------------------------------------------------------
    0      2.03e+01                                                      3.96
    1      1.42e-04   1.00e+00   3.37e-06   1.07e-01    0         1     21.13
Finished, because...
Error smaller than 1 ( 1.0693E-01 ).

Accumulated times:
Assembly time:        9.19 s
Solve time:     11.90 s
Total time:     21.13 s

contact        voltage     electron current    hole current  conduction current
 drain_N      7.000E-01       3.529E-20         8.579E-33        3.529E-20
 drain_P      0.000E+00      -5.504E-33         1.283E-20        1.283E-20
 gate         2.300E-01       0.000E+00         0.000E+00        0.000E+00
 source_N     0.000E+00      -2.949E-20         2.475E-35       -2.949E-20
 source_P     0.000E+00      -4.968E-33        -2.642E-20       -2.642E-20

Computing step from t=0.23 to t=0.235 (Stepsize: 5.0000e-03) :
Extrapolating values for t = 0.235 ... done.
Computing Coupled( 1 poisson-equation(s) , 1 current-contact-equation(s) , 
                   1 electron-equation(s) , 1 hole-equation(s) ) 
using Bank/Rose nonlinear solver.

Iteration   |Rhs|      factor     |step|     error   #inner  #iterative  time
------------------------------------------------------------------------------
    0      2.04e+01                                                      3.99
    1      1.42e-04   1.00e+00   3.37e-06   1.07e-01    0         1     21.30
Finished, because...
Error smaller than 1 ( 1.0689E-01 ).

Accumulated times:
Assembly time:        9.29 s
Solve time:     11.97 s
Total time:     21.30 s

contact        voltage     electron current    hole current  conduction current
 drain_N      7.000E-01       3.299E-21         8.574E-33        3.299E-21
 drain_P      0.000E+00      -5.829E-33         3.505E-20        3.505E-20
 gate         2.350E-01       0.000E+00         0.000E+00        0.000E+00
 source_N     0.000E+00       4.445E-20         2.444E-35        4.445E-20
 source_P     0.000E+00      -5.263E-33         3.231E-20        3.231E-20

Computing step from t=0.235 to t=0.24 (Stepsize: 5.0000e-03) :
Extrapolating values for t = 0.24 ... done.
Computing Coupled( 1 poisson-equation(s) , 1 current-contact-equation(s) , 
                   1 electron-equation(s) , 1 hole-equation(s) ) 
using Bank/Rose nonlinear solver.

Iteration   |Rhs|      factor     |step|     error   #inner  #iterative  time
------------------------------------------------------------------------------
    0      2.04e+01                                                      3.99
    1      1.43e-04   1.00e+00   3.37e-06   1.07e-01    0         1     21.45
Finished, because...
Error smaller than 1 ( 1.0687E-01 ).

Accumulated times:
Assembly time:        9.21 s
Solve time:     12.21 s
Total time:     21.45 s

contact        voltage     electron current    hole current  conduction current
 drain_N      7.000E-01      -3.649E-20         8.569E-33       -3.649E-20
 drain_P      0.000E+00      -6.166E-33        -4.325E-20       -4.325E-20
 gate         2.400E-01       0.000E+00         0.000E+00        0.000E+00
 source_N     0.000E+00      -6.396E-20         2.418E-35       -6.396E-20
 source_P     0.000E+00      -5.569E-33         1.330E-20        1.330E-20

Computing step from t=0.24 to t=0.245 (Stepsize: 5.0000e-03) :
Extrapolating values for t = 0.245 ... done.
Computing Coupled( 1 poisson-equation(s) , 1 current-contact-equation(s) , 
                   1 electron-equation(s) , 1 hole-equation(s) ) 
using Bank/Rose nonlinear solver.

Iteration   |Rhs|      factor     |step|     error   #inner  #iterative  time
------------------------------------------------------------------------------
    0      2.05e+01                                                      3.97
    1      1.43e-04   1.00e+00   3.37e-06   1.07e-01    0         1     21.26
Finished, because...
Error smaller than 1 ( 1.0685E-01 ).

Accumulated times:
Assembly time:        9.26 s
Solve time:     11.95 s
Total time:     21.26 s

contact        voltage     electron current    hole current  conduction current
 drain_N      7.000E-01       3.047E-20         8.564E-33        3.047E-20
 drain_P      0.000E+00      -6.514E-33         4.932E-20        4.932E-20
 gate         2.450E-01       0.000E+00         0.000E+00        0.000E+00
 source_N     0.000E+00       2.128E-21         2.393E-35        2.128E-21
 source_P     0.000E+00      -5.885E-33         2.945E-20        2.945E-20

Computing step from t=0.245 to t=0.25 (Stepsize: 5.0000e-03) :
Extrapolating values for t = 0.25 ... done.
Computing Coupled( 1 poisson-equation(s) , 1 current-contact-equation(s) , 
                   1 electron-equation(s) , 1 hole-equation(s) ) 
using Bank/Rose nonlinear solver.

Iteration   |Rhs|      factor     |step|     error   #inner  #iterative  time
------------------------------------------------------------------------------
    0      2.06e+01                                                      4.00
    1      1.44e-04   1.00e+00   3.37e-06   1.07e-01    0         1     21.39
Finished, because...
Error smaller than 1 ( 1.0684E-01 ).

Accumulated times:
Assembly time:        9.28 s
Solve time:     12.08 s
Total time:     21.39 s

contact        voltage     electron current    hole current  conduction current
 drain_N      7.000E-01       1.105E-19         8.557E-33        1.105E-19
 drain_P      0.000E+00      -6.872E-33         1.169E-20        1.169E-20
 gate         2.500E-01       0.000E+00         0.000E+00        0.000E+00
 source_N     0.000E+00       3.243E-20         2.369E-35        3.243E-20
 source_P     0.000E+00      -6.211E-33        -6.260E-21       -6.260E-21

Computing step from t=0.25 to t=0.255 (Stepsize: 5.0000e-03) :
Extrapolating values for t = 0.255 ... done.
Computing Coupled( 1 poisson-equation(s) , 1 current-contact-equation(s) , 
                   1 electron-equation(s) , 1 hole-equation(s) ) 
using Bank/Rose nonlinear solver.

Iteration   |Rhs|      factor     |step|     error   #inner  #iterative  time
------------------------------------------------------------------------------
    0      2.06e+01                                                      3.98
    1      1.45e-04   1.00e+00   3.37e-06   1.07e-01    0         1     21.26
Finished, because...
Error smaller than 1 ( 1.0684E-01 ).

Accumulated times:
Assembly time:        9.19 s
Solve time:     12.03 s
Total time:     21.26 s

contact        voltage     electron current    hole current  conduction current
 drain_N      7.000E-01      -5.621E-20         8.549E-33       -5.621E-20
 drain_P      0.000E+00      -7.242E-33        -2.379E-20       -2.379E-20
 gate         2.550E-01       0.000E+00         0.000E+00        0.000E+00
 source_N     0.000E+00      -2.024E-20         2.347E-35       -2.024E-20
 source_P     0.000E+00      -6.547E-33        -7.066E-21       -7.066E-21

Computing step from t=0.255 to t=0.26 (Stepsize: 5.0000e-03) :
Extrapolating values for t = 0.26 ... done.
Computing Coupled( 1 poisson-equation(s) , 1 current-contact-equation(s) , 
                   1 electron-equation(s) , 1 hole-equation(s) ) 
using Bank/Rose nonlinear solver.

Iteration   |Rhs|      factor     |step|     error   #inner  #iterative  time
------------------------------------------------------------------------------
    0      2.07e+01                                                      4.00
    1      1.45e-04   1.00e+00   3.37e-06   1.07e-01    0         1     21.31
Finished, because...
Error smaller than 1 ( 1.0685E-01 ).

Accumulated times:
Assembly time:        9.27 s
Solve time:     12.01 s
Total time:     21.31 s

contact        voltage     electron current    hole current  conduction current
 drain_N      7.000E-01      -6.986E-20         8.540E-33       -6.986E-20
 drain_P      0.000E+00      -7.622E-33        -1.461E-20       -1.461E-20
 gate         2.600E-01       0.000E+00         0.000E+00        0.000E+00
 source_N     0.000E+00       3.297E-20         2.325E-35        3.297E-20
 source_P     0.000E+00      -6.893E-33        -3.453E-20       -3.453E-20

Computing step from t=0.26 to t=0.265 (Stepsize: 5.0000e-03) :
Extrapolating values for t = 0.265 ... done.
Computing Coupled( 1 poisson-equation(s) , 1 current-contact-equation(s) , 
                   1 electron-equation(s) , 1 hole-equation(s) ) 
using Bank/Rose nonlinear solver.

Iteration   |Rhs|      factor     |step|     error   #inner  #iterative  time
------------------------------------------------------------------------------
    0      2.07e+01                                                      3.98
    1      1.46e-04   1.00e+00   3.37e-06   1.07e-01    0         1     21.45
Finished, because...
Error smaller than 1 ( 1.0686E-01 ).

Accumulated times:
Assembly time:        9.31 s
Solve time:     12.10 s
Total time:     21.45 s

contact        voltage     electron current    hole current  conduction current
 drain_N      7.000E-01       7.666E-20         8.529E-33        7.666E-20
 drain_P      0.000E+00      -8.012E-33        -7.950E-20       -7.950E-20
 gate         2.650E-01       0.000E+00         0.000E+00        0.000E+00
 source_N     0.000E+00       3.554E-21         2.305E-35        3.554E-21
 source_P     0.000E+00      -7.249E-33         6.286E-21        6.286E-21

Computing step from t=0.265 to t=0.27 (Stepsize: 5.0000e-03) :
Extrapolating values for t = 0.27 ... done.
Computing Coupled( 1 poisson-equation(s) , 1 current-contact-equation(s) , 
                   1 electron-equation(s) , 1 hole-equation(s) ) 
using Bank/Rose nonlinear solver.

Iteration   |Rhs|      factor     |step|     error   #inner  #iterative  time
------------------------------------------------------------------------------
    0      2.08e+01                                                      4.01
    1      1.47e-04   1.00e+00   3.38e-06   1.07e-01    0         1     21.26
Finished, because...
Error smaller than 1 ( 1.0689E-01 ).

Accumulated times:
Assembly time:        9.28 s
Solve time:     11.95 s
Total time:     21.26 s

contact        voltage     electron current    hole current  conduction current
 drain_N      7.000E-01      -5.248E-21         8.518E-33       -5.248E-21
 drain_P      0.000E+00      -8.410E-33        -5.074E-20       -5.074E-20
 gate         2.700E-01       0.000E+00         0.000E+00        0.000E+00
 source_N     0.000E+00       1.913E-20         2.287E-35        1.913E-20
 source_P     0.000E+00      -7.611E-33        -2.573E-20       -2.573E-20

Computing step from t=0.27 to t=0.275 (Stepsize: 5.0000e-03) :
Extrapolating values for t = 0.275 ... done.
Computing Coupled( 1 poisson-equation(s) , 1 current-contact-equation(s) , 
                   1 electron-equation(s) , 1 hole-equation(s) ) 
using Bank/Rose nonlinear solver.

Iteration   |Rhs|      factor     |step|     error   #inner  #iterative  time
------------------------------------------------------------------------------
    0      2.09e+01                                                      3.97
    1      1.47e-04   1.00e+00   3.38e-06   1.07e-01    0         1     21.84
Finished, because...
Error smaller than 1 ( 1.0693E-01 ).

Accumulated times:
Assembly time:        9.69 s
Solve time:     12.07 s
Total time:     21.84 s

contact        voltage     electron current    hole current  conduction current
 drain_N      7.000E-01      -7.353E-20         8.506E-33       -7.353E-20
 drain_P      0.000E+00      -8.817E-33         3.597E-20        3.597E-20
 gate         2.750E-01       0.000E+00         0.000E+00        0.000E+00
 source_N     0.000E+00       2.490E-21         2.272E-35        2.490E-21
 source_P     0.000E+00      -7.982E-33        -3.090E-20       -3.090E-20

Computing step from t=0.275 to t=0.28 (Stepsize: 5.0000e-03) :
Extrapolating values for t = 0.28 ... done.
Computing Coupled( 1 poisson-equation(s) , 1 current-contact-equation(s) , 
                   1 electron-equation(s) , 1 hole-equation(s) ) 
using Bank/Rose nonlinear solver.

Iteration   |Rhs|      factor     |step|     error   #inner  #iterative  time
------------------------------------------------------------------------------
    0      2.09e+01                                                      4.25
    1      1.48e-04   1.00e+00   3.38e-06   1.07e-01    0         1     21.51
Finished, because...
Error smaller than 1 ( 1.0698E-01 ).

Accumulated times:
Assembly time:        9.53 s
Solve time:     11.95 s
Total time:     21.51 s

contact        voltage     electron current    hole current  conduction current
 drain_N      7.000E-01      -6.110E-20         8.492E-33       -6.110E-20
 drain_P      0.000E+00      -9.232E-33         7.822E-21        7.822E-21
 gate         2.800E-01       0.000E+00         0.000E+00        0.000E+00
 source_N     0.000E+00      -2.378E-20         2.253E-35       -2.378E-20
 source_P     0.000E+00      -8.362E-33        -8.790E-21       -8.790E-21

Computing step from t=0.28 to t=0.285 (Stepsize: 5.0000e-03) :
Extrapolating values for t = 0.285 ... done.
Computing Coupled( 1 poisson-equation(s) , 1 current-contact-equation(s) , 
                   1 electron-equation(s) , 1 hole-equation(s) ) 
using Bank/Rose nonlinear solver.

Iteration   |Rhs|      factor     |step|     error   #inner  #iterative  time
------------------------------------------------------------------------------
    0      2.10e+01                                                      3.97
    1      1.48e-04   1.00e+00   3.38e-06   1.07e-01    0         1     21.42
Finished, because...
Error smaller than 1 ( 1.0704E-01 ).

Accumulated times:
Assembly time:        9.53 s
Solve time:     11.87 s
Total time:     21.42 s

contact        voltage     electron current    hole current  conduction current
 drain_N      7.000E-01      -5.533E-21         8.477E-33       -5.533E-21
 drain_P      0.000E+00      -9.656E-33         5.877E-22        5.877E-22
 gate         2.850E-01       0.000E+00         0.000E+00        0.000E+00
 source_N     0.000E+00       4.982E-22         2.241E-35        4.982E-22
 source_P     0.000E+00      -8.747E-33         4.454E-20        4.454E-20

Computing step from t=0.285 to t=0.29 (Stepsize: 5.0000e-03) :
Extrapolating values for t = 0.29 ... done.
Computing Coupled( 1 poisson-equation(s) , 1 current-contact-equation(s) , 
                   1 electron-equation(s) , 1 hole-equation(s) ) 
using Bank/Rose nonlinear solver.

Iteration   |Rhs|      factor     |step|     error   #inner  #iterative  time
------------------------------------------------------------------------------
    0      2.11e+01                                                      4.00
    1      1.49e-04   1.00e+00   3.38e-06   1.07e-01    0         1     21.25
Finished, because...
Error smaller than 1 ( 1.0712E-01 ).

Accumulated times:
Assembly time:        9.27 s
Solve time:     11.94 s
Total time:     21.25 s

contact        voltage     electron current    hole current  conduction current
 drain_N      7.000E-01      -3.951E-20         8.461E-33       -3.951E-20
 drain_P      0.000E+00      -1.009E-32         2.789E-20        2.789E-20
 gate         2.900E-01       0.000E+00         0.000E+00        0.000E+00
 source_N     0.000E+00       4.301E-20         2.224E-35        4.301E-20
 source_P     0.000E+00      -9.141E-33        -4.764E-20       -4.764E-20

Computing step from t=0.29 to t=0.295 (Stepsize: 5.0000e-03) :
Extrapolating values for t = 0.295 ... done.
Computing Coupled( 1 poisson-equation(s) , 1 current-contact-equation(s) , 
                   1 electron-equation(s) , 1 hole-equation(s) ) 
using Bank/Rose nonlinear solver.

Iteration   |Rhs|      factor     |step|     error   #inner  #iterative  time
------------------------------------------------------------------------------
    0      2.11e+01                                                      3.98
    1      1.49e-04   1.00e+00   3.38e-06   1.07e-01    0         1     21.19
Finished, because...
Error smaller than 1 ( 1.0720E-01 ).

Accumulated times:
Assembly time:        9.22 s
Solve time:     11.92 s
Total time:     21.19 s

contact        voltage     electron current    hole current  conduction current
 drain_N      7.000E-01       6.114E-20         8.443E-33        6.114E-20
 drain_P      0.000E+00      -1.052E-32         3.985E-21        3.985E-21
 gate         2.950E-01       0.000E+00         0.000E+00        0.000E+00
 source_N     0.000E+00       6.011E-20         2.212E-35        6.011E-20
 source_P     0.000E+00      -9.541E-33        -1.006E-20       -1.006E-20

Computing step from t=0.295 to t=0.3 (Stepsize: 5.0000e-03) :
Extrapolating values for t = 0.3 ... done.
Computing Coupled( 1 poisson-equation(s) , 1 current-contact-equation(s) , 
                   1 electron-equation(s) , 1 hole-equation(s) ) 
using Bank/Rose nonlinear solver.

Iteration   |Rhs|      factor     |step|     error   #inner  #iterative  time
------------------------------------------------------------------------------
    0      2.12e+01                                                      3.97
    1      1.50e-04   1.00e+00   3.38e-06   1.07e-01    0         1     21.15
Finished, because...
Error smaller than 1 ( 1.0729E-01 ).

Accumulated times:
Assembly time:        9.19 s
Solve time:     11.93 s
Total time:     21.15 s

contact        voltage     electron current    hole current  conduction current
 drain_N      7.000E-01      -8.538E-22         8.424E-33       -8.538E-22
 drain_P      0.000E+00      -1.096E-32        -6.918E-20       -6.918E-20
 gate         3.000E-01       0.000E+00         0.000E+00        0.000E+00
 source_N     0.000E+00      -2.509E-20         2.202E-35       -2.509E-20
 source_P     0.000E+00      -9.945E-33         1.614E-20        1.614E-20

Computing step from t=0.3 to t=0.305 (Stepsize: 5.0000e-03) :
Extrapolating values for t = 0.305 ... done.
Computing Coupled( 1 poisson-equation(s) , 1 current-contact-equation(s) , 
                   1 electron-equation(s) , 1 hole-equation(s) ) 
using Bank/Rose nonlinear solver.

Iteration   |Rhs|      factor     |step|     error   #inner  #iterative  time
------------------------------------------------------------------------------
    0      2.13e+01                                                      4.03
    1      1.50e-04   1.00e+00   3.38e-06   1.07e-01    0         1     21.27
Finished, because...
Error smaller than 1 ( 1.0740E-01 ).

Accumulated times:
Assembly time:        9.28 s
Solve time:     11.95 s
Total time:     21.27 s

contact        voltage     electron current    hole current  conduction current
 drain_N      7.000E-01       8.228E-20         8.404E-33        8.228E-20
 drain_P      0.000E+00      -1.141E-32        -2.304E-20       -2.304E-20
 gate         3.050E-01       0.000E+00         0.000E+00        0.000E+00
 source_N     0.000E+00      -2.357E-20         2.186E-35       -2.357E-20
 source_P     0.000E+00      -1.036E-32        -4.391E-21       -4.391E-21

Computing step from t=0.305 to t=0.31 (Stepsize: 5.0000e-03) :
Extrapolating values for t = 0.31 ... done.
Computing Coupled( 1 poisson-equation(s) , 1 current-contact-equation(s) , 
                   1 electron-equation(s) , 1 hole-equation(s) ) 
using Bank/Rose nonlinear solver.

Iteration   |Rhs|      factor     |step|     error   #inner  #iterative  time
------------------------------------------------------------------------------
    0      2.13e+01                                                      4.00
    1      1.51e-04   1.00e+00   3.38e-06   1.08e-01    0         1     21.21
Finished, because...
Error smaller than 1 ( 1.0752E-01 ).

Accumulated times:
Assembly time:        9.25 s
Solve time:     11.92 s
Total time:     21.21 s

contact        voltage     electron current    hole current  conduction current
 drain_N      7.000E-01       1.040E-19         8.381E-33        1.040E-19
 drain_P      0.000E+00      -1.186E-32         8.508E-20        8.508E-20
 gate         3.100E-01       0.000E+00         0.000E+00        0.000E+00
 source_N     0.000E+00      -6.149E-20         2.177E-35       -6.149E-20
 source_P     0.000E+00      -1.077E-32        -9.459E-20       -9.459E-20

Computing step from t=0.31 to t=0.315 (Stepsize: 5.0000e-03) :
Extrapolating values for t = 0.315 ... done.
Computing Coupled( 1 poisson-equation(s) , 1 current-contact-equation(s) , 
                   1 electron-equation(s) , 1 hole-equation(s) ) 
using Bank/Rose nonlinear solver.

Iteration   |Rhs|      factor     |step|     error   #inner  #iterative  time
------------------------------------------------------------------------------
    0      2.14e+01                                                      3.99
    1      1.51e-04   1.00e+00   3.39e-06   1.08e-01    0         1     21.18
Finished, because...
Error smaller than 1 ( 1.0764E-01 ).

Accumulated times:
Assembly time:        9.23 s
Solve time:     11.91 s
Total time:     21.18 s

contact        voltage     electron current    hole current  conduction current
 drain_N      7.000E-01       2.230E-20         8.358E-33        2.230E-20
 drain_P      0.000E+00      -1.232E-32        -1.031E-20       -1.031E-20
 gate         3.150E-01       0.000E+00         0.000E+00        0.000E+00
 source_N     0.000E+00      -3.211E-20         2.165E-35       -3.211E-20
 source_P     0.000E+00      -1.119E-32        -5.771E-20       -5.771E-20

Computing step from t=0.315 to t=0.32 (Stepsize: 5.0000e-03) :
Extrapolating values for t = 0.32 ... done.
Computing Coupled( 1 poisson-equation(s) , 1 current-contact-equation(s) , 
                   1 electron-equation(s) , 1 hole-equation(s) ) 
using Bank/Rose nonlinear solver.

Iteration   |Rhs|      factor     |step|     error   #inner  #iterative  time
------------------------------------------------------------------------------
    0      2.15e+01                                                      3.99
    1      1.52e-04   1.00e+00   3.39e-06   1.08e-01    0         1     21.24
Finished, because...
Error smaller than 1 ( 1.0778E-01 ).

Accumulated times:
Assembly time:        9.24 s
Solve time:     11.96 s
Total time:     21.24 s

contact        voltage     electron current    hole current  conduction current
 drain_N      7.000E-01       5.711E-20         8.335E-33        5.711E-20
 drain_P      0.000E+00      -1.278E-32        -4.265E-20       -4.265E-20
 gate         3.200E-01       0.000E+00         0.000E+00        0.000E+00
 source_N     0.000E+00       1.081E-19         2.161E-35        1.081E-19
 source_P     0.000E+00      -1.161E-32         2.287E-20        2.287E-20

Computing step from t=0.32 to t=0.325 (Stepsize: 5.0000e-03) :
Extrapolating values for t = 0.325 ... done.
Computing Coupled( 1 poisson-equation(s) , 1 current-contact-equation(s) , 
                   1 electron-equation(s) , 1 hole-equation(s) ) 
using Bank/Rose nonlinear solver.

Iteration   |Rhs|      factor     |step|     error   #inner  #iterative  time
------------------------------------------------------------------------------
    0      2.15e+01                                                      3.99
    1      1.52e-04   1.00e+00   3.39e-06   1.08e-01    0         1     21.25
Finished, because...
Error smaller than 1 ( 1.0792E-01 ).

Accumulated times:
Assembly time:        9.29 s
Solve time:     11.93 s
Total time:     21.25 s

contact        voltage     electron current    hole current  conduction current
 drain_N      7.000E-01       7.682E-21         8.310E-33        7.682E-21
 drain_P      0.000E+00      -1.324E-32        -6.707E-20       -6.707E-20
 gate         3.250E-01       0.000E+00         0.000E+00        0.000E+00
 source_N     0.000E+00       5.841E-20         2.148E-35        5.841E-20
 source_P     0.000E+00      -1.203E-32        -4.108E-20       -4.108E-20

Computing step from t=0.325 to t=0.33 (Stepsize: 5.0000e-03) :
Extrapolating values for t = 0.33 ... done.
Computing Coupled( 1 poisson-equation(s) , 1 current-contact-equation(s) , 
                   1 electron-equation(s) , 1 hole-equation(s) ) 
using Bank/Rose nonlinear solver.

Iteration   |Rhs|      factor     |step|     error   #inner  #iterative  time
------------------------------------------------------------------------------
    0      2.16e+01                                                      4.00
    1      1.53e-04   1.00e+00   3.39e-06   1.08e-01    0         1     21.17
Finished, because...
Error smaller than 1 ( 1.0808E-01 ).

Accumulated times:
Assembly time:        9.22 s
Solve time:     11.92 s
Total time:     21.17 s

contact        voltage     electron current    hole current  conduction current
 drain_N      7.000E-01      -4.721E-21         8.284E-33       -4.721E-21
 drain_P      0.000E+00      -1.370E-32         2.202E-20        2.202E-20
 gate         3.300E-01       0.000E+00         0.000E+00        0.000E+00
 source_N     0.000E+00       9.226E-21         2.140E-35        9.226E-21
 source_P     0.000E+00      -1.246E-32         2.796E-20        2.796E-20

Computing step from t=0.33 to t=0.335 (Stepsize: 5.0000e-03) :
Extrapolating values for t = 0.335 ... done.
Computing Coupled( 1 poisson-equation(s) , 1 current-contact-equation(s) , 
                   1 electron-equation(s) , 1 hole-equation(s) ) 
using Bank/Rose nonlinear solver.

Iteration   |Rhs|      factor     |step|     error   #inner  #iterative  time
------------------------------------------------------------------------------
    0      2.16e+01                                                      3.98
    1      1.53e-04   1.00e+00   3.39e-06   1.08e-01    0         1     21.19
Finished, because...
Error smaller than 1 ( 1.0825E-01 ).

Accumulated times:
Assembly time:        9.27 s
Solve time:     11.88 s
Total time:     21.19 s

contact        voltage     electron current    hole current  conduction current
 drain_N      7.000E-01       3.077E-20         8.257E-33        3.077E-20
 drain_P      0.000E+00      -1.416E-32         1.710E-20        1.710E-20
 gate         3.350E-01       0.000E+00         0.000E+00        0.000E+00
 source_N     0.000E+00       7.524E-20         2.131E-35        7.524E-20
 source_P     0.000E+00      -1.289E-32        -1.652E-20       -1.652E-20

Computing step from t=0.335 to t=0.34 (Stepsize: 5.0000e-03) :
Extrapolating values for t = 0.34 ... done.
Computing Coupled( 1 poisson-equation(s) , 1 current-contact-equation(s) , 
                   1 electron-equation(s) , 1 hole-equation(s) ) 
using Bank/Rose nonlinear solver.

Iteration   |Rhs|      factor     |step|     error   #inner  #iterative  time
------------------------------------------------------------------------------
    0      2.17e+01                                                      3.99
    1      1.54e-04   1.00e+00   3.39e-06   1.08e-01    0         1     21.24
Finished, because...
Error smaller than 1 ( 1.0843E-01 ).

Accumulated times:
Assembly time:        9.26 s
Solve time:     11.95 s
Total time:     21.24 s

contact        voltage     electron current    hole current  conduction current
 drain_N      7.000E-01      -9.482E-20         8.227E-33       -9.482E-20
 drain_P      0.000E+00      -1.463E-32        -5.693E-20       -5.693E-20
 gate         3.400E-01       0.000E+00         0.000E+00        0.000E+00
 source_N     0.000E+00      -4.124E-20         2.122E-35       -4.124E-20
 source_P     0.000E+00      -1.331E-32         4.787E-20        4.787E-20

Computing step from t=0.34 to t=0.345 (Stepsize: 5.0000e-03) :
Extrapolating values for t = 0.345 ... done.
Computing Coupled( 1 poisson-equation(s) , 1 current-contact-equation(s) , 
                   1 electron-equation(s) , 1 hole-equation(s) ) 
using Bank/Rose nonlinear solver.

Iteration   |Rhs|      factor     |step|     error   #inner  #iterative  time
------------------------------------------------------------------------------
    0      2.18e+01                                                      3.99
    1      1.54e-04   1.00e+00   3.40e-06   1.09e-01    0         1     21.21
Finished, because...
Error smaller than 1 ( 1.0862E-01 ).

Accumulated times:
Assembly time:        9.25 s
Solve time:     11.94 s
Total time:     21.21 s

contact        voltage     electron current    hole current  conduction current
 drain_N      7.000E-01      -1.431E-20         8.197E-33       -1.431E-20
 drain_P      0.000E+00      -1.509E-32         5.738E-21        5.738E-21
 gate         3.450E-01       0.000E+00         0.000E+00        0.000E+00
 source_N     0.000E+00      -2.545E-20         2.116E-35       -2.545E-20
 source_P     0.000E+00      -1.374E-32        -2.060E-20       -2.060E-20

Computing step from t=0.345 to t=0.35 (Stepsize: 5.0000e-03) :
Extrapolating values for t = 0.35 ... done.
Computing Coupled( 1 poisson-equation(s) , 1 current-contact-equation(s) , 
                   1 electron-equation(s) , 1 hole-equation(s) ) 
using Bank/Rose nonlinear solver.

Iteration   |Rhs|      factor     |step|     error   #inner  #iterative  time
------------------------------------------------------------------------------
    0      2.18e+01                                                      4.02
    1      1.55e-04   1.00e+00   3.40e-06   1.09e-01    0         1     21.21
Finished, because...
Error smaller than 1 ( 1.0882E-01 ).

Accumulated times:
Assembly time:        9.29 s
Solve time:     11.89 s
Total time:     21.21 s

contact        voltage     electron current    hole current  conduction current
 drain_N      7.000E-01       1.552E-20         8.165E-33        1.552E-20
 drain_P      0.000E+00      -1.555E-32        -3.547E-20       -3.547E-20
 gate         3.500E-01       0.000E+00         0.000E+00        0.000E+00
 source_N     0.000E+00      -3.135E-20         2.107E-35       -3.135E-20
 source_P     0.000E+00      -1.417E-32         1.748E-20        1.748E-20

Computing step from t=0.35 to t=0.355 (Stepsize: 5.0000e-03) :
Extrapolating values for t = 0.355 ... done.
Computing Coupled( 1 poisson-equation(s) , 1 current-contact-equation(s) , 
                   1 electron-equation(s) , 1 hole-equation(s) ) 
using Bank/Rose nonlinear solver.

Iteration   |Rhs|      factor     |step|     error   #inner  #iterative  time
------------------------------------------------------------------------------
    0      2.19e+01                                                      4.00
    1      1.55e-04   1.00e+00   3.40e-06   1.09e-01    0         1     21.25
Finished, because...
Error smaller than 1 ( 1.0904E-01 ).

Accumulated times:
Assembly time:        9.28 s
Solve time:     11.93 s
Total time:     21.25 s

contact        voltage     electron current    hole current  conduction current
 drain_N      7.000E-01       1.122E-20         8.132E-33        1.122E-20
 drain_P      0.000E+00      -1.601E-32        -3.067E-20       -3.067E-20
 gate         3.550E-01       0.000E+00         0.000E+00        0.000E+00
 source_N     0.000E+00       3.730E-20         2.104E-35        3.730E-20
 source_P     0.000E+00      -1.460E-32         4.172E-21        4.172E-21

Computing step from t=0.355 to t=0.36 (Stepsize: 5.0000e-03) :
Extrapolating values for t = 0.36 ... done.
Computing Coupled( 1 poisson-equation(s) , 1 current-contact-equation(s) , 
                   1 electron-equation(s) , 1 hole-equation(s) ) 
using Bank/Rose nonlinear solver.

Iteration   |Rhs|      factor     |step|     error   #inner  #iterative  time
------------------------------------------------------------------------------
    0      2.20e+01                                                      4.00
    1      1.55e-04   1.00e+00   3.40e-06   1.09e-01    0         1     21.29
Finished, because...
Error smaller than 1 ( 1.0926E-01 ).

Accumulated times:
Assembly time:        9.24 s
Solve time:     12.01 s
Total time:     21.29 s

contact        voltage     electron current    hole current  conduction current
 drain_N      7.000E-01      -5.181E-20         8.097E-33       -5.181E-20
 drain_P      0.000E+00      -1.647E-32        -1.208E-20       -1.208E-20
 gate         3.600E-01       0.000E+00         0.000E+00        0.000E+00
 source_N     0.000E+00       3.223E-20         2.097E-35        3.223E-20
 source_P     0.000E+00      -1.502E-32         8.277E-20        8.277E-20

Computing step from t=0.36 to t=0.365 (Stepsize: 5.0000e-03) :
Extrapolating values for t = 0.365 ... done.
Computing Coupled( 1 poisson-equation(s) , 1 current-contact-equation(s) , 
                   1 electron-equation(s) , 1 hole-equation(s) ) 
using Bank/Rose nonlinear solver.

Iteration   |Rhs|      factor     |step|     error   #inner  #iterative  time
------------------------------------------------------------------------------
    0      2.20e+01                                                      3.99
    1      1.56e-04   1.00e+00   3.40e-06   1.09e-01    0         1     21.22
Finished, because...
Error smaller than 1 ( 1.0948E-01 ).

Accumulated times:
Assembly time:        9.26 s
Solve time:     11.93 s
Total time:     21.22 s

contact        voltage     electron current    hole current  conduction current
 drain_N      7.000E-01      -2.933E-20         8.060E-33       -2.933E-20
 drain_P      0.000E+00      -1.693E-32        -8.525E-21       -8.525E-21
 gate         3.650E-01       0.000E+00         0.000E+00        0.000E+00
 source_N     0.000E+00      -4.770E-20         2.093E-35       -4.770E-20
 source_P     0.000E+00      -1.545E-32         2.200E-20        2.200E-20

Computing step from t=0.365 to t=0.37 (Stepsize: 5.0000e-03) :
Extrapolating values for t = 0.37 ... done.
Computing Coupled( 1 poisson-equation(s) , 1 current-contact-equation(s) , 
                   1 electron-equation(s) , 1 hole-equation(s) ) 
using Bank/Rose nonlinear solver.

Iteration   |Rhs|      factor     |step|     error   #inner  #iterative  time
------------------------------------------------------------------------------
    0      2.21e+01                                                      3.97
    1      1.56e-04   1.00e+00   3.41e-06   1.10e-01    0         1     21.65
Finished, because...
Error smaller than 1 ( 1.0972E-01 ).

Accumulated times:
Assembly time:        9.23 s
Solve time:     12.40 s
Total time:     21.65 s

contact        voltage     electron current    hole current  conduction current
 drain_N      7.000E-01      -2.416E-20         8.022E-33       -2.416E-20
 drain_P      0.000E+00      -1.738E-32        -3.702E-20       -3.702E-20
 gate         3.700E-01       0.000E+00         0.000E+00        0.000E+00
 source_N     0.000E+00       1.633E-20         2.089E-35        1.633E-20
 source_P     0.000E+00      -1.587E-32         2.714E-20        2.714E-20

Computing step from t=0.37 to t=0.375 (Stepsize: 5.0000e-03) :
Extrapolating values for t = 0.375 ... done.
Computing Coupled( 1 poisson-equation(s) , 1 current-contact-equation(s) , 
                   1 electron-equation(s) , 1 hole-equation(s) ) 
using Bank/Rose nonlinear solver.

Iteration   |Rhs|      factor     |step|     error   #inner  #iterative  time
------------------------------------------------------------------------------
    0      2.22e+01                                                      3.97
    1      1.56e-04   1.00e+00   3.41e-06   1.10e-01    0         1     21.18
Finished, because...
Error smaller than 1 ( 1.0996E-01 ).

Accumulated times:
Assembly time:        9.19 s
Solve time:     11.95 s
Total time:     21.18 s

contact        voltage     electron current    hole current  conduction current
 drain_N      7.000E-01       7.137E-20         7.982E-33        7.137E-20
 drain_P      0.000E+00      -1.783E-32         5.223E-20        5.223E-20
 gate         3.750E-01       0.000E+00         0.000E+00        0.000E+00
 source_N     0.000E+00       1.663E-20         2.083E-35        1.663E-20
 source_P     0.000E+00      -1.629E-32        -2.443E-20       -2.443E-20

Computing step from t=0.375 to t=0.38 (Stepsize: 5.0000e-03) :
Extrapolating values for t = 0.38 ... done.
Computing Coupled( 1 poisson-equation(s) , 1 current-contact-equation(s) , 
                   1 electron-equation(s) , 1 hole-equation(s) ) 
using Bank/Rose nonlinear solver.

Iteration   |Rhs|      factor     |step|     error   #inner  #iterative  time
------------------------------------------------------------------------------
    0      2.22e+01                                                      3.96
    1      1.57e-04   1.00e+00   3.41e-06   1.10e-01    0         1     21.03
Finished, because...
Error smaller than 1 ( 1.1023E-01 ).

Accumulated times:
Assembly time:        9.17 s
Solve time:     11.81 s
Total time:     21.03 s

contact        voltage     electron current    hole current  conduction current
 drain_N      7.000E-01      -1.820E-20         7.941E-33       -1.820E-20
 drain_P      0.000E+00      -1.828E-32         2.741E-20        2.741E-20
 gate         3.800E-01       0.000E+00         0.000E+00        0.000E+00
 source_N     0.000E+00       3.015E-20         2.078E-35        3.015E-20
 source_P     0.000E+00      -1.671E-32         1.139E-20        1.139E-20

Computing step from t=0.38 to t=0.385 (Stepsize: 5.0000e-03) :
Extrapolating values for t = 0.385 ... done.
Computing Coupled( 1 poisson-equation(s) , 1 current-contact-equation(s) , 
                   1 electron-equation(s) , 1 hole-equation(s) ) 
using Bank/Rose nonlinear solver.

Iteration   |Rhs|      factor     |step|     error   #inner  #iterative  time
------------------------------------------------------------------------------
    0      2.23e+01                                                      3.96
    1      1.56e-04   1.00e+00   3.41e-06   1.10e-01    0         1     21.18
Finished, because...
Error smaller than 1 ( 1.1050E-01 ).

Accumulated times:
Assembly time:        9.26 s
Solve time:     11.89 s
Total time:     21.18 s

contact        voltage     electron current    hole current  conduction current
 drain_N      7.000E-01      -2.707E-20         7.898E-33       -2.707E-20
 drain_P      0.000E+00      -1.873E-32         6.035E-20        6.035E-20
 gate         3.850E-01       0.000E+00         0.000E+00        0.000E+00
 source_N     0.000E+00       1.257E-20         2.074E-35        1.257E-20
 source_P     0.000E+00      -1.712E-32        -5.159E-20       -5.159E-20

Computing step from t=0.385 to t=0.39 (Stepsize: 5.0000e-03) :
Extrapolating values for t = 0.39 ... done.
Computing Coupled( 1 poisson-equation(s) , 1 current-contact-equation(s) , 
                   1 electron-equation(s) , 1 hole-equation(s) ) 
using Bank/Rose nonlinear solver.

Iteration   |Rhs|      factor     |step|     error   #inner  #iterative  time
------------------------------------------------------------------------------
    0      2.23e+01                                                      4.01
    1      1.56e-04   1.00e+00   3.41e-06   1.11e-01    0         1     21.14
Finished, because...
Error smaller than 1 ( 1.1078E-01 ).

Accumulated times:
Assembly time:        9.24 s
Solve time:     11.86 s
Total time:     21.14 s

contact        voltage     electron current    hole current  conduction current
 drain_N      7.000E-01      -5.591E-20         7.854E-33       -5.591E-20
 drain_P      0.000E+00      -1.917E-32        -3.640E-20       -3.640E-20
 gate         3.900E-01       0.000E+00         0.000E+00        0.000E+00
 source_N     0.000E+00      -4.453E-20         2.064E-35       -4.453E-20
 source_P     0.000E+00      -1.754E-32         3.083E-20        3.083E-20

Computing step from t=0.39 to t=0.395 (Stepsize: 5.0000e-03) :
Extrapolating values for t = 0.395 ... done.
Computing Coupled( 1 poisson-equation(s) , 1 current-contact-equation(s) , 
                   1 electron-equation(s) , 1 hole-equation(s) ) 
using Bank/Rose nonlinear solver.

Iteration   |Rhs|      factor     |step|     error   #inner  #iterative  time
------------------------------------------------------------------------------
    0      2.24e+01                                                      3.99
    1      1.57e-04   1.00e+00   3.42e-06   1.11e-01    0         1     21.05
Finished, because...
Error smaller than 1 ( 1.1107E-01 ).

Accumulated times:
Assembly time:        9.19 s
Solve time:     11.81 s
Total time:     21.05 s

contact        voltage     electron current    hole current  conduction current
 drain_N      7.000E-01      -1.395E-20         7.808E-33       -1.395E-20
 drain_P      0.000E+00      -1.960E-32        -4.341E-20       -4.341E-20
 gate         3.950E-01       0.000E+00         0.000E+00        0.000E+00
 source_N     0.000E+00      -1.644E-21         2.064E-35       -1.644E-21
 source_P     0.000E+00      -1.794E-32         2.145E-20        2.145E-20

Computing step from t=0.395 to t=0.4 (Stepsize: 5.0000e-03) :
Extrapolating values for t = 0.4 ... done.
Computing Coupled( 1 poisson-equation(s) , 1 current-contact-equation(s) , 
                   1 electron-equation(s) , 1 hole-equation(s) ) 
using Bank/Rose nonlinear solver.

Iteration   |Rhs|      factor     |step|     error   #inner  #iterative  time
------------------------------------------------------------------------------
    0      2.25e+01                                                      3.97
    1      1.67e-04   1.00e+00   3.42e-06   1.11e-01    0         1     21.19
Finished, because...
Error smaller than 1 ( 1.1136E-01 ).

Accumulated times:
Assembly time:        9.24 s
Solve time:     11.91 s
Total time:     21.19 s

contact        voltage     electron current    hole current  conduction current
 drain_N      7.000E-01      -4.895E-20         7.761E-33       -4.895E-20
 drain_P      0.000E+00      -2.003E-32         3.270E-20        3.270E-20
 gate         4.000E-01       0.000E+00         0.000E+00        0.000E+00
 source_N     0.000E+00      -1.143E-20         2.061E-35       -1.143E-20
 source_P     0.000E+00      -1.835E-32         1.088E-21        1.088E-21

Computing step from t=0.4 to t=0.405 (Stepsize: 5.0000e-03) :
Extrapolating values for t = 0.405 ... done.
Computing Coupled( 1 poisson-equation(s) , 1 current-contact-equation(s) , 
                   1 electron-equation(s) , 1 hole-equation(s) ) 
using Bank/Rose nonlinear solver.

Iteration   |Rhs|      factor     |step|     error   #inner  #iterative  time
------------------------------------------------------------------------------
    0      2.25e+01                                                      4.02
    1      1.71e-04   1.00e+00   3.42e-06   1.12e-01    0         1     21.14
Finished, because...
Error smaller than 1 ( 1.1167E-01 ).

Accumulated times:
Assembly time:        9.23 s
Solve time:     11.87 s
Total time:     21.14 s

contact        voltage     electron current    hole current  conduction current
 drain_N      7.000E-01       5.143E-20         7.711E-33        5.143E-20
 drain_P      0.000E+00      -2.045E-32        -2.408E-20       -2.408E-20
 gate         4.050E-01       0.000E+00         0.000E+00        0.000E+00
 source_N     0.000E+00      -4.131E-20         2.052E-35       -4.131E-20
 source_P     0.000E+00      -1.874E-32         9.991E-20        9.991E-20

Computing step from t=0.405 to t=0.41 (Stepsize: 5.0000e-03) :
Extrapolating values for t = 0.41 ... done.
Computing Coupled( 1 poisson-equation(s) , 1 current-contact-equation(s) , 
                   1 electron-equation(s) , 1 hole-equation(s) ) 
using Bank/Rose nonlinear solver.

Iteration   |Rhs|      factor     |step|     error   #inner  #iterative  time
------------------------------------------------------------------------------
    0      2.26e+01                                                      3.98
    1      1.72e-04   1.00e+00   3.42e-06   1.12e-01    0         1     21.08
Finished, because...
Error smaller than 1 ( 1.1200E-01 ).

Accumulated times:
Assembly time:        9.20 s
Solve time:     11.82 s
Total time:     21.08 s

contact        voltage     electron current    hole current  conduction current
 drain_N      7.000E-01      -3.276E-20         7.661E-33       -3.276E-20
 drain_P      0.000E+00      -2.087E-32        -3.121E-20       -3.121E-20
 gate         4.100E-01       0.000E+00         0.000E+00        0.000E+00
 source_N     0.000E+00       5.754E-21         2.055E-35        5.754E-21
 source_P     0.000E+00      -1.913E-32         3.217E-20        3.217E-20

Computing step from t=0.41 to t=0.415 (Stepsize: 5.0000e-03) :
Extrapolating values for t = 0.415 ... done.
Computing Coupled( 1 poisson-equation(s) , 1 current-contact-equation(s) , 
                   1 electron-equation(s) , 1 hole-equation(s) ) 
using Bank/Rose nonlinear solver.

Iteration   |Rhs|      factor     |step|     error   #inner  #iterative  time
------------------------------------------------------------------------------
    0      2.27e+01                                                      3.99
    1      1.72e-04   1.00e+00   3.43e-06   1.12e-01    0         1     21.12
Finished, because...
Error smaller than 1 ( 1.1234E-01 ).

Accumulated times:
Assembly time:        9.25 s
Solve time:     11.83 s
Total time:     21.12 s

contact        voltage     electron current    hole current  conduction current
 drain_N      7.000E-01       4.968E-20         7.610E-33        4.968E-20
 drain_P      0.000E+00      -2.129E-32        -8.950E-21       -8.950E-21
 gate         4.150E-01       0.000E+00         0.000E+00        0.000E+00
 source_N     0.000E+00      -1.896E-20         2.050E-35       -1.896E-20
 source_P     0.000E+00      -1.952E-32        -2.314E-20       -2.314E-20

Computing step from t=0.415 to t=0.42 (Stepsize: 5.0000e-03) :
Extrapolating values for t = 0.42 ... done.
Computing Coupled( 1 poisson-equation(s) , 1 current-contact-equation(s) , 
                   1 electron-equation(s) , 1 hole-equation(s) ) 
using Bank/Rose nonlinear solver.

Iteration   |Rhs|      factor     |step|     error   #inner  #iterative  time
------------------------------------------------------------------------------
    0      2.27e+01                                                      3.98
    1      1.73e-04   1.00e+00   3.43e-06   1.13e-01    0         1     21.18
Finished, because...
Error smaller than 1 ( 1.1268E-01 ).

Accumulated times:
Assembly time:        9.21 s
Solve time:     11.93 s
Total time:     21.18 s

contact        voltage     electron current    hole current  conduction current
 drain_N      7.000E-01      -3.822E-20         7.556E-33       -3.822E-20
 drain_P      0.000E+00      -2.169E-32         6.543E-20        6.543E-20
 gate         4.200E-01       0.000E+00         0.000E+00        0.000E+00
 source_N     0.000E+00      -2.184E-20         2.045E-35       -2.184E-20
 source_P     0.000E+00      -1.990E-32        -1.041E-21       -1.041E-21

Computing step from t=0.42 to t=0.425 (Stepsize: 5.0000e-03) :
Extrapolating values for t = 0.425 ... done.
Computing Coupled( 1 poisson-equation(s) , 1 current-contact-equation(s) , 
                   1 electron-equation(s) , 1 hole-equation(s) ) 
using Bank/Rose nonlinear solver.

Iteration   |Rhs|      factor     |step|     error   #inner  #iterative  time
------------------------------------------------------------------------------
    0      2.28e+01                                                      3.97
    1      1.73e-04   1.00e+00   3.43e-06   1.13e-01    0         1     20.99
Finished, because...
Error smaller than 1 ( 1.1304E-01 ).

Accumulated times:
Assembly time:        9.21 s
Solve time:     11.75 s
Total time:     20.99 s

contact        voltage     electron current    hole current  conduction current
 drain_N      7.000E-01       2.269E-20         7.500E-33        2.269E-20
 drain_P      0.000E+00      -2.209E-32         2.647E-20        2.647E-20
 gate         4.250E-01       0.000E+00         0.000E+00        0.000E+00
 source_N     0.000E+00       1.057E-20         2.042E-35        1.057E-20
 source_P     0.000E+00      -2.028E-32        -4.715E-20       -4.715E-20

Computing step from t=0.425 to t=0.43 (Stepsize: 5.0000e-03) :
Extrapolating values for t = 0.43 ... done.
Computing Coupled( 1 poisson-equation(s) , 1 current-contact-equation(s) , 
                   1 electron-equation(s) , 1 hole-equation(s) ) 
using Bank/Rose nonlinear solver.

Iteration   |Rhs|      factor     |step|     error   #inner  #iterative  time
------------------------------------------------------------------------------
    0      2.28e+01                                                      3.98
    1      1.73e-04   1.00e+00   3.43e-06   1.13e-01    0         1     21.19
Finished, because...
Error smaller than 1 ( 1.1341E-01 ).

Accumulated times:
Assembly time:        9.27 s
Solve time:     11.89 s
Total time:     21.19 s

contact        voltage     electron current    hole current  conduction current
 drain_N      7.000E-01      -8.789E-20         7.442E-33       -8.789E-20
 drain_P      0.000E+00      -2.249E-32        -5.969E-20       -5.969E-20
 gate         4.300E-01       0.000E+00         0.000E+00        0.000E+00
 source_N     0.000E+00       5.174E-20         2.045E-35        5.174E-20
 source_P     0.000E+00      -2.066E-32         1.365E-20        1.365E-20

Computing step from t=0.43 to t=0.435 (Stepsize: 5.0000e-03) :
Extrapolating values for t = 0.435 ... done.
Computing Coupled( 1 poisson-equation(s) , 1 current-contact-equation(s) , 
                   1 electron-equation(s) , 1 hole-equation(s) ) 
using Bank/Rose nonlinear solver.

Iteration   |Rhs|      factor     |step|     error   #inner  #iterative  time
------------------------------------------------------------------------------
    0      2.29e+01                                                      3.99
    1      1.73e-04   1.00e+00   3.44e-06   1.14e-01    0         1     21.37
Finished, because...
Error smaller than 1 ( 1.1378E-01 ).

Accumulated times:
Assembly time:        9.18 s
Solve time:     12.15 s
Total time:     21.37 s

contact        voltage     electron current    hole current  conduction current
 drain_N      7.000E-01      -5.296E-20         7.382E-33       -5.296E-20
 drain_P      0.000E+00      -2.287E-32        -6.479E-21       -6.479E-21
 gate         4.350E-01       0.000E+00         0.000E+00        0.000E+00
 source_N     0.000E+00      -2.887E-20         2.038E-35       -2.887E-20
 source_P     0.000E+00      -2.102E-32         6.316E-20        6.316E-20

Computing step from t=0.435 to t=0.44 (Stepsize: 5.0000e-03) :
Extrapolating values for t = 0.44 ... done.
Computing Coupled( 1 poisson-equation(s) , 1 current-contact-equation(s) , 
                   1 electron-equation(s) , 1 hole-equation(s) ) 
using Bank/Rose nonlinear solver.

Iteration   |Rhs|      factor     |step|     error   #inner  #iterative  time
------------------------------------------------------------------------------
    0      2.30e+01                                                      4.01
    1      1.73e-04   1.00e+00   3.44e-06   1.14e-01    0         1     21.12
Finished, because...
Error smaller than 1 ( 1.1415E-01 ).

Accumulated times:
Assembly time:        9.25 s
Solve time:     11.83 s
Total time:     21.12 s

contact        voltage     electron current    hole current  conduction current
 drain_N      7.000E-01      -4.498E-20         7.320E-33       -4.498E-20
 drain_P      0.000E+00      -2.325E-32        -3.743E-20       -3.743E-20
 gate         4.400E-01       0.000E+00         0.000E+00        0.000E+00
 source_N     0.000E+00       3.767E-20         2.035E-35        3.767E-20
 source_P     0.000E+00      -2.138E-32         1.296E-20        1.296E-20

Computing step from t=0.44 to t=0.445 (Stepsize: 5.0000e-03) :
Extrapolating values for t = 0.445 ... done.
Computing Coupled( 1 poisson-equation(s) , 1 current-contact-equation(s) , 
                   1 electron-equation(s) , 1 hole-equation(s) ) 
using Bank/Rose nonlinear solver.

Iteration   |Rhs|      factor     |step|     error   #inner  #iterative  time
------------------------------------------------------------------------------
    0      2.30e+01                                                      3.97
    1      1.73e-04   1.00e+00   3.44e-06   1.15e-01    0         1     21.15
Finished, because...
Error smaller than 1 ( 1.1454E-01 ).

Accumulated times:
Assembly time:        9.22 s
Solve time:     11.89 s
Total time:     21.15 s

contact        voltage     electron current    hole current  conduction current
 drain_N      7.000E-01      -3.672E-20         7.257E-33       -3.672E-20
 drain_P      0.000E+00      -2.363E-32        -4.079E-20       -4.079E-20
 gate         4.450E-01       0.000E+00         0.000E+00        0.000E+00
 source_N     0.000E+00      -1.512E-20         2.033E-35       -1.512E-20
 source_P     0.000E+00      -2.174E-32         7.315E-20        7.315E-20

Computing step from t=0.445 to t=0.45 (Stepsize: 5.0000e-03) :
Extrapolating values for t = 0.45 ... done.
Computing Coupled( 1 poisson-equation(s) , 1 current-contact-equation(s) , 
                   1 electron-equation(s) , 1 hole-equation(s) ) 
using Bank/Rose nonlinear solver.

Iteration   |Rhs|      factor     |step|     error   #inner  #iterative  time
------------------------------------------------------------------------------
    0      2.31e+01                                                      3.98
    1      1.74e-04   1.00e+00   3.44e-06   1.15e-01    0         1     21.01
Finished, because...
Error smaller than 1 ( 1.1493E-01 ).

Accumulated times:
Assembly time:        9.18 s
Solve time:     11.80 s
Total time:     21.01 s

contact        voltage     electron current    hole current  conduction current
 drain_N      7.000E-01      -3.093E-20         7.191E-33       -3.093E-20
 drain_P      0.000E+00      -2.399E-32        -5.682E-22       -5.682E-22
 gate         4.500E-01       0.000E+00         0.000E+00        0.000E+00
 source_N     0.000E+00      -1.226E-20         2.028E-35       -1.226E-20
 source_P     0.000E+00      -2.209E-32        -2.245E-20       -2.245E-20

Computing step from t=0.45 to t=0.455 (Stepsize: 5.0000e-03) :
Extrapolating values for t = 0.455 ... done.
Computing Coupled( 1 poisson-equation(s) , 1 current-contact-equation(s) , 
                   1 electron-equation(s) , 1 hole-equation(s) ) 
using Bank/Rose nonlinear solver.

Iteration   |Rhs|      factor     |step|     error   #inner  #iterative  time
------------------------------------------------------------------------------
    0      2.32e+01                                                      3.99
    1      1.75e-04   1.00e+00   3.45e-06   1.15e-01    0         1     21.25
Finished, because...
Error smaller than 1 ( 1.1533E-01 ).

Accumulated times:
Assembly time:        9.33 s
Solve time:     11.88 s
Total time:     21.25 s

contact        voltage     electron current    hole current  conduction current
 drain_N      7.000E-01      -2.508E-20         7.124E-33       -2.508E-20
 drain_P      0.000E+00      -2.435E-32         3.961E-20        3.961E-20
 gate         4.550E-01       0.000E+00         0.000E+00        0.000E+00
 source_N     0.000E+00       2.712E-20         2.025E-35        2.712E-20
 source_P     0.000E+00      -2.243E-32         3.141E-22        3.141E-22

Computing step from t=0.455 to t=0.46 (Stepsize: 5.0000e-03) :
Extrapolating values for t = 0.46 ... done.
Computing Coupled( 1 poisson-equation(s) , 1 current-contact-equation(s) , 
                   1 electron-equation(s) , 1 hole-equation(s) ) 
using Bank/Rose nonlinear solver.

Iteration   |Rhs|      factor     |step|     error   #inner  #iterative  time
------------------------------------------------------------------------------
    0      2.32e+01                                                      4.00
    1      1.76e-04   1.00e+00   3.45e-06   1.16e-01    0         1     21.23
Finished, because...
Error smaller than 1 ( 1.1574E-01 ).

Accumulated times:
Assembly time:        9.28 s
Solve time:     11.91 s
Total time:     21.23 s

contact        voltage     electron current    hole current  conduction current
 drain_N      7.000E-01      -2.216E-20         7.054E-33       -2.216E-20
 drain_P      0.000E+00      -2.470E-32        -3.817E-20       -3.817E-20
 gate         4.600E-01       0.000E+00         0.000E+00        0.000E+00
 source_N     0.000E+00      -7.316E-20         2.025E-35       -7.316E-20
 source_P     0.000E+00      -2.277E-32         3.989E-20        3.989E-20

Computing step from t=0.46 to t=0.465 (Stepsize: 5.0000e-03) :
Extrapolating values for t = 0.465 ... done.
Computing Coupled( 1 poisson-equation(s) , 1 current-contact-equation(s) , 
                   1 electron-equation(s) , 1 hole-equation(s) ) 
using Bank/Rose nonlinear solver.

Iteration   |Rhs|      factor     |step|     error   #inner  #iterative  time
------------------------------------------------------------------------------
    0      2.33e+01                                                      3.98
    1      1.78e-04   1.00e+00   3.45e-06   1.16e-01    0         1     21.05
Finished, because...
Error smaller than 1 ( 1.1617E-01 ).

Accumulated times:
Assembly time:        9.18 s
Solve time:     11.83 s
Total time:     21.05 s

contact        voltage     electron current    hole current  conduction current
 drain_N      7.000E-01      -2.529E-20         6.983E-33       -2.529E-20
 drain_P      0.000E+00      -2.505E-32         3.222E-20        3.222E-20
 gate         4.650E-01       0.000E+00         0.000E+00        0.000E+00
 source_N     0.000E+00       1.970E-20         2.026E-35        1.970E-20
 source_P     0.000E+00      -2.310E-32         4.366E-20        4.366E-20

Computing step from t=0.465 to t=0.47 (Stepsize: 5.0000e-03) :
Extrapolating values for t = 0.47 ... done.
Computing Coupled( 1 poisson-equation(s) , 1 current-contact-equation(s) , 
                   1 electron-equation(s) , 1 hole-equation(s) ) 
using Bank/Rose nonlinear solver.

Iteration   |Rhs|      factor     |step|     error   #inner  #iterative  time
------------------------------------------------------------------------------
    0      2.34e+01                                                      3.98
    1      1.79e-04   1.00e+00   3.46e-06   1.17e-01    0         1     21.08
Finished, because...
Error smaller than 1 ( 1.1661E-01 ).

Accumulated times:
Assembly time:        9.21 s
Solve time:     11.83 s
Total time:     21.08 s

contact        voltage     electron current    hole current  conduction current
 drain_N      7.000E-01      -5.693E-20         6.911E-33       -5.693E-20
 drain_P      0.000E+00      -2.538E-32        -4.753E-20       -4.753E-20
 gate         4.700E-01       0.000E+00         0.000E+00        0.000E+00
 source_N     0.000E+00      -2.615E-20         2.023E-35       -2.615E-20
 source_P     0.000E+00      -2.343E-32        -8.761E-20       -8.761E-20

Computing step from t=0.47 to t=0.475 (Stepsize: 5.0000e-03) :
Extrapolating values for t = 0.475 ... done.
Computing Coupled( 1 poisson-equation(s) , 1 current-contact-equation(s) , 
                   1 electron-equation(s) , 1 hole-equation(s) ) 
using Bank/Rose nonlinear solver.

Iteration   |Rhs|      factor     |step|     error   #inner  #iterative  time
------------------------------------------------------------------------------
    0      2.34e+01                                                      3.98
    1      1.81e-04   1.00e+00   3.46e-06   1.17e-01    0         1     21.20
Finished, because...
Error smaller than 1 ( 1.1705E-01 ).

Accumulated times:
Assembly time:        9.26 s
Solve time:     11.91 s
Total time:     21.20 s

contact        voltage     electron current    hole current  conduction current
 drain_N      7.000E-01      -1.028E-19         6.836E-33       -1.028E-19
 drain_P      0.000E+00      -2.571E-32        -7.908E-21       -7.908E-21
 gate         4.750E-01       0.000E+00         0.000E+00        0.000E+00
 source_N     0.000E+00       1.174E-20         2.021E-35        1.174E-20
 source_P     0.000E+00      -2.375E-32        -2.877E-20       -2.877E-20

Computing step from t=0.475 to t=0.48 (Stepsize: 5.0000e-03) :
Extrapolating values for t = 0.48 ... done.
Computing Coupled( 1 poisson-equation(s) , 1 current-contact-equation(s) , 
                   1 electron-equation(s) , 1 hole-equation(s) ) 
using Bank/Rose nonlinear solver.

Iteration   |Rhs|      factor     |step|     error   #inner  #iterative  time
------------------------------------------------------------------------------
    0      2.35e+01                                                      3.98
    1      1.82e-04   1.00e+00   3.46e-06   1.18e-01    0         1     21.01
Finished, because...
Error smaller than 1 ( 1.1750E-01 ).

Accumulated times:
Assembly time:        9.16 s
Solve time:     11.81 s
Total time:     21.01 s

contact        voltage     electron current    hole current  conduction current
 drain_N      7.000E-01      -5.296E-20         6.758E-33       -5.296E-20
 drain_P      0.000E+00      -2.603E-32         5.818E-21        5.818E-21
 gate         4.800E-01       0.000E+00         0.000E+00        0.000E+00
 source_N     0.000E+00      -1.540E-19         2.016E-35       -1.540E-19
 source_P     0.000E+00      -2.406E-32        -4.580E-20       -4.580E-20

Computing step from t=0.48 to t=0.485 (Stepsize: 5.0000e-03) :
Extrapolating values for t = 0.485 ... done.
Computing Coupled( 1 poisson-equation(s) , 1 current-contact-equation(s) , 
                   1 electron-equation(s) , 1 hole-equation(s) ) 
using Bank/Rose nonlinear solver.

Iteration   |Rhs|      factor     |step|     error   #inner  #iterative  time
------------------------------------------------------------------------------
    0      2.35e+01                                                      4.03
    1      1.83e-04   1.00e+00   3.46e-06   1.18e-01    0         1     21.19
Finished, because...
Error smaller than 1 ( 1.1796E-01 ).

Accumulated times:
Assembly time:        9.28 s
Solve time:     11.86 s
Total time:     21.19 s

contact        voltage     electron current    hole current  conduction current
 drain_N      7.000E-01      -1.300E-19         6.678E-33       -1.300E-19
 drain_P      0.000E+00      -2.635E-32         5.463E-20        5.463E-20
 gate         4.850E-01       0.000E+00         0.000E+00        0.000E+00
 source_N     0.000E+00      -5.339E-20         2.019E-35       -5.339E-20
 source_P     0.000E+00      -2.436E-32         2.139E-20        2.139E-20

Computing step from t=0.485 to t=0.49 (Stepsize: 5.0000e-03) :
Extrapolating values for t = 0.49 ... done.
Computing Coupled( 1 poisson-equation(s) , 1 current-contact-equation(s) , 
                   1 electron-equation(s) , 1 hole-equation(s) ) 
using Bank/Rose nonlinear solver.

Iteration   |Rhs|      factor     |step|     error   #inner  #iterative  time
------------------------------------------------------------------------------
    0      2.36e+01                                                      3.98
    1      1.85e-04   1.00e+00   3.47e-06   1.18e-01    0         1     21.14
Finished, because...
Error smaller than 1 ( 1.1843E-01 ).

Accumulated times:
Assembly time:        9.24 s
Solve time:     11.86 s
Total time:     21.15 s

contact        voltage     electron current    hole current  conduction current
 drain_N      7.000E-01       4.578E-20         6.596E-33        4.578E-20
 drain_P      0.000E+00      -2.665E-32         2.894E-21        2.894E-21
 gate         4.900E-01       0.000E+00         0.000E+00        0.000E+00
 source_N     0.000E+00      -3.463E-20         2.016E-35       -3.463E-20
 source_P     0.000E+00      -2.466E-32         8.004E-20        8.004E-20

Computing step from t=0.49 to t=0.495 (Stepsize: 5.0000e-03) :
Extrapolating values for t = 0.495 ... done.
Computing Coupled( 1 poisson-equation(s) , 1 current-contact-equation(s) , 
                   1 electron-equation(s) , 1 hole-equation(s) ) 
using Bank/Rose nonlinear solver.

Iteration   |Rhs|      factor     |step|     error   #inner  #iterative  time
------------------------------------------------------------------------------
    0      2.37e+01                                                      3.98
    1      1.86e-04   1.00e+00   3.47e-06   1.19e-01    0         1     21.08
Finished, because...
Error smaller than 1 ( 1.1891E-01 ).

Accumulated times:
Assembly time:        9.24 s
Solve time:     11.81 s
Total time:     21.08 s

contact        voltage     electron current    hole current  conduction current
 drain_N      7.000E-01       7.185E-21         6.513E-33        7.185E-21
 drain_P      0.000E+00      -2.695E-32        -4.265E-20       -4.265E-20
 gate         4.950E-01       0.000E+00         0.000E+00        0.000E+00
 source_N     0.000E+00       4.960E-20         2.018E-35        4.960E-20
 source_P     0.000E+00      -2.495E-32        -2.478E-20       -2.478E-20

Computing step from t=0.495 to t=0.5 (Stepsize: 5.0000e-03) :
Extrapolating values for t = 0.5 ... done.
Computing Coupled( 1 poisson-equation(s) , 1 current-contact-equation(s) , 
                   1 electron-equation(s) , 1 hole-equation(s) ) 
using Bank/Rose nonlinear solver.

Iteration   |Rhs|      factor     |step|     error   #inner  #iterative  time
------------------------------------------------------------------------------
    0      2.37e+01                                                      4.00
    1      1.88e-04   1.00e+00   3.47e-06   1.19e-01    0         1     21.16
Finished, because...
Error smaller than 1 ( 1.1939E-01 ).

Accumulated times:
Assembly time:        9.26 s
Solve time:     11.86 s
Total time:     21.16 s

contact        voltage     electron current    hole current  conduction current
 drain_N      7.000E-01       1.287E-19         6.427E-33        1.287E-19
 drain_P      0.000E+00      -2.724E-32         7.496E-20        7.496E-20
 gate         5.000E-01       0.000E+00         0.000E+00        0.000E+00
 source_N     0.000E+00       2.348E-21         2.012E-35        2.348E-21
 source_P     0.000E+00      -2.524E-32        -6.024E-20       -6.024E-20

Computing step from t=0.5 to t=0.505 (Stepsize: 5.0000e-03) :
Extrapolating values for t = 0.505 ... done.
Computing Coupled( 1 poisson-equation(s) , 1 current-contact-equation(s) , 
                   1 electron-equation(s) , 1 hole-equation(s) ) 
using Bank/Rose nonlinear solver.

Iteration   |Rhs|      factor     |step|     error   #inner  #iterative  time
------------------------------------------------------------------------------
    0      2.38e+01                                                      4.03
    1      1.89e-04   1.00e+00   3.48e-06   1.20e-01    0         1     21.21
Finished, because...
Error smaller than 1 ( 1.1988E-01 ).

Accumulated times:
Assembly time:        9.28 s
Solve time:     11.90 s
Total time:     21.21 s

contact        voltage     electron current    hole current  conduction current
 drain_N      7.000E-01      -5.739E-20         6.340E-33       -5.739E-20
 drain_P      0.000E+00      -2.752E-32         1.947E-20        1.947E-20
 gate         5.050E-01       0.000E+00         0.000E+00        0.000E+00
 source_N     0.000E+00      -7.219E-20         2.009E-35       -7.219E-20
 source_P     0.000E+00      -2.552E-32         3.043E-21        3.043E-21

Computing step from t=0.505 to t=0.51 (Stepsize: 5.0000e-03) :
Extrapolating values for t = 0.51 ... done.
Computing Coupled( 1 poisson-equation(s) , 1 current-contact-equation(s) , 
                   1 electron-equation(s) , 1 hole-equation(s) ) 
using Bank/Rose nonlinear solver.

Iteration   |Rhs|      factor     |step|     error   #inner  #iterative  time
------------------------------------------------------------------------------
    0      2.39e+01                                                      3.95
    1      1.91e-04   1.00e+00   3.48e-06   1.20e-01    0         1     21.02
Finished, because...
Error smaller than 1 ( 1.2038E-01 ).

Accumulated times:
Assembly time:        9.13 s
Solve time:     11.85 s
Total time:     21.02 s

contact        voltage     electron current    hole current  conduction current
 drain_N      7.000E-01       7.378E-20         6.251E-33        7.378E-20
 drain_P      0.000E+00      -2.780E-32         1.697E-20        1.697E-20
 gate         5.100E-01       0.000E+00         0.000E+00        0.000E+00
 source_N     0.000E+00      -1.670E-20         2.011E-35       -1.670E-20
 source_P     0.000E+00      -2.579E-32         1.592E-20        1.592E-20

Computing step from t=0.51 to t=0.515 (Stepsize: 5.0000e-03) :
Extrapolating values for t = 0.515 ... done.
Computing Coupled( 1 poisson-equation(s) , 1 current-contact-equation(s) , 
                   1 electron-equation(s) , 1 hole-equation(s) ) 
using Bank/Rose nonlinear solver.

Iteration   |Rhs|      factor     |step|     error   #inner  #iterative  time
------------------------------------------------------------------------------
    0      2.39e+01                                                      3.98
    1      1.92e-04   1.00e+00   3.48e-06   1.21e-01    0         1     21.18
Finished, because...
Error smaller than 1 ( 1.2088E-01 ).

Accumulated times:
Assembly time:        9.21 s
Solve time:     11.92 s
Total time:     21.18 s

contact        voltage     electron current    hole current  conduction current
 drain_N      7.000E-01       1.181E-19         6.159E-33        1.181E-19
 drain_P      0.000E+00      -2.806E-32         5.840E-20        5.840E-20
 gate         5.150E-01       0.000E+00         0.000E+00        0.000E+00
 source_N     0.000E+00       6.126E-20         2.008E-35        6.126E-20
 source_P     0.000E+00      -2.606E-32         6.048E-20        6.048E-20

Computing step from t=0.515 to t=0.52 (Stepsize: 5.0000e-03) :
Extrapolating values for t = 0.52 ... done.
Computing Coupled( 1 poisson-equation(s) , 1 current-contact-equation(s) , 
                   1 electron-equation(s) , 1 hole-equation(s) ) 
using Bank/Rose nonlinear solver.

Iteration   |Rhs|      factor     |step|     error   #inner  #iterative  time
------------------------------------------------------------------------------
    0      2.40e+01                                                      3.97
    1      1.94e-04   1.00e+00   3.48e-06   1.21e-01    0         1     21.19
Finished, because...
Error smaller than 1 ( 1.2139E-01 ).

Accumulated times:
Assembly time:        9.22 s
Solve time:     11.94 s
Total time:     21.19 s

contact        voltage     electron current    hole current  conduction current
 drain_N      7.000E-01      -3.148E-20         6.064E-33       -3.148E-20
 drain_P      0.000E+00      -2.832E-32         1.094E-20        1.094E-20
 gate         5.200E-01       0.000E+00         0.000E+00        0.000E+00
 source_N     0.000E+00       3.279E-20         2.010E-35        3.279E-20
 source_P     0.000E+00      -2.632E-32        -3.880E-20       -3.880E-20

Computing step from t=0.52 to t=0.525 (Stepsize: 5.0000e-03) :
Extrapolating values for t = 0.525 ... done.
Computing Coupled( 1 poisson-equation(s) , 1 current-contact-equation(s) , 
                   1 electron-equation(s) , 1 hole-equation(s) ) 
using Bank/Rose nonlinear solver.

Iteration   |Rhs|      factor     |step|     error   #inner  #iterative  time
------------------------------------------------------------------------------
    0      2.40e+01                                                      3.94
    1      1.95e-04   1.00e+00   3.49e-06   1.22e-01    0         1     21.06
Finished, because...
Error smaller than 1 ( 1.2191E-01 ).

Accumulated times:
Assembly time:        9.18 s
Solve time:     11.85 s
Total time:     21.06 s

contact        voltage     electron current    hole current  conduction current
 drain_N      7.000E-01       4.281E-20         5.966E-33        4.281E-20
 drain_P      0.000E+00      -2.857E-32        -2.146E-20       -2.146E-20
 gate         5.250E-01       0.000E+00         0.000E+00        0.000E+00
 source_N     0.000E+00       8.001E-22         2.007E-35        8.001E-22
 source_P     0.000E+00      -2.657E-32        -1.564E-20       -1.564E-20

Computing step from t=0.525 to t=0.53 (Stepsize: 5.0000e-03) :
Extrapolating values for t = 0.53 ... done.
Computing Coupled( 1 poisson-equation(s) , 1 current-contact-equation(s) , 
                   1 electron-equation(s) , 1 hole-equation(s) ) 
using Bank/Rose nonlinear solver.

Iteration   |Rhs|      factor     |step|     error   #inner  #iterative  time
------------------------------------------------------------------------------
    0      2.41e+01                                                      3.99
    1      1.97e-04   1.00e+00   3.49e-06   1.22e-01    0         1     21.10
Finished, because...
Error smaller than 1 ( 1.2244E-01 ).

Accumulated times:
Assembly time:        9.25 s
Solve time:     11.81 s
Total time:     21.10 s

contact        voltage     electron current    hole current  conduction current
 drain_N      7.000E-01      -3.370E-20         5.868E-33       -3.370E-20
 drain_P      0.000E+00      -2.882E-32         7.672E-20        7.672E-20
 gate         5.300E-01       0.000E+00         0.000E+00        0.000E+00
 source_N     0.000E+00       9.983E-21         2.006E-35        9.983E-21
 source_P     0.000E+00      -2.682E-32        -6.277E-20       -6.277E-20

Computing step from t=0.53 to t=0.535 (Stepsize: 5.0000e-03) :
Extrapolating values for t = 0.535 ... done.
Computing Coupled( 1 poisson-equation(s) , 1 current-contact-equation(s) , 
                   1 electron-equation(s) , 1 hole-equation(s) ) 
using Bank/Rose nonlinear solver.

Iteration   |Rhs|      factor     |step|     error   #inner  #iterative  time
------------------------------------------------------------------------------
    0      2.42e+01                                                      4.00
    1      1.98e-04   1.00e+00   3.49e-06   1.23e-01    0         1     21.18
Finished, because...
Error smaller than 1 ( 1.2297E-01 ).

Accumulated times:
Assembly time:        9.28 s
Solve time:     11.86 s
Total time:     21.18 s

contact        voltage     electron current    hole current  conduction current
 drain_N      7.000E-01       9.242E-21         5.771E-33        9.242E-21
 drain_P      0.000E+00      -2.905E-32         3.137E-21        3.137E-21
 gate         5.350E-01       0.000E+00         0.000E+00        0.000E+00
 source_N     0.000E+00       3.974E-22         2.005E-35        3.974E-22
 source_P     0.000E+00      -2.705E-32        -8.573E-21       -8.573E-21

Computing step from t=0.535 to t=0.54 (Stepsize: 5.0000e-03) :
Extrapolating values for t = 0.54 ... done.
Computing Coupled( 1 poisson-equation(s) , 1 current-contact-equation(s) , 
                   1 electron-equation(s) , 1 hole-equation(s) ) 
using Bank/Rose nonlinear solver.

Iteration   |Rhs|      factor     |step|     error   #inner  #iterative  time
------------------------------------------------------------------------------
    0      2.42e+01                                                      3.97
    1      2.00e-04   1.00e+00   3.50e-06   1.24e-01    0         1     21.18
Finished, because...
Error smaller than 1 ( 1.2351E-01 ).

Accumulated times:
Assembly time:        9.22 s
Solve time:     11.92 s
Total time:     21.18 s

contact        voltage     electron current    hole current  conduction current
 drain_N      7.000E-01      -3.428E-20         5.667E-33       -3.428E-20
 drain_P      0.000E+00      -2.928E-32         1.722E-20        1.722E-20
 gate         5.400E-01       0.000E+00         0.000E+00        0.000E+00
 source_N     0.000E+00       2.435E-20         2.003E-35        2.435E-20
 source_P     0.000E+00      -2.729E-32        -8.218E-21       -8.218E-21

Computing step from t=0.54 to t=0.545 (Stepsize: 5.0000e-03) :
Extrapolating values for t = 0.545 ... done.
Computing Coupled( 1 poisson-equation(s) , 1 current-contact-equation(s) , 
                   1 electron-equation(s) , 1 hole-equation(s) ) 
using Bank/Rose nonlinear solver.

Iteration   |Rhs|      factor     |step|     error   #inner  #iterative  time
------------------------------------------------------------------------------
    0      2.43e+01                                                      3.97
    1      2.01e-04   1.00e+00   3.50e-06   1.24e-01    0         1     21.06
Finished, because...
Error smaller than 1 ( 1.2405E-01 ).

Accumulated times:
Assembly time:        9.19 s
Solve time:     11.82 s
Total time:     21.06 s

contact        voltage     electron current    hole current  conduction current
 drain_N      7.000E-01      -2.749E-20         5.562E-33       -2.749E-20
 drain_P      0.000E+00      -2.950E-32        -1.133E-20       -1.133E-20
 gate         5.450E-01       0.000E+00         0.000E+00        0.000E+00
 source_N     0.000E+00       4.359E-20         1.999E-35        4.359E-20
 source_P     0.000E+00      -2.751E-32        -5.402E-20       -5.402E-20

Computing step from t=0.545 to t=0.55 (Stepsize: 5.0000e-03) :
Extrapolating values for t = 0.55 ... done.
Computing Coupled( 1 poisson-equation(s) , 1 current-contact-equation(s) , 
                   1 electron-equation(s) , 1 hole-equation(s) ) 
using Bank/Rose nonlinear solver.

Iteration   |Rhs|      factor     |step|     error   #inner  #iterative  time
------------------------------------------------------------------------------
    0      2.44e+01                                                      4.00
    1      2.03e-04   1.00e+00   3.50e-06   1.25e-01    0         1     21.14
Finished, because...
Error smaller than 1 ( 1.2460E-01 ).

Accumulated times:
Assembly time:        9.25 s
Solve time:     11.85 s
Total time:     21.14 s

contact        voltage     electron current    hole current  conduction current
 drain_N      7.000E-01       1.338E-20         5.456E-33        1.338E-20
 drain_P      0.000E+00      -2.972E-32         3.678E-20        3.678E-20
 gate         5.500E-01       0.000E+00         0.000E+00        0.000E+00
 source_N     0.000E+00      -8.719E-20         2.001E-35       -8.719E-20
 source_P     0.000E+00      -2.773E-32        -2.030E-20       -2.030E-20

Computing step from t=0.55 to t=0.555 (Stepsize: 5.0000e-03) :
Extrapolating values for t = 0.555 ... done.
Computing Coupled( 1 poisson-equation(s) , 1 current-contact-equation(s) , 
                   1 electron-equation(s) , 1 hole-equation(s) ) 
using Bank/Rose nonlinear solver.

Iteration   |Rhs|      factor     |step|     error   #inner  #iterative  time
------------------------------------------------------------------------------
    0      2.44e+01                                                      3.97
    1      2.04e-04   1.00e+00   3.51e-06   1.25e-01    0         1     21.13
Finished, because...
Error smaller than 1 ( 1.2517E-01 ).

Accumulated times:
Assembly time:        9.20 s
Solve time:     11.88 s
Total time:     21.13 s

contact        voltage     electron current    hole current  conduction current
 drain_N      7.000E-01       2.974E-20         5.350E-33        2.974E-20
 drain_P      0.000E+00      -2.992E-32         3.232E-20        3.232E-20
 gate         5.550E-01       0.000E+00         0.000E+00        0.000E+00
 source_N     0.000E+00      -5.296E-20         2.000E-35       -5.296E-20
 source_P     0.000E+00      -2.794E-32         3.600E-20        3.600E-20

Computing step from t=0.555 to t=0.56 (Stepsize: 5.0000e-03) :
Extrapolating values for t = 0.56 ... done.
Computing Coupled( 1 poisson-equation(s) , 1 current-contact-equation(s) , 
                   1 electron-equation(s) , 1 hole-equation(s) ) 
using Bank/Rose nonlinear solver.

Iteration   |Rhs|      factor     |step|     error   #inner  #iterative  time
------------------------------------------------------------------------------
    0      2.45e+01                                                      3.99
    1      2.06e-04   1.00e+00   3.51e-06   1.26e-01    0         1     21.11
Finished, because...
Error smaller than 1 ( 1.2573E-01 ).

Accumulated times:
Assembly time:        9.21 s
Solve time:     11.85 s
Total time:     21.12 s

contact        voltage     electron current    hole current  conduction current
 drain_N      7.000E-01      -4.202E-20         5.240E-33       -4.202E-20
 drain_P      0.000E+00      -3.012E-32        -7.408E-20       -7.408E-20
 gate         5.600E-01       0.000E+00         0.000E+00        0.000E+00
 source_N     0.000E+00       1.917E-20         1.997E-35        1.917E-20
 source_P     0.000E+00      -2.815E-32        -5.692E-20       -5.692E-20

Computing step from t=0.56 to t=0.565 (Stepsize: 5.0000e-03) :
Extrapolating values for t = 0.565 ... done.
Computing Coupled( 1 poisson-equation(s) , 1 current-contact-equation(s) , 
                   1 electron-equation(s) , 1 hole-equation(s) ) 
using Bank/Rose nonlinear solver.

Iteration   |Rhs|      factor     |step|     error   #inner  #iterative  time
------------------------------------------------------------------------------
    0      2.45e+01                                                      3.97
    1      2.07e-04   1.00e+00   3.51e-06   1.26e-01    0         1     21.12
Finished, because...
Error smaller than 1 ( 1.2630E-01 ).

Accumulated times:
Assembly time:        9.23 s
Solve time:     11.87 s
Total time:     21.12 s

contact        voltage     electron current    hole current  conduction current
 drain_N      7.000E-01      -1.032E-20         5.127E-33       -1.032E-20
 drain_P      0.000E+00      -3.031E-32         8.807E-21        8.807E-21
 gate         5.650E-01       0.000E+00         0.000E+00        0.000E+00
 source_N     0.000E+00      -6.721E-20         1.998E-35       -6.721E-20
 source_P     0.000E+00      -2.835E-32         8.393E-20        8.393E-20

Computing step from t=0.565 to t=0.57 (Stepsize: 5.0000e-03) :
Extrapolating values for t = 0.57 ... done.
Computing Coupled( 1 poisson-equation(s) , 1 current-contact-equation(s) , 
                   1 electron-equation(s) , 1 hole-equation(s) ) 
using Bank/Rose nonlinear solver.

Iteration   |Rhs|      factor     |step|     error   #inner  #iterative  time
------------------------------------------------------------------------------
    0      2.46e+01                                                      4.00
    1      2.09e-04   1.00e+00   3.51e-06   1.27e-01    0         1     21.17
Finished, because...
Error smaller than 1 ( 1.2688E-01 ).

Accumulated times:
Assembly time:        9.21 s
Solve time:     11.92 s
Total time:     21.17 s

contact        voltage     electron current    hole current  conduction current
 drain_N      7.000E-01      -3.422E-20         5.017E-33       -3.422E-20
 drain_P      0.000E+00      -3.049E-32         1.890E-20        1.890E-20
 gate         5.700E-01       0.000E+00         0.000E+00        0.000E+00
 source_N     0.000E+00       1.050E-20         1.995E-35        1.050E-20
 source_P     0.000E+00      -2.854E-32        -6.690E-20       -6.690E-20

Computing step from t=0.57 to t=0.575 (Stepsize: 5.0000e-03) :
Extrapolating values for t = 0.575 ... done.
Computing Coupled( 1 poisson-equation(s) , 1 current-contact-equation(s) , 
                   1 electron-equation(s) , 1 hole-equation(s) ) 
using Bank/Rose nonlinear solver.

Iteration   |Rhs|      factor     |step|     error   #inner  #iterative  time
------------------------------------------------------------------------------
    0      2.47e+01                                                      3.99
    1      2.10e-04   1.00e+00   3.52e-06   1.27e-01    0         1     21.10
Finished, because...
Error smaller than 1 ( 1.2746E-01 ).

Accumulated times:
Assembly time:        9.23 s
Solve time:     11.84 s
Total time:     21.10 s

contact        voltage     electron current    hole current  conduction current
 drain_N      7.000E-01       5.209E-21         4.904E-33        5.209E-21
 drain_P      0.000E+00      -3.067E-32         4.419E-20        4.419E-20
 gate         5.750E-01       0.000E+00         0.000E+00        0.000E+00
 source_N     0.000E+00       3.410E-20         1.996E-35        3.410E-20
 source_P     0.000E+00      -2.873E-32        -1.260E-20       -1.260E-20

Computing step from t=0.575 to t=0.58 (Stepsize: 5.0000e-03) :
Extrapolating values for t = 0.58 ... done.
Computing Coupled( 1 poisson-equation(s) , 1 current-contact-equation(s) , 
                   1 electron-equation(s) , 1 hole-equation(s) ) 
using Bank/Rose nonlinear solver.

Iteration   |Rhs|      factor     |step|     error   #inner  #iterative  time
------------------------------------------------------------------------------
    0      2.47e+01                                                      3.99
    1      2.12e-04   1.00e+00   3.52e-06   1.28e-01    0         1     21.16
Finished, because...
Error smaller than 1 ( 1.2805E-01 ).

Accumulated times:
Assembly time:        9.27 s
Solve time:     11.85 s
Total time:     21.16 s

contact        voltage     electron current    hole current  conduction current
 drain_N      7.000E-01      -6.618E-20         4.794E-33       -6.618E-20
 drain_P      0.000E+00      -3.084E-32        -2.907E-20       -2.907E-20
 gate         5.800E-01       0.000E+00         0.000E+00        0.000E+00
 source_N     0.000E+00       2.032E-21         1.995E-35        2.032E-21
 source_P     0.000E+00      -2.891E-32        -8.337E-21       -8.337E-21

Computing step from t=0.58 to t=0.585 (Stepsize: 5.0000e-03) :
Extrapolating values for t = 0.585 ... done.
Computing Coupled( 1 poisson-equation(s) , 1 current-contact-equation(s) , 
                   1 electron-equation(s) , 1 hole-equation(s) ) 
using Bank/Rose nonlinear solver.

Iteration   |Rhs|      factor     |step|     error   #inner  #iterative  time
------------------------------------------------------------------------------
    0      2.48e+01                                                      3.99
    1      2.13e-04   1.00e+00   3.52e-06   1.29e-01    0         1     21.19
Finished, because...
Error smaller than 1 ( 1.2865E-01 ).

Accumulated times:
Assembly time:        9.25 s
Solve time:     11.91 s
Total time:     21.19 s

contact        voltage     electron current    hole current  conduction current
 drain_N      7.000E-01       1.877E-20         4.681E-33        1.877E-20
 drain_P      0.000E+00      -3.100E-32        -1.545E-20       -1.545E-20
 gate         5.850E-01       0.000E+00         0.000E+00        0.000E+00
 source_N     0.000E+00      -2.792E-20         1.995E-35       -2.792E-20
 source_P     0.000E+00      -2.908E-32        -3.697E-20       -3.697E-20

Computing step from t=0.585 to t=0.59 (Stepsize: 5.0000e-03) :
Extrapolating values for t = 0.59 ... done.
Computing Coupled( 1 poisson-equation(s) , 1 current-contact-equation(s) , 
                   1 electron-equation(s) , 1 hole-equation(s) ) 
using Bank/Rose nonlinear solver.

Iteration   |Rhs|      factor     |step|     error   #inner  #iterative  time
------------------------------------------------------------------------------
    0      2.49e+01                                                      3.97
    1      2.15e-04   1.00e+00   3.53e-06   1.29e-01    0         1     21.11
Finished, because...
Error smaller than 1 ( 1.2925E-01 ).

Accumulated times:
Assembly time:        9.19 s
Solve time:     11.88 s
Total time:     21.11 s

contact        voltage     electron current    hole current  conduction current
 drain_N      7.000E-01       8.540E-20         4.561E-33        8.540E-20
 drain_P      0.000E+00      -3.116E-32        -3.274E-20       -3.274E-20
 gate         5.900E-01       0.000E+00         0.000E+00        0.000E+00
 source_N     0.000E+00       1.738E-20         1.996E-35        1.738E-20
 source_P     0.000E+00      -2.925E-32        -2.292E-21       -2.292E-21

Computing step from t=0.59 to t=0.595 (Stepsize: 5.0000e-03) :
Extrapolating values for t = 0.595 ... done.
Computing Coupled( 1 poisson-equation(s) , 1 current-contact-equation(s) , 
                   1 electron-equation(s) , 1 hole-equation(s) ) 
using Bank/Rose nonlinear solver.

Iteration   |Rhs|      factor     |step|     error   #inner  #iterative  time
------------------------------------------------------------------------------
    0      2.49e+01                                                      3.94
    1      2.16e-04   1.00e+00   3.53e-06   1.30e-01    0         1     21.13
Finished, because...
Error smaller than 1 ( 1.2986E-01 ).

Accumulated times:
Assembly time:        9.20 s
Solve time:     11.89 s
Total time:     21.13 s

contact        voltage     electron current    hole current  conduction current
 drain_N      7.000E-01       2.418E-19         4.440E-33        2.418E-19
 drain_P      0.000E+00      -3.131E-32         2.748E-20        2.748E-20
 gate         5.950E-01       0.000E+00         0.000E+00        0.000E+00
 source_N     0.000E+00      -4.937E-20         1.995E-35       -4.937E-20
 source_P     0.000E+00      -2.941E-32        -2.042E-20       -2.042E-20

Computing step from t=0.595 to t=0.6 (Stepsize: 5.0000e-03) :
Extrapolating values for t = 0.6 ... done.
Computing Coupled( 1 poisson-equation(s) , 1 current-contact-equation(s) , 
                   1 electron-equation(s) , 1 hole-equation(s) ) 
using Bank/Rose nonlinear solver.

Iteration   |Rhs|      factor     |step|     error   #inner  #iterative  time
------------------------------------------------------------------------------
    0      2.50e+01                                                      4.02
    1      2.18e-04   1.00e+00   3.53e-06   1.30e-01    0         1     21.12
Finished, because...
Error smaller than 1 ( 1.3047E-01 ).

Accumulated times:
Assembly time:        9.23 s
Solve time:     11.86 s
Total time:     21.12 s

contact        voltage     electron current    hole current  conduction current
 drain_N      7.000E-01       1.292E-20         4.316E-33        1.292E-20
 drain_P      0.000E+00      -3.145E-32        -1.531E-20       -1.531E-20
 gate         6.000E-01       0.000E+00         0.000E+00        0.000E+00
 source_N     0.000E+00      -5.068E-21         1.991E-35       -5.068E-21
 source_P     0.000E+00      -2.956E-32         2.081E-20        2.081E-20

Computing step from t=0.6 to t=0.605 (Stepsize: 5.0000e-03) :
Extrapolating values for t = 0.605 ... done.
Computing Coupled( 1 poisson-equation(s) , 1 current-contact-equation(s) , 
                   1 electron-equation(s) , 1 hole-equation(s) ) 
using Bank/Rose nonlinear solver.

Iteration   |Rhs|      factor     |step|     error   #inner  #iterative  time
------------------------------------------------------------------------------
    0      2.50e+01                                                      3.98
    1      2.19e-04   1.00e+00   3.54e-06   1.31e-01    0         1     21.17
Finished, because...
Error smaller than 1 ( 1.3107E-01 ).

Accumulated times:
Assembly time:        9.23 s
Solve time:     11.90 s
Total time:     21.17 s

contact        voltage     electron current    hole current  conduction current
 drain_N      7.000E-01       1.962E-19         4.192E-33        1.962E-19
 drain_P      0.000E+00      -3.158E-32        -7.081E-20       -7.081E-20
 gate         6.050E-01       0.000E+00         0.000E+00        0.000E+00
 source_N     0.000E+00       9.112E-20         1.993E-35        9.112E-20
 source_P     0.000E+00      -2.971E-32        -2.361E-20       -2.361E-20

Computing step from t=0.605 to t=0.61 (Stepsize: 5.0000e-03) :
Extrapolating values for t = 0.61 ... done.
Computing Coupled( 1 poisson-equation(s) , 1 current-contact-equation(s) , 
                   1 electron-equation(s) , 1 hole-equation(s) ) 
using Bank/Rose nonlinear solver.

Iteration   |Rhs|      factor     |step|     error   #inner  #iterative  time
------------------------------------------------------------------------------
    0      2.51e+01                                                      4.00
    1      2.21e-04   1.00e+00   3.54e-06   1.32e-01    0         1     21.17
Finished, because...
Error smaller than 1 ( 1.3169E-01 ).

Accumulated times:
Assembly time:        9.29 s
Solve time:     11.85 s
Total time:     21.17 s

contact        voltage     electron current    hole current  conduction current
 drain_N      7.000E-01      -1.256E-19         4.066E-33       -1.256E-19
 drain_P      0.000E+00      -3.171E-32        -7.247E-21       -7.247E-21
 gate         6.100E-01       0.000E+00         0.000E+00        0.000E+00
 source_N     0.000E+00       2.013E-20         1.991E-35        2.013E-20
 source_P     0.000E+00      -2.985E-32        -1.687E-20       -1.687E-20

Computing step from t=0.61 to t=0.615 (Stepsize: 5.0000e-03) :
Extrapolating values for t = 0.615 ... done.
Computing Coupled( 1 poisson-equation(s) , 1 current-contact-equation(s) , 
                   1 electron-equation(s) , 1 hole-equation(s) ) 
using Bank/Rose nonlinear solver.

Iteration   |Rhs|      factor     |step|     error   #inner  #iterative  time
------------------------------------------------------------------------------
    0      2.52e+01                                                      3.97
    1      2.22e-04   1.00e+00   3.54e-06   1.32e-01    0         1     21.10
Finished, because...
Error smaller than 1 ( 1.3231E-01 ).

Accumulated times:
Assembly time:        9.20 s
Solve time:     11.87 s
Total time:     21.10 s

contact        voltage     electron current    hole current  conduction current
 drain_N      7.000E-01      -4.506E-21         3.939E-33       -4.506E-21
 drain_P      0.000E+00      -3.183E-32        -1.441E-20       -1.441E-20
 gate         6.150E-01       0.000E+00         0.000E+00        0.000E+00
 source_N     0.000E+00       4.575E-20         1.992E-35        4.575E-20
 source_P     0.000E+00      -2.998E-32        -2.331E-21       -2.331E-21

Computing step from t=0.615 to t=0.62 (Stepsize: 5.0000e-03) :
Extrapolating values for t = 0.62 ... done.
Computing Coupled( 1 poisson-equation(s) , 1 current-contact-equation(s) , 
                   1 electron-equation(s) , 1 hole-equation(s) ) 
using Bank/Rose nonlinear solver.

Iteration   |Rhs|      factor     |step|     error   #inner  #iterative  time
------------------------------------------------------------------------------
    0      2.52e+01                                                      3.98
    1      2.24e-04   1.00e+00   3.55e-06   1.33e-01    0         1     21.09
Finished, because...
Error smaller than 1 ( 1.3293E-01 ).

Accumulated times:
Assembly time:        9.21 s
Solve time:     11.82 s
Total time:     21.09 s

contact        voltage     electron current    hole current  conduction current
 drain_N      7.000E-01       1.838E-20         3.814E-33        1.838E-20
 drain_P      0.000E+00      -3.194E-32         1.088E-20        1.088E-20
 gate         6.200E-01       0.000E+00         0.000E+00        0.000E+00
 source_N     0.000E+00      -2.373E-20         1.988E-35       -2.373E-20
 source_P     0.000E+00      -3.011E-32        -8.039E-20       -8.039E-20

Computing step from t=0.62 to t=0.625 (Stepsize: 5.0000e-03) :
Extrapolating values for t = 0.625 ... done.
Computing Coupled( 1 poisson-equation(s) , 1 current-contact-equation(s) , 
                   1 electron-equation(s) , 1 hole-equation(s) ) 
using Bank/Rose nonlinear solver.

Iteration   |Rhs|      factor     |step|     error   #inner  #iterative  time
------------------------------------------------------------------------------
    0      2.53e+01                                                      4.00
    1      2.25e-04   1.00e+00   3.55e-06   1.34e-01    0         1     21.21
Finished, because...
Error smaller than 1 ( 1.3355E-01 ).

Accumulated times:
Assembly time:        9.26 s
Solve time:     11.91 s
Total time:     21.21 s

contact        voltage     electron current    hole current  conduction current
 drain_N      7.000E-01      -4.726E-20         3.689E-33       -4.726E-20
 drain_P      0.000E+00      -3.205E-32        -1.587E-20       -1.587E-20
 gate         6.250E-01       0.000E+00         0.000E+00        0.000E+00
 source_N     0.000E+00       3.928E-20         1.992E-35        3.928E-20
 source_P     0.000E+00      -3.023E-32         3.021E-20        3.021E-20

Computing step from t=0.625 to t=0.63 (Stepsize: 5.0000e-03) :
Extrapolating values for t = 0.63 ... done.
Computing Coupled( 1 poisson-equation(s) , 1 current-contact-equation(s) , 
                   1 electron-equation(s) , 1 hole-equation(s) ) 
using Bank/Rose nonlinear solver.

Iteration   |Rhs|      factor     |step|     error   #inner  #iterative  time
------------------------------------------------------------------------------
    0      2.54e+01                                                      3.99
    1      2.27e-04   1.00e+00   3.55e-06   1.34e-01    0         1     21.15
Finished, because...
Error smaller than 1 ( 1.3419E-01 ).

Accumulated times:
Assembly time:        9.22 s
Solve time:     11.88 s
Total time:     21.15 s

contact        voltage     electron current    hole current  conduction current
 drain_N      7.000E-01       4.325E-20         3.566E-33        4.325E-20
 drain_P      0.000E+00      -3.215E-32         2.803E-20        2.803E-20
 gate         6.300E-01       0.000E+00         0.000E+00        0.000E+00
 source_N     0.000E+00       2.552E-20         1.991E-35        2.552E-20
 source_P     0.000E+00      -3.035E-32         2.671E-20        2.671E-20

Computing step from t=0.63 to t=0.635 (Stepsize: 5.0000e-03) :
Extrapolating values for t = 0.635 ... done.
Computing Coupled( 1 poisson-equation(s) , 1 current-contact-equation(s) , 
                   1 electron-equation(s) , 1 hole-equation(s) ) 
using Bank/Rose nonlinear solver.

Iteration   |Rhs|      factor     |step|     error   #inner  #iterative  time
------------------------------------------------------------------------------
    0      2.54e+01                                                      3.97
    1      2.28e-04   1.00e+00   3.55e-06   1.35e-01    0         1     21.03
Finished, because...
Error smaller than 1 ( 1.3482E-01 ).

Accumulated times:
Assembly time:        9.20 s
Solve time:     11.79 s
Total time:     21.03 s

contact        voltage     electron current    hole current  conduction current
 drain_N      7.000E-01       1.645E-19         3.442E-33        1.645E-19
 drain_P      0.000E+00      -3.225E-32        -8.940E-21       -8.940E-21
 gate         6.350E-01       0.000E+00         0.000E+00        0.000E+00
 source_N     0.000E+00      -3.958E-20         1.986E-35       -3.958E-20
 source_P     0.000E+00      -3.045E-32        -9.434E-21       -9.434E-21

Computing step from t=0.635 to t=0.64 (Stepsize: 5.0000e-03) :
Extrapolating values for t = 0.64 ... done.
Computing Coupled( 1 poisson-equation(s) , 1 current-contact-equation(s) , 
                   1 electron-equation(s) , 1 hole-equation(s) ) 
using Bank/Rose nonlinear solver.

Iteration   |Rhs|      factor     |step|     error   #inner  #iterative  time
------------------------------------------------------------------------------
    0      2.55e+01                                                      3.97
    1      2.30e-04   1.00e+00   3.56e-06   1.35e-01    0         1     21.11
Finished, because...
Error smaller than 1 ( 1.3546E-01 ).

Accumulated times:
Assembly time:        9.23 s
Solve time:     11.84 s
Total time:     21.11 s

contact        voltage     electron current    hole current  conduction current
 drain_N      7.000E-01       4.460E-20         3.318E-33        4.460E-20
 drain_P      0.000E+00      -3.233E-32         2.956E-20        2.956E-20
 gate         6.400E-01       0.000E+00         0.000E+00        0.000E+00
 source_N     0.000E+00      -1.916E-20         1.986E-35       -1.916E-20
 source_P     0.000E+00      -3.056E-32        -5.692E-21       -5.692E-21

Computing step from t=0.64 to t=0.645 (Stepsize: 5.0000e-03) :
Extrapolating values for t = 0.645 ... done.
Computing Coupled( 1 poisson-equation(s) , 1 current-contact-equation(s) , 
                   1 electron-equation(s) , 1 hole-equation(s) ) 
using Bank/Rose nonlinear solver.

Iteration   |Rhs|      factor     |step|     error   #inner  #iterative  time
------------------------------------------------------------------------------
    0      2.56e+01                                                      3.99
    1      2.32e-04   1.00e+00   3.56e-06   1.36e-01    0         1     21.06
Finished, because...
Error smaller than 1 ( 1.3610E-01 ).

Accumulated times:
Assembly time:        9.21 s
Solve time:     11.81 s
Total time:     21.06 s

contact        voltage     electron current    hole current  conduction current
 drain_N      7.000E-01      -5.529E-20         3.195E-33       -5.529E-20
 drain_P      0.000E+00      -3.242E-32         1.164E-21        1.164E-21
 gate         6.450E-01       0.000E+00         0.000E+00        0.000E+00
 source_N     0.000E+00       3.993E-20         1.989E-35        3.993E-20
 source_P     0.000E+00      -3.066E-32        -2.135E-20       -2.135E-20

Computing step from t=0.645 to t=0.65 (Stepsize: 5.0000e-03) :
Extrapolating values for t = 0.65 ... done.
Computing Coupled( 1 poisson-equation(s) , 1 current-contact-equation(s) , 
                   1 electron-equation(s) , 1 hole-equation(s) ) 
using Bank/Rose nonlinear solver.

Iteration   |Rhs|      factor     |step|     error   #inner  #iterative  time
------------------------------------------------------------------------------
    0      2.56e+01                                                      4.00
    1      2.34e-04   1.00e+00   3.56e-06   1.37e-01    0         1     21.13
Finished, because...
Error smaller than 1 ( 1.3675E-01 ).

Accumulated times:
Assembly time:        9.24 s
Solve time:     11.85 s
Total time:     21.13 s

contact        voltage     electron current    hole current  conduction current
 drain_N      7.000E-01      -3.222E-20         3.075E-33       -3.222E-20
 drain_P      0.000E+00      -3.249E-32         2.467E-20        2.467E-20
 gate         6.500E-01       0.000E+00         0.000E+00        0.000E+00
 source_N     0.000E+00      -7.222E-21         1.986E-35       -7.222E-21
 source_P     0.000E+00      -3.075E-32        -9.349E-21       -9.349E-21

Computing step from t=0.65 to t=0.655 (Stepsize: 5.0000e-03) :
Extrapolating values for t = 0.655 ... done.
Computing Coupled( 1 poisson-equation(s) , 1 current-contact-equation(s) , 
                   1 electron-equation(s) , 1 hole-equation(s) ) 
using Bank/Rose nonlinear solver.

Iteration   |Rhs|      factor     |step|     error   #inner  #iterative  time
------------------------------------------------------------------------------
    0      2.57e+01                                                      4.01
    1      2.35e-04   1.00e+00   3.57e-06   1.37e-01    0         1     21.24
Finished, because...
Error smaller than 1 ( 1.3741E-01 ).

Accumulated times:
Assembly time:        9.28 s
Solve time:     11.91 s
Total time:     21.24 s

contact        voltage     electron current    hole current  conduction current
 drain_N      7.000E-01      -9.022E-20         2.958E-33       -9.022E-20
 drain_P      0.000E+00      -3.257E-32         3.518E-20        3.518E-20
 gate         6.550E-01       0.000E+00         0.000E+00        0.000E+00
 source_N     0.000E+00       4.135E-21         1.987E-35        4.135E-21
 source_P     0.000E+00      -3.083E-32         1.548E-21        1.548E-21

Computing step from t=0.655 to t=0.66 (Stepsize: 5.0000e-03) :
Extrapolating values for t = 0.66 ... done.
Computing Coupled( 1 poisson-equation(s) , 1 current-contact-equation(s) , 
                   1 electron-equation(s) , 1 hole-equation(s) ) 
using Bank/Rose nonlinear solver.

Iteration   |Rhs|      factor     |step|     error   #inner  #iterative  time
------------------------------------------------------------------------------
    0      2.58e+01                                                      3.99
    1      2.37e-04   1.00e+00   3.57e-06   1.38e-01    0         1     21.23
Finished, because...
Error smaller than 1 ( 1.3805E-01 ).

Accumulated times:
Assembly time:        9.29 s
Solve time:     11.92 s
Total time:     21.23 s

contact        voltage     electron current    hole current  conduction current
 drain_N      7.000E-01       5.697E-20         2.838E-33        5.697E-20
 drain_P      0.000E+00      -3.263E-32        -2.242E-20       -2.242E-20
 gate         6.600E-01       0.000E+00         0.000E+00        0.000E+00
 source_N     0.000E+00       3.085E-21         1.982E-35        3.085E-21
 source_P     0.000E+00      -3.091E-32         1.506E-20        1.506E-20

Computing step from t=0.66 to t=0.665 (Stepsize: 5.0000e-03) :
Extrapolating values for t = 0.665 ... done.
Computing Coupled( 1 poisson-equation(s) , 1 current-contact-equation(s) , 
                   1 electron-equation(s) , 1 hole-equation(s) ) 
using Bank/Rose nonlinear solver.

Iteration   |Rhs|      factor     |step|     error   #inner  #iterative  time
------------------------------------------------------------------------------
    0      2.58e+01                                                      4.03
    1      2.38e-04   1.00e+00   3.57e-06   1.39e-01    0         1     21.20
Finished, because...
Error smaller than 1 ( 1.3870E-01 ).

Accumulated times:
Assembly time:        9.28 s
Solve time:     11.87 s
Total time:     21.20 s

contact        voltage     electron current    hole current  conduction current
 drain_N      7.000E-01      -5.551E-21         2.723E-33       -5.551E-21
 drain_P      0.000E+00      -3.269E-32         3.430E-20        3.430E-20
 gate         6.650E-01       0.000E+00         0.000E+00        0.000E+00
 source_N     0.000E+00      -2.379E-20         1.984E-35       -2.379E-20
 source_P     0.000E+00      -3.099E-32        -4.947E-20       -4.947E-20

Computing step from t=0.665 to t=0.67 (Stepsize: 5.0000e-03) :
Extrapolating values for t = 0.67 ... done.
Computing Coupled( 1 poisson-equation(s) , 1 current-contact-equation(s) , 
                   1 electron-equation(s) , 1 hole-equation(s) ) 
using Bank/Rose nonlinear solver.

Iteration   |Rhs|      factor     |step|     error   #inner  #iterative  time
------------------------------------------------------------------------------
    0      2.59e+01                                                      4.00
    1      2.39e-04   1.00e+00   3.58e-06   1.39e-01    0         1     21.20
Finished, because...
Error smaller than 1 ( 1.3935E-01 ).

Accumulated times:
Assembly time:        9.27 s
Solve time:     11.89 s
Total time:     21.20 s

contact        voltage     electron current    hole current  conduction current
 drain_N      7.000E-01      -3.320E-20         2.611E-33       -3.320E-20
 drain_P      0.000E+00      -3.275E-32         1.858E-20        1.858E-20
 gate         6.700E-01       0.000E+00         0.000E+00        0.000E+00
 source_N     0.000E+00      -1.110E-20         1.980E-35       -1.110E-20
 source_P     0.000E+00      -3.105E-32         1.626E-20        1.626E-20

Computing step from t=0.67 to t=0.675 (Stepsize: 5.0000e-03) :
Extrapolating values for t = 0.675 ... done.
Computing Coupled( 1 poisson-equation(s) , 1 current-contact-equation(s) , 
                   1 electron-equation(s) , 1 hole-equation(s) ) 
using Bank/Rose nonlinear solver.

Iteration   |Rhs|      factor     |step|     error   #inner  #iterative  time
------------------------------------------------------------------------------
    0      2.60e+01                                                      3.99
    1      2.40e-04   1.00e+00   3.58e-06   1.40e-01    0         1     21.09
Finished, because...
Error smaller than 1 ( 1.4000E-01 ).

Accumulated times:
Assembly time:        9.19 s
Solve time:     11.87 s
Total time:     21.09 s

contact        voltage     electron current    hole current  conduction current
 drain_N      7.000E-01       9.144E-20         2.500E-33        9.144E-20
 drain_P      0.000E+00      -3.280E-32         6.069E-21        6.069E-21
 gate         6.750E-01       0.000E+00         0.000E+00        0.000E+00
 source_N     0.000E+00       2.041E-20         1.982E-35        2.041E-20
 source_P     0.000E+00      -3.112E-32         3.674E-20        3.674E-20

Computing step from t=0.675 to t=0.68 (Stepsize: 5.0000e-03) :
Extrapolating values for t = 0.68 ... done.
Computing Coupled( 1 poisson-equation(s) , 1 current-contact-equation(s) , 
                   1 electron-equation(s) , 1 hole-equation(s) ) 
using Bank/Rose nonlinear solver.

Iteration   |Rhs|      factor     |step|     error   #inner  #iterative  time
------------------------------------------------------------------------------
    0      2.60e+01                                                      4.00
    1      2.41e-04   1.00e+00   3.58e-06   1.41e-01    0         1     21.18
Finished, because...
Error smaller than 1 ( 1.4066E-01 ).

Accumulated times:
Assembly time:        9.26 s
Solve time:     11.88 s
Total time:     21.18 s

contact        voltage     electron current    hole current  conduction current
 drain_N      7.000E-01      -8.426E-20         2.391E-33       -8.426E-20
 drain_P      0.000E+00      -3.284E-32        -8.844E-21       -8.844E-21
 gate         6.800E-01       0.000E+00         0.000E+00        0.000E+00
 source_N     0.000E+00       1.045E-20         1.979E-35        1.045E-20
 source_P     0.000E+00      -3.118E-32         1.655E-20        1.655E-20

Computing step from t=0.68 to t=0.685 (Stepsize: 5.0000e-03) :
Extrapolating values for t = 0.685 ... done.
Computing Coupled( 1 poisson-equation(s) , 1 current-contact-equation(s) , 
                   1 electron-equation(s) , 1 hole-equation(s) ) 
using Bank/Rose nonlinear solver.

Iteration   |Rhs|      factor     |step|     error   #inner  #iterative  time
------------------------------------------------------------------------------
    0      2.61e+01                                                      3.99
    1      2.43e-04   1.00e+00   3.58e-06   1.41e-01    0         1     21.24
Finished, because...
Error smaller than 1 ( 1.4132E-01 ).

Accumulated times:
Assembly time:        9.29 s
Solve time:     11.91 s
Total time:     21.24 s

contact        voltage     electron current    hole current  conduction current
 drain_N      7.000E-01       8.419E-21         2.286E-33        8.419E-21
 drain_P      0.000E+00      -3.288E-32        -1.388E-20       -1.388E-20
 gate         6.850E-01       0.000E+00         0.000E+00        0.000E+00
 source_N     0.000E+00       2.311E-20         1.984E-35        2.311E-20
 source_P     0.000E+00      -3.123E-32        -4.924E-21       -4.924E-21

Computing step from t=0.685 to t=0.69 (Stepsize: 5.0000e-03) :
Extrapolating values for t = 0.69 ... done.
Computing Coupled( 1 poisson-equation(s) , 1 current-contact-equation(s) , 
                   1 electron-equation(s) , 1 hole-equation(s) ) 
using Bank/Rose nonlinear solver.

Iteration   |Rhs|      factor     |step|     error   #inner  #iterative  time
------------------------------------------------------------------------------
    0      2.61e+01                                                      4.00
    1      2.44e-04   1.00e+00   3.59e-06   1.42e-01    0         1     21.06
Finished, because...
Error smaller than 1 ( 1.4198E-01 ).

Accumulated times:
Assembly time:        9.21 s
Solve time:     11.81 s
Total time:     21.06 s

contact        voltage     electron current    hole current  conduction current
 drain_N      7.000E-01       4.558E-20         2.183E-33        4.558E-20
 drain_P      0.000E+00      -3.292E-32         6.646E-20        6.646E-20
 gate         6.900E-01       0.000E+00         0.000E+00        0.000E+00
 source_N     0.000E+00      -1.646E-20         1.981E-35       -1.646E-20
 source_P     0.000E+00      -3.127E-32         3.931E-20        3.931E-20

Computing step from t=0.69 to t=0.695 (Stepsize: 5.0000e-03) :
Extrapolating values for t = 0.695 ... done.
Computing Coupled( 1 poisson-equation(s) , 1 current-contact-equation(s) , 
                   1 electron-equation(s) , 1 hole-equation(s) ) 
using Bank/Rose nonlinear solver.

Iteration   |Rhs|      factor     |step|     error   #inner  #iterative  time
------------------------------------------------------------------------------
    0      2.62e+01                                                      3.98
    1      2.46e-04   1.00e+00   3.59e-06   1.43e-01    0         1     21.15
Finished, because...
Error smaller than 1 ( 1.4264E-01 ).

Accumulated times:
Assembly time:        9.20 s
Solve time:     11.91 s
Total time:     21.15 s

contact        voltage     electron current    hole current  conduction current
 drain_N      7.000E-01      -4.760E-20         2.083E-33       -4.760E-20
 drain_P      0.000E+00      -3.295E-32         3.752E-20        3.752E-20
 gate         6.950E-01       0.000E+00         0.000E+00        0.000E+00
 source_N     0.000E+00       2.409E-20         1.983E-35        2.409E-20
 source_P     0.000E+00      -3.132E-32        -4.389E-20       -4.389E-20

Computing step from t=0.695 to t=0.7 (Stepsize: 5.0000e-03) :
Extrapolating values for t = 0.7 ... done.
Computing Coupled( 1 poisson-equation(s) , 1 current-contact-equation(s) , 
                   1 electron-equation(s) , 1 hole-equation(s) ) 
using Bank/Rose nonlinear solver.

Iteration   |Rhs|      factor     |step|     error   #inner  #iterative  time
------------------------------------------------------------------------------
    0      2.62e+01                                                      3.96
    1      2.47e-04   1.00e+00   3.59e-06   1.43e-01    0         1     21.15
Finished, because...
Error smaller than 1 ( 1.4332E-01 ).

Accumulated times:
Assembly time:        9.21 s
Solve time:     11.90 s
Total time:     21.15 s

contact        voltage     electron current    hole current  conduction current
 drain_N      7.000E-01       4.393E-20         1.988E-33        4.393E-20
 drain_P      0.000E+00      -3.297E-32        -3.611E-20       -3.611E-20
 gate         7.000E-01       0.000E+00         0.000E+00        0.000E+00
 source_N     0.000E+00       1.796E-20         1.980E-35        1.796E-20
 source_P     0.000E+00      -3.135E-32        -2.481E-20       -2.481E-20

Computing step from t=0.7 to t=0.705 (Stepsize: 5.0000e-03) :
Extrapolating values for t = 0.705 ... done.
Computing Coupled( 1 poisson-equation(s) , 1 current-contact-equation(s) , 
                   1 electron-equation(s) , 1 hole-equation(s) ) 
using Bank/Rose nonlinear solver.

Iteration   |Rhs|      factor     |step|     error   #inner  #iterative  time
------------------------------------------------------------------------------
    0      2.63e+01                                                      3.98
    1      2.48e-04   1.00e+00   3.60e-06   1.44e-01    0         1     21.07
Finished, because...
Error smaller than 1 ( 1.4398E-01 ).

Accumulated times:
Assembly time:        9.19 s
Solve time:     11.84 s
Total time:     21.07 s

contact        voltage     electron current    hole current  conduction current
 drain_N      7.000E-01       3.772E-20         1.894E-33        3.772E-20
 drain_P      0.000E+00      -3.300E-32         4.136E-20        4.136E-20
 gate         7.050E-01       0.000E+00         0.000E+00        0.000E+00
 source_N     0.000E+00      -3.081E-20         1.978E-35       -3.081E-20
 source_P     0.000E+00      -3.138E-32         3.066E-21        3.066E-21

Computing step from t=0.705 to t=0.71 (Stepsize: 5.0000e-03) :
Extrapolating values for t = 0.71 ... done.
Computing Coupled( 1 poisson-equation(s) , 1 current-contact-equation(s) , 
                   1 electron-equation(s) , 1 hole-equation(s) ) 
using Bank/Rose nonlinear solver.

Iteration   |Rhs|      factor     |step|     error   #inner  #iterative  time
------------------------------------------------------------------------------
    0      2.63e+01                                                      3.98
    1      2.50e-04   1.00e+00   3.60e-06   1.45e-01    0         1     21.10
Finished, because...
Error smaller than 1 ( 1.4465E-01 ).

Accumulated times:
Assembly time:        9.20 s
Solve time:     11.86 s
Total time:     21.10 s

contact        voltage     electron current    hole current  conduction current
 drain_N      7.000E-01       3.090E-20         1.804E-33        3.090E-20
 drain_P      0.000E+00      -3.301E-32        -1.504E-20       -1.504E-20
 gate         7.100E-01       0.000E+00         0.000E+00        0.000E+00
 source_N     0.000E+00       7.791E-20         1.981E-35        7.791E-20
 source_P     0.000E+00      -3.141E-32        -2.044E-23       -2.044E-23

Computing step from t=0.71 to t=0.715 (Stepsize: 5.0000e-03) :
Extrapolating values for t = 0.715 ... done.
Computing Coupled( 1 poisson-equation(s) , 1 current-contact-equation(s) , 
                   1 electron-equation(s) , 1 hole-equation(s) ) 
using Bank/Rose nonlinear solver.

Iteration   |Rhs|      factor     |step|     error   #inner  #iterative  time
------------------------------------------------------------------------------
    0      2.64e+01                                                      3.96
    1      2.51e-04   1.00e+00   3.60e-06   1.45e-01    0         1     21.14
Finished, because...
Error smaller than 1 ( 1.4531E-01 ).

Accumulated times:
Assembly time:        9.23 s
Solve time:     11.87 s
Total time:     21.14 s

contact        voltage     electron current    hole current  conduction current
 drain_N      7.000E-01      -7.625E-20         1.720E-33       -7.625E-20
 drain_P      0.000E+00      -3.303E-32         3.698E-20        3.698E-20
 gate         7.150E-01       0.000E+00         0.000E+00        0.000E+00
 source_N     0.000E+00      -1.826E-20         1.977E-35       -1.826E-20
 source_P     0.000E+00      -3.143E-32        -4.125E-20       -4.125E-20

Computing step from t=0.715 to t=0.72 (Stepsize: 5.0000e-03) :
Extrapolating values for t = 0.72 ... done.
Computing Coupled( 1 poisson-equation(s) , 1 current-contact-equation(s) , 
                   1 electron-equation(s) , 1 hole-equation(s) ) 
using Bank/Rose nonlinear solver.

Iteration   |Rhs|      factor     |step|     error   #inner  #iterative  time
------------------------------------------------------------------------------
    0      2.64e+01                                                      3.97
    1      2.52e-04   1.00e+00   3.61e-06   1.46e-01    0         1     21.12
Finished, because...
Error smaller than 1 ( 1.4598E-01 ).

Accumulated times:
Assembly time:        9.21 s
Solve time:     11.88 s
Total time:     21.12 s

contact        voltage     electron current    hole current  conduction current
 drain_N      7.000E-01       1.622E-20         1.642E-33        1.622E-20
 drain_P      0.000E+00      -3.304E-32         3.870E-20        3.870E-20
 gate         7.200E-01       0.000E+00         0.000E+00        0.000E+00
 source_N     0.000E+00      -1.233E-20         1.982E-35       -1.233E-20
 source_P     0.000E+00      -3.145E-32        -4.582E-21       -4.582E-21

Computing step from t=0.72 to t=0.725 (Stepsize: 5.0000e-03) :
Extrapolating values for t = 0.725 ... done.
Computing Coupled( 1 poisson-equation(s) , 1 current-contact-equation(s) , 
                   1 electron-equation(s) , 1 hole-equation(s) ) 
using Bank/Rose nonlinear solver.

Iteration   |Rhs|      factor     |step|     error   #inner  #iterative  time
------------------------------------------------------------------------------
    0      2.65e+01                                                      4.02
    1      2.54e-04   1.00e+00   3.61e-06   1.47e-01    0         1     21.10
Finished, because...
Error smaller than 1 ( 1.4666E-01 ).

Accumulated times:
Assembly time:        9.24 s
Solve time:     11.80 s
Total time:     21.10 s

contact        voltage     electron current    hole current  conduction current
 drain_N      7.000E-01       2.606E-20         1.567E-33        2.606E-20
 drain_P      0.000E+00      -3.304E-32        -1.111E-20       -1.111E-20
 gate         7.250E-01       0.000E+00         0.000E+00        0.000E+00
 source_N     0.000E+00       6.715E-21         1.980E-35        6.715E-21
 source_P     0.000E+00      -3.146E-32        -6.520E-21       -6.520E-21

Computing step from t=0.725 to t=0.73 (Stepsize: 5.0000e-03) :
Extrapolating values for t = 0.73 ... done.
Computing Coupled( 1 poisson-equation(s) , 1 current-contact-equation(s) , 
                   1 electron-equation(s) , 1 hole-equation(s) ) 
using Bank/Rose nonlinear solver.

Iteration   |Rhs|      factor     |step|     error   #inner  #iterative  time
------------------------------------------------------------------------------
    0      2.65e+01                                                      3.95
    1      2.55e-04   1.00e+00   3.61e-06   1.47e-01    0         1     21.05
Finished, because...
Error smaller than 1 ( 1.4733E-01 ).

Accumulated times:
Assembly time:        9.22 s
Solve time:     11.79 s
Total time:     21.05 s

contact        voltage     electron current    hole current  conduction current
 drain_N      7.000E-01      -2.930E-20         1.485E-33       -2.930E-20
 drain_P      0.000E+00      -3.304E-32        -5.150E-20       -5.150E-20
 gate         7.300E-01       0.000E+00         0.000E+00        0.000E+00
 source_N     0.000E+00      -5.263E-20         1.978E-35       -5.263E-20
 source_P     0.000E+00      -3.147E-32        -3.841E-20       -3.841E-20

Computing step from t=0.73 to t=0.735 (Stepsize: 5.0000e-03) :
Extrapolating values for t = 0.735 ... done.
Computing Coupled( 1 poisson-equation(s) , 1 current-contact-equation(s) , 
                   1 electron-equation(s) , 1 hole-equation(s) ) 
using Bank/Rose nonlinear solver.

Iteration   |Rhs|      factor     |step|     error   #inner  #iterative  time
------------------------------------------------------------------------------
    0      2.66e+01                                                      4.00
    1      2.57e-04   1.00e+00   3.62e-06   1.48e-01    0         1     21.20
Finished, because...
Error smaller than 1 ( 1.4799E-01 ).

Accumulated times:
Assembly time:        9.23 s
Solve time:     11.94 s
Total time:     21.20 s

contact        voltage     electron current    hole current  conduction current
 drain_N      7.000E-01      -3.058E-20         1.402E-33       -3.058E-20
 drain_P      0.000E+00      -3.304E-32        -7.585E-21       -7.585E-21
 gate         7.350E-01       0.000E+00         0.000E+00        0.000E+00
 source_N     0.000E+00      -3.986E-20         1.977E-35       -3.986E-20
 source_P     0.000E+00      -3.148E-32         2.795E-20        2.795E-20

Computing step from t=0.735 to t=0.74 (Stepsize: 5.0000e-03) :
Extrapolating values for t = 0.74 ... done.
Computing Coupled( 1 poisson-equation(s) , 1 current-contact-equation(s) , 
                   1 electron-equation(s) , 1 hole-equation(s) ) 
using Bank/Rose nonlinear solver.

Iteration   |Rhs|      factor     |step|     error   #inner  #iterative  time
------------------------------------------------------------------------------
    0      2.66e+01                                                      3.99
    1      2.58e-04   1.00e+00   3.62e-06   1.49e-01    0         1     21.19
Finished, because...
Error smaller than 1 ( 1.4864E-01 ).

Accumulated times:
Assembly time:        9.20 s
Solve time:     11.94 s
Total time:     21.19 s

contact        voltage     electron current    hole current  conduction current
 drain_N      7.000E-01       4.055E-20         1.323E-33        4.055E-20
 drain_P      0.000E+00      -3.303E-32        -2.864E-20       -2.864E-20
 gate         7.400E-01       0.000E+00         0.000E+00        0.000E+00
 source_N     0.000E+00      -4.065E-20         1.975E-35       -4.065E-20
 source_P     0.000E+00      -3.148E-32         4.112E-21        4.112E-21

Computing step from t=0.74 to t=0.745 (Stepsize: 5.0000e-03) :
Extrapolating values for t = 0.745 ... done.
Computing Coupled( 1 poisson-equation(s) , 1 current-contact-equation(s) , 
                   1 electron-equation(s) , 1 hole-equation(s) ) 
using Bank/Rose nonlinear solver.

Iteration   |Rhs|      factor     |step|     error   #inner  #iterative  time
------------------------------------------------------------------------------
    0      2.67e+01                                                      3.96
    1      2.59e-04   1.00e+00   3.62e-06   1.49e-01    0         1     21.10
Finished, because...
Error smaller than 1 ( 1.4929E-01 ).

Accumulated times:
Assembly time:        9.22 s
Solve time:     11.85 s
Total time:     21.10 s

contact        voltage     electron current    hole current  conduction current
 drain_N      7.000E-01       1.028E-19         1.247E-33        1.028E-19
 drain_P      0.000E+00      -3.303E-32        -1.112E-19       -1.112E-19
 gate         7.450E-01       0.000E+00         0.000E+00        0.000E+00
 source_N     0.000E+00       2.856E-20         1.980E-35        2.856E-20
 source_P     0.000E+00      -3.147E-32         3.372E-22        3.372E-22

Computing step from t=0.745 to t=0.75 (Stepsize: 5.0000e-03) :
Extrapolating values for t = 0.75 ... done.
Computing Coupled( 1 poisson-equation(s) , 1 current-contact-equation(s) , 
                   1 electron-equation(s) , 1 hole-equation(s) ) 
using Bank/Rose nonlinear solver.

Iteration   |Rhs|      factor     |step|     error   #inner  #iterative  time
------------------------------------------------------------------------------
    0      2.67e+01                                                      3.98
    1      2.61e-04   1.00e+00   3.62e-06   1.50e-01    0         1     21.19
Finished, because...
Error smaller than 1 ( 1.4994E-01 ).

Accumulated times:
Assembly time:        9.20 s
Solve time:     11.94 s
Total time:     21.19 s

contact        voltage     electron current    hole current  conduction current
 drain_N      7.000E-01      -9.734E-20         1.175E-33       -9.734E-20
 drain_P      0.000E+00      -3.301E-32         1.781E-20        1.781E-20
 gate         7.500E-01       0.000E+00         0.000E+00        0.000E+00
 source_N     0.000E+00      -2.774E-21         1.978E-35       -2.774E-21
 source_P     0.000E+00      -3.147E-32         4.608E-20        4.608E-20

Computing step from t=0.75 to t=0.755 (Stepsize: 5.0000e-03) :
Extrapolating values for t = 0.755 ... done.
Computing Coupled( 1 poisson-equation(s) , 1 current-contact-equation(s) , 
                   1 electron-equation(s) , 1 hole-equation(s) ) 
using Bank/Rose nonlinear solver.

Iteration   |Rhs|      factor     |step|     error   #inner  #iterative  time
------------------------------------------------------------------------------
    0      2.68e+01                                                      4.01
    1      2.62e-04   1.00e+00   3.63e-06   1.51e-01    0         1     21.17
Finished, because...
Error smaller than 1 ( 1.5060E-01 ).

Accumulated times:
Assembly time:        9.24 s
Solve time:     11.90 s
Total time:     21.17 s

contact        voltage     electron current    hole current  conduction current
 drain_N      7.000E-01      -7.623E-21         1.107E-33       -7.623E-21
 drain_P      0.000E+00      -3.300E-32        -7.886E-20       -7.886E-20
 gate         7.550E-01       0.000E+00         0.000E+00        0.000E+00
 source_N     0.000E+00      -5.928E-20         1.975E-35       -5.928E-20
 source_P     0.000E+00      -3.146E-32        -5.915E-20       -5.915E-20

Computing step from t=0.755 to t=0.76 (Stepsize: 5.0000e-03) :
Extrapolating values for t = 0.76 ... done.
Computing Coupled( 1 poisson-equation(s) , 1 current-contact-equation(s) , 
                   1 electron-equation(s) , 1 hole-equation(s) ) 
using Bank/Rose nonlinear solver.

Iteration   |Rhs|      factor     |step|     error   #inner  #iterative  time
------------------------------------------------------------------------------
    0      2.68e+01                                                      3.97
    1      2.64e-04   1.00e+00   3.63e-06   1.51e-01    0         1     21.14
Finished, because...
Error smaller than 1 ( 1.5124E-01 ).

Accumulated times:
Assembly time:        9.25 s
Solve time:     11.84 s
Total time:     21.14 s

contact        voltage     electron current    hole current  conduction current
 drain_N      7.000E-01       4.227E-20         1.041E-33        4.227E-20
 drain_P      0.000E+00      -3.298E-32         7.466E-20        7.466E-20
 gate         7.600E-01       0.000E+00         0.000E+00        0.000E+00
 source_N     0.000E+00       2.499E-20         1.978E-35        2.499E-20
 source_P     0.000E+00      -3.144E-32        -2.922E-20       -2.922E-20

Computing step from t=0.76 to t=0.765 (Stepsize: 5.0000e-03) :
Extrapolating values for t = 0.765 ... done.
Computing Coupled( 1 poisson-equation(s) , 1 current-contact-equation(s) , 
                   1 electron-equation(s) , 1 hole-equation(s) ) 
using Bank/Rose nonlinear solver.

Iteration   |Rhs|      factor     |step|     error   #inner  #iterative  time
------------------------------------------------------------------------------
    0      2.69e+01                                                      4.01
    1      2.65e-04   1.00e+00   3.63e-06   1.52e-01    0         1     21.16
Finished, because...
Error smaller than 1 ( 1.5187E-01 ).

Accumulated times:
Assembly time:        9.24 s
Solve time:     11.88 s
Total time:     21.16 s

contact        voltage     electron current    hole current  conduction current
 drain_N      7.000E-01       3.825E-20         9.774E-34        3.825E-20
 drain_P      0.000E+00      -3.296E-32        -2.096E-20       -2.096E-20
 gate         7.650E-01       0.000E+00         0.000E+00        0.000E+00
 source_N     0.000E+00      -1.266E-20         1.977E-35       -1.266E-20
 source_P     0.000E+00      -3.142E-32         1.006E-20        1.006E-20

Computing step from t=0.765 to t=0.77 (Stepsize: 5.0000e-03) :
Extrapolating values for t = 0.77 ... done.
Computing Coupled( 1 poisson-equation(s) , 1 current-contact-equation(s) , 
                   1 electron-equation(s) , 1 hole-equation(s) ) 
using Bank/Rose nonlinear solver.

Iteration   |Rhs|      factor     |step|     error   #inner  #iterative  time
------------------------------------------------------------------------------
    0      2.69e+01                                                      3.98
    1      2.66e-04   1.00e+00   3.63e-06   1.53e-01    0         1     21.11
Finished, because...
Error smaller than 1 ( 1.5252E-01 ).

Accumulated times:
Assembly time:        9.26 s
Solve time:     11.80 s
Total time:     21.11 s

contact        voltage     electron current    hole current  conduction current
 drain_N      7.000E-01       3.124E-20         9.185E-34        3.124E-20
 drain_P      0.000E+00      -3.293E-32         9.015E-21        9.015E-21
 gate         7.700E-01       0.000E+00         0.000E+00        0.000E+00
 source_N     0.000E+00       4.774E-20         1.981E-35        4.774E-20
 source_P     0.000E+00      -3.140E-32         1.781E-20        1.781E-20

Computing step from t=0.77 to t=0.775 (Stepsize: 5.0000e-03) :
Extrapolating values for t = 0.775 ... done.
Computing Coupled( 1 poisson-equation(s) , 1 current-contact-equation(s) , 
                   1 electron-equation(s) , 1 hole-equation(s) ) 
using Bank/Rose nonlinear solver.

Iteration   |Rhs|      factor     |step|     error   #inner  #iterative  time
------------------------------------------------------------------------------
    0      2.70e+01                                                      4.00
    1      2.68e-04   1.00e+00   3.64e-06   1.53e-01    0         1     21.18
Finished, because...
Error smaller than 1 ( 1.5316E-01 ).

Accumulated times:
Assembly time:        9.30 s
Solve time:     11.84 s
Total time:     21.18 s

contact        voltage     electron current    hole current  conduction current
 drain_N      7.000E-01       1.042E-19         8.618E-34        1.042E-19
 drain_P      0.000E+00      -3.290E-32         5.206E-20        5.206E-20
 gate         7.750E-01       0.000E+00         0.000E+00        0.000E+00
 source_N     0.000E+00      -3.250E-20         1.976E-35       -3.250E-20
 source_P     0.000E+00      -3.138E-32        -1.680E-20       -1.680E-20

Computing step from t=0.775 to t=0.78 (Stepsize: 5.0000e-03) :
Extrapolating values for t = 0.78 ... done.
Computing Coupled( 1 poisson-equation(s) , 1 current-contact-equation(s) , 
                   1 electron-equation(s) , 1 hole-equation(s) ) 
using Bank/Rose nonlinear solver.

Iteration   |Rhs|      factor     |step|     error   #inner  #iterative  time
------------------------------------------------------------------------------
    0      2.70e+01                                                      4.00
    1      2.69e-04   1.00e+00   3.64e-06   1.54e-01    0         1     21.07
Finished, because...
Error smaller than 1 ( 1.5380E-01 ).

Accumulated times:
Assembly time:        9.16 s
Solve time:     11.87 s
Total time:     21.07 s

contact        voltage     electron current    hole current  conduction current
 drain_N      7.000E-01      -3.468E-20         8.081E-34       -3.468E-20
 drain_P      0.000E+00      -3.287E-32         2.292E-20        2.292E-20
 gate         7.800E-01       0.000E+00         0.000E+00        0.000E+00
 source_N     0.000E+00      -3.922E-20         1.976E-35       -3.922E-20
 source_P     0.000E+00      -3.135E-32        -2.344E-21       -2.344E-21

Computing step from t=0.78 to t=0.785 (Stepsize: 5.0000e-03) :
Extrapolating values for t = 0.785 ... done.
Computing Coupled( 1 poisson-equation(s) , 1 current-contact-equation(s) , 
                   1 electron-equation(s) , 1 hole-equation(s) ) 
using Bank/Rose nonlinear solver.

Iteration   |Rhs|      factor     |step|     error   #inner  #iterative  time
------------------------------------------------------------------------------
    0      2.71e+01                                                      3.95
    1      2.70e-04   1.00e+00   3.64e-06   1.54e-01    0         1     21.08
Finished, because...
Error smaller than 1 ( 1.5444E-01 ).

Accumulated times:
Assembly time:        9.19 s
Solve time:     11.85 s
Total time:     21.08 s

contact        voltage     electron current    hole current  conduction current
 drain_N      7.000E-01      -1.986E-20         7.578E-34       -1.986E-20
 drain_P      0.000E+00      -3.284E-32         2.303E-21        2.303E-21
 gate         7.850E-01       0.000E+00         0.000E+00        0.000E+00
 source_N     0.000E+00       2.821E-20         1.975E-35        2.821E-20
 source_P     0.000E+00      -3.132E-32        -3.557E-20       -3.557E-20

Computing step from t=0.785 to t=0.79 (Stepsize: 5.0000e-03) :
Extrapolating values for t = 0.79 ... done.
Computing Coupled( 1 poisson-equation(s) , 1 current-contact-equation(s) , 
                   1 electron-equation(s) , 1 hole-equation(s) ) 
using Bank/Rose nonlinear solver.

Iteration   |Rhs|      factor     |step|     error   #inner  #iterative  time
------------------------------------------------------------------------------
    0      2.71e+01                                                      3.98
    1      2.72e-04   1.00e+00   3.64e-06   1.55e-01    0         1     21.83
Finished, because...
Error smaller than 1 ( 1.5508E-01 ).

Accumulated times:
Assembly time:        9.62 s
Solve time:     12.17 s
Total time:     21.83 s

contact        voltage     electron current    hole current  conduction current
 drain_N      7.000E-01       3.113E-20         7.104E-34        3.113E-20
 drain_P      0.000E+00      -3.281E-32         7.292E-21        7.292E-21
 gate         7.900E-01       0.000E+00         0.000E+00        0.000E+00
 source_N     0.000E+00      -6.722E-20         1.977E-35       -6.722E-20
 source_P     0.000E+00      -3.129E-32        -2.878E-20       -2.878E-20

Computing step from t=0.79 to t=0.795 (Stepsize: 5.0000e-03) :
Extrapolating values for t = 0.795 ... done.
Computing Coupled( 1 poisson-equation(s) , 1 current-contact-equation(s) , 
                   1 electron-equation(s) , 1 hole-equation(s) ) 
using Bank/Rose nonlinear solver.

Iteration   |Rhs|      factor     |step|     error   #inner  #iterative  time
------------------------------------------------------------------------------
    0      2.72e+01                                                      4.33
    1      2.73e-04   1.00e+00   3.65e-06   1.56e-01    0         1     22.08
Finished, because...
Error smaller than 1 ( 1.5573E-01 ).

Accumulated times:
Assembly time:        9.58 s
Solve time:     12.47 s
Total time:     22.08 s

contact        voltage     electron current    hole current  conduction current
 drain_N      7.000E-01       6.749E-20         6.666E-34        6.749E-20
 drain_P      0.000E+00      -3.277E-32         2.079E-22        2.079E-22
 gate         7.950E-01       0.000E+00         0.000E+00        0.000E+00
 source_N     0.000E+00      -1.618E-20         1.976E-35       -1.618E-20
 source_P     0.000E+00      -3.125E-32        -1.513E-20       -1.513E-20

Computing step from t=0.795 to t=0.8 (Stepsize: 5.0000e-03) :
Extrapolating values for t = 0.8 ... done.
Computing Coupled( 1 poisson-equation(s) , 1 current-contact-equation(s) , 
                   1 electron-equation(s) , 1 hole-equation(s) ) 
using Bank/Rose nonlinear solver.

Iteration   |Rhs|      factor     |step|     error   #inner  #iterative  time
------------------------------------------------------------------------------
    0      2.72e+01                                                      4.00
    1      2.75e-04   1.00e+00   3.65e-06   1.56e-01    0         1     21.39
Finished, because...
Error smaller than 1 ( 1.5636E-01 ).

Accumulated times:
Assembly time:        9.32 s
Solve time:     12.02 s
Total time:     21.39 s

contact        voltage     electron current    hole current  conduction current
 drain_N      7.000E-01      -2.039E-21         6.238E-34       -2.039E-21
 drain_P      0.000E+00      -3.273E-32        -7.685E-20       -7.685E-20
 gate         8.000E-01       0.000E+00         0.000E+00        0.000E+00
 source_N     0.000E+00       1.009E-20         1.976E-35        1.009E-20
 source_P     0.000E+00      -3.121E-32         2.411E-20        2.411E-20

Computing step from t=0.8 to t=0.805 (Stepsize: 5.0000e-03) :
Extrapolating values for t = 0.805 ... done.
Computing Coupled( 1 poisson-equation(s) , 1 current-contact-equation(s) , 
                   1 electron-equation(s) , 1 hole-equation(s) ) 
using Bank/Rose nonlinear solver.

Iteration   |Rhs|      factor     |step|     error   #inner  #iterative  time
------------------------------------------------------------------------------
    0      2.73e+01                                                      4.04
    1      2.76e-04   1.00e+00   3.65e-06   1.57e-01    0         1     21.54
Finished, because...
Error smaller than 1 ( 1.5698E-01 ).

Accumulated times:
Assembly time:        9.36 s
Solve time:     12.15 s
Total time:     21.54 s

contact        voltage     electron current    hole current  conduction current
 drain_N      7.000E-01      -3.028E-21         5.825E-34       -3.028E-21
 drain_P      0.000E+00      -3.269E-32         3.466E-21        3.466E-21
 gate         8.050E-01       0.000E+00         0.000E+00        0.000E+00
 source_N     0.000E+00      -1.962E-20         1.976E-35       -1.962E-20
 source_P     0.000E+00      -3.117E-32         4.247E-21        4.247E-21

Computing step from t=0.805 to t=0.81 (Stepsize: 5.0000e-03) :
Extrapolating values for t = 0.81 ... done.
Computing Coupled( 1 poisson-equation(s) , 1 current-contact-equation(s) , 
                   1 electron-equation(s) , 1 hole-equation(s) ) 
using Bank/Rose nonlinear solver.

Iteration   |Rhs|      factor     |step|     error   #inner  #iterative  time
------------------------------------------------------------------------------
    0      2.73e+01                                                      4.04
    1      2.77e-04   1.00e+00   3.65e-06   1.58e-01    0         1     21.28
Finished, because...
Error smaller than 1 ( 1.5758E-01 ).

Accumulated times:
Assembly time:        9.28 s
Solve time:     11.96 s
Total time:     21.28 s

contact        voltage     electron current    hole current  conduction current
 drain_N      7.000E-01      -4.749E-22         5.436E-34       -4.749E-22
 drain_P      0.000E+00      -3.264E-32        -1.317E-20       -1.317E-20
 gate         8.100E-01       0.000E+00         0.000E+00        0.000E+00
 source_N     0.000E+00      -1.960E-20         1.979E-35       -1.960E-20
 source_P     0.000E+00      -3.113E-32         1.654E-20        1.654E-20

Computing step from t=0.81 to t=0.815 (Stepsize: 5.0000e-03) :
Extrapolating values for t = 0.815 ... done.
Computing Coupled( 1 poisson-equation(s) , 1 current-contact-equation(s) , 
                   1 electron-equation(s) , 1 hole-equation(s) ) 
using Bank/Rose nonlinear solver.

Iteration   |Rhs|      factor     |step|     error   #inner  #iterative  time
------------------------------------------------------------------------------
    0      2.74e+01                                                      4.02
    1      2.79e-04   1.00e+00   3.65e-06   1.58e-01    0         1     21.35
Finished, because...
Error smaller than 1 ( 1.5818E-01 ).

Accumulated times:
Assembly time:        9.28 s
Solve time:     12.02 s
Total time:     21.35 s

contact        voltage     electron current    hole current  conduction current
 drain_N      7.000E-01       1.529E-21         5.071E-34        1.529E-21
 drain_P      0.000E+00      -3.260E-32        -1.927E-21       -1.927E-21
 gate         8.150E-01       0.000E+00         0.000E+00        0.000E+00
 source_N     0.000E+00      -1.306E-20         1.978E-35       -1.306E-20
 source_P     0.000E+00      -3.108E-32         7.411E-21        7.411E-21

Computing step from t=0.815 to t=0.82 (Stepsize: 5.0000e-03) :
Extrapolating values for t = 0.82 ... done.
Computing Coupled( 1 poisson-equation(s) , 1 current-contact-equation(s) , 
                   1 electron-equation(s) , 1 hole-equation(s) ) 
using Bank/Rose nonlinear solver.

Iteration   |Rhs|      factor     |step|     error   #inner  #iterative  time
------------------------------------------------------------------------------
    0      2.74e+01                                                      4.01
    1      2.80e-04   1.00e+00   3.66e-06   1.59e-01    0         1     21.43
Finished, because...
Error smaller than 1 ( 1.5878E-01 ).

Accumulated times:
Assembly time:        9.33 s
Solve time:     12.05 s
Total time:     21.43 s

contact        voltage     electron current    hole current  conduction current
 drain_N      7.000E-01       4.351E-20         4.728E-34        4.351E-20
 drain_P      0.000E+00      -3.255E-32        -1.502E-20       -1.502E-20
 gate         8.200E-01       0.000E+00         0.000E+00        0.000E+00
 source_N     0.000E+00       7.887E-21         1.976E-35        7.887E-21
 source_P     0.000E+00      -3.103E-32        -3.719E-21       -3.719E-21

Computing step from t=0.82 to t=0.825 (Stepsize: 5.0000e-03) :
Extrapolating values for t = 0.825 ... done.
Computing Coupled( 1 poisson-equation(s) , 1 current-contact-equation(s) , 
                   1 electron-equation(s) , 1 hole-equation(s) ) 
using Bank/Rose nonlinear solver.

Iteration   |Rhs|      factor     |step|     error   #inner  #iterative  time
------------------------------------------------------------------------------
    0      2.75e+01                                                      3.98
    1      2.81e-04   1.00e+00   3.66e-06   1.59e-01    0         1     21.48
Finished, because...
Error smaller than 1 ( 1.5938E-01 ).

Accumulated times:
Assembly time:        9.32 s
Solve time:     12.12 s
Total time:     21.48 s

contact        voltage     electron current    hole current  conduction current
 drain_N      7.000E-01      -1.040E-20         4.406E-34       -1.040E-20
 drain_P      0.000E+00      -3.250E-32         3.059E-20        3.059E-20
 gate         8.250E-01       0.000E+00         0.000E+00        0.000E+00
 source_N     0.000E+00       2.581E-20         1.975E-35        2.581E-20
 source_P     0.000E+00      -3.098E-32        -5.395E-20       -5.395E-20

Computing step from t=0.825 to t=0.83 (Stepsize: 5.0000e-03) :
Extrapolating values for t = 0.83 ... done.
Computing Coupled( 1 poisson-equation(s) , 1 current-contact-equation(s) , 
                   1 electron-equation(s) , 1 hole-equation(s) ) 
using Bank/Rose nonlinear solver.

Iteration   |Rhs|      factor     |step|     error   #inner  #iterative  time
------------------------------------------------------------------------------
    0      2.75e+01                                                      4.05
    1      2.83e-04   1.00e+00   3.66e-06   1.60e-01    0         1     21.68
Finished, because...
Error smaller than 1 ( 1.5997E-01 ).

Accumulated times:
Assembly time:        9.36 s
Solve time:     12.28 s
Total time:     21.68 s

contact        voltage     electron current    hole current  conduction current
 drain_N      7.000E-01      -8.981E-20         4.105E-34       -8.981E-20
 drain_P      0.000E+00      -3.245E-32        -6.397E-24       -6.397E-24
 gate         8.300E-01       0.000E+00         0.000E+00        0.000E+00
 source_N     0.000E+00       1.498E-20         1.976E-35        1.498E-20
 source_P     0.000E+00      -3.093E-32        -9.065E-21       -9.065E-21

Computing step from t=0.83 to t=0.835 (Stepsize: 5.0000e-03) :
Extrapolating values for t = 0.835 ... done.
Computing Coupled( 1 poisson-equation(s) , 1 current-contact-equation(s) , 
                   1 electron-equation(s) , 1 hole-equation(s) ) 
using Bank/Rose nonlinear solver.

Iteration   |Rhs|      factor     |step|     error   #inner  #iterative  time
------------------------------------------------------------------------------
    0      2.76e+01                                                      4.11
    1      2.84e-04   1.00e+00   3.66e-06   1.61e-01    0         1     21.59
Finished, because...
Error smaller than 1 ( 1.6056E-01 ).

Accumulated times:
Assembly time:        9.42 s
Solve time:     12.14 s
Total time:     21.59 s

contact        voltage     electron current    hole current  conduction current
 drain_N      7.000E-01      -3.338E-20         3.822E-34       -3.338E-20
 drain_P      0.000E+00      -3.239E-32         4.152E-20        4.152E-20
 gate         8.350E-01       0.000E+00         0.000E+00        0.000E+00
 source_N     0.000E+00       1.354E-20         1.975E-35        1.354E-20
 source_P     0.000E+00      -3.088E-32         2.818E-20        2.818E-20

Computing step from t=0.835 to t=0.84 (Stepsize: 5.0000e-03) :
Extrapolating values for t = 0.84 ... done.
Computing Coupled( 1 poisson-equation(s) , 1 current-contact-equation(s) , 
                   1 electron-equation(s) , 1 hole-equation(s) ) 
using Bank/Rose nonlinear solver.

Iteration   |Rhs|      factor     |step|     error   #inner  #iterative  time
------------------------------------------------------------------------------
    0      2.76e+01                                                      4.03
    1      2.85e-04   1.00e+00   3.66e-06   1.61e-01    0         1     21.58
Finished, because...
Error smaller than 1 ( 1.6114E-01 ).

Accumulated times:
Assembly time:        9.39 s
Solve time:     12.16 s
Total time:     21.58 s

contact        voltage     electron current    hole current  conduction current
 drain_N      7.000E-01      -3.696E-20         3.560E-34       -3.696E-20
 drain_P      0.000E+00      -3.234E-32         8.752E-21        8.752E-21
 gate         8.400E-01       0.000E+00         0.000E+00        0.000E+00
 source_N     0.000E+00      -2.458E-20         1.978E-35       -2.458E-20
 source_P     0.000E+00      -3.082E-32        -3.484E-20       -3.484E-20

Computing step from t=0.84 to t=0.845 (Stepsize: 5.0000e-03) :
Extrapolating values for t = 0.845 ... done.
Computing Coupled( 1 poisson-equation(s) , 1 current-contact-equation(s) , 
                   1 electron-equation(s) , 1 hole-equation(s) ) 
using Bank/Rose nonlinear solver.

Iteration   |Rhs|      factor     |step|     error   #inner  #iterative  time
------------------------------------------------------------------------------
    0      2.77e+01                                                      4.14
    1      2.87e-04   1.00e+00   3.66e-06   1.62e-01    0         1     22.02
Finished, because...
Error smaller than 1 ( 1.6171E-01 ).

Accumulated times:
Assembly time:        9.60 s
Solve time:     12.37 s
Total time:     22.02 s

contact        voltage     electron current    hole current  conduction current
 drain_N      7.000E-01      -1.540E-19         3.313E-34       -1.540E-19
 drain_P      0.000E+00      -3.228E-32         2.037E-21        2.037E-21
 gate         8.450E-01       0.000E+00         0.000E+00        0.000E+00
 source_N     0.000E+00      -1.573E-20         1.977E-35       -1.573E-20
 source_P     0.000E+00      -3.076E-32        -9.732E-20       -9.732E-20

Computing step from t=0.845 to t=0.85 (Stepsize: 5.0000e-03) :
Extrapolating values for t = 0.85 ... done.
Computing Coupled( 1 poisson-equation(s) , 1 current-contact-equation(s) , 
                   1 electron-equation(s) , 1 hole-equation(s) ) 
using Bank/Rose nonlinear solver.

Iteration   |Rhs|      factor     |step|     error   #inner  #iterative  time
------------------------------------------------------------------------------
    0      2.77e+01                                                      4.11
    1      2.88e-04   1.00e+00   3.66e-06   1.62e-01    0         1     22.09
Finished, because...
Error smaller than 1 ( 1.6229E-01 ).

Accumulated times:
Assembly time:        9.59 s
Solve time:     12.46 s
Total time:     22.09 s

contact        voltage     electron current    hole current  conduction current
 drain_N      7.000E-01      -1.533E-20         3.085E-34       -1.533E-20
 drain_P      0.000E+00      -3.222E-32        -3.017E-21       -3.017E-21
 gate         8.500E-01       0.000E+00         0.000E+00        0.000E+00
 source_N     0.000E+00      -4.783E-20         1.977E-35       -4.783E-20
 source_P     0.000E+00      -3.070E-32         3.225E-21        3.225E-21

Computing step from t=0.85 to t=0.855 (Stepsize: 5.0000e-03) :
Extrapolating values for t = 0.855 ... done.
Computing Coupled( 1 poisson-equation(s) , 1 current-contact-equation(s) , 
                   1 electron-equation(s) , 1 hole-equation(s) ) 
using Bank/Rose nonlinear solver.

Iteration   |Rhs|      factor     |step|     error   #inner  #iterative  time
------------------------------------------------------------------------------
    0      2.78e+01                                                      4.02
    1      2.89e-04   1.00e+00   3.67e-06   1.63e-01    0         1     21.36
Finished, because...
Error smaller than 1 ( 1.6285E-01 ).

Accumulated times:
Assembly time:        9.28 s
Solve time:     12.04 s
Total time:     21.36 s

contact        voltage     electron current    hole current  conduction current
 drain_N      7.000E-01      -2.649E-20         2.871E-34       -2.649E-20
 drain_P      0.000E+00      -3.216E-32        -3.573E-20       -3.573E-20
 gate         8.550E-01       0.000E+00         0.000E+00        0.000E+00
 source_N     0.000E+00       3.031E-20         1.975E-35        3.031E-20
 source_P     0.000E+00      -3.064E-32         2.185E-20        2.185E-20

Computing step from t=0.855 to t=0.86 (Stepsize: 5.0000e-03) :
Extrapolating values for t = 0.86 ... done.
Computing Coupled( 1 poisson-equation(s) , 1 current-contact-equation(s) , 
                   1 electron-equation(s) , 1 hole-equation(s) ) 
using Bank/Rose nonlinear solver.

Iteration   |Rhs|      factor     |step|     error   #inner  #iterative  time
------------------------------------------------------------------------------
    0      2.78e+01                                                      4.04
    1      2.91e-04   1.00e+00   3.67e-06   1.63e-01    0         1     21.48
Finished, because...
Error smaller than 1 ( 1.6341E-01 ).

Accumulated times:
Assembly time:        9.34 s
Solve time:     12.10 s
Total time:     21.48 s

contact        voltage     electron current    hole current  conduction current
 drain_N      7.000E-01       5.615E-20         2.673E-34        5.615E-20
 drain_P      0.000E+00      -3.210E-32        -2.075E-21       -2.075E-21
 gate         8.600E-01       0.000E+00         0.000E+00        0.000E+00
 source_N     0.000E+00       6.740E-21         1.974E-35        6.740E-21
 source_P     0.000E+00      -3.058E-32         4.053E-20        4.053E-20

Computing step from t=0.86 to t=0.865 (Stepsize: 5.0000e-03) :
Extrapolating values for t = 0.865 ... done.
Computing Coupled( 1 poisson-equation(s) , 1 current-contact-equation(s) , 
                   1 electron-equation(s) , 1 hole-equation(s) ) 
using Bank/Rose nonlinear solver.

Iteration   |Rhs|      factor     |step|     error   #inner  #iterative  time
------------------------------------------------------------------------------
    0      2.79e+01                                                      3.99
    1      2.92e-04   1.00e+00   3.67e-06   1.64e-01    0         1     21.41
Finished, because...
Error smaller than 1 ( 1.6396E-01 ).

Accumulated times:
Assembly time:        9.32 s
Solve time:     12.05 s
Total time:     21.41 s

contact        voltage     electron current    hole current  conduction current
 drain_N      7.000E-01       2.128E-20         2.488E-34        2.128E-20
 drain_P      0.000E+00      -3.203E-32         1.728E-20        1.728E-20
 gate         8.650E-01       0.000E+00         0.000E+00        0.000E+00
 source_N     0.000E+00       5.108E-22         1.975E-35        5.108E-22
 source_P     0.000E+00      -3.052E-32         2.341E-20        2.341E-20

Computing step from t=0.865 to t=0.87 (Stepsize: 5.0000e-03) :
Extrapolating values for t = 0.87 ... done.
Computing Coupled( 1 poisson-equation(s) , 1 current-contact-equation(s) , 
                   1 electron-equation(s) , 1 hole-equation(s) ) 
using Bank/Rose nonlinear solver.

Iteration   |Rhs|      factor     |step|     error   #inner  #iterative  time
------------------------------------------------------------------------------
    0      2.79e+01                                                      4.02
    1      2.93e-04   1.00e+00   3.67e-06   1.65e-01    0         1     21.44
Finished, because...
Error smaller than 1 ( 1.6451E-01 ).

Accumulated times:
Assembly time:        9.31 s
Solve time:     12.09 s
Total time:     21.44 s

contact        voltage     electron current    hole current  conduction current
 drain_N      7.000E-01      -2.881E-20         2.316E-34       -2.881E-20
 drain_P      0.000E+00      -3.197E-32         1.049E-20        1.049E-20
 gate         8.700E-01       0.000E+00         0.000E+00        0.000E+00
 source_N     0.000E+00       4.334E-21         1.977E-35        4.334E-21
 source_P     0.000E+00      -3.045E-32        -4.099E-20       -4.099E-20

Computing step from t=0.87 to t=0.875 (Stepsize: 5.0000e-03) :
Extrapolating values for t = 0.875 ... done.
Computing Coupled( 1 poisson-equation(s) , 1 current-contact-equation(s) , 
                   1 electron-equation(s) , 1 hole-equation(s) ) 
using Bank/Rose nonlinear solver.

Iteration   |Rhs|      factor     |step|     error   #inner  #iterative  time
------------------------------------------------------------------------------
    0      2.80e+01                                                      4.04
    1      2.95e-04   1.00e+00   3.67e-06   1.65e-01    0         1     21.51
Finished, because...
Error smaller than 1 ( 1.6505E-01 ).

Accumulated times:
Assembly time:        9.37 s
Solve time:     12.10 s
Total time:     21.51 s

contact        voltage     electron current    hole current  conduction current
 drain_N      7.000E-01       1.921E-19         2.157E-34        1.921E-19
 drain_P      0.000E+00      -3.190E-32        -9.650E-21       -9.650E-21
 gate         8.750E-01       0.000E+00         0.000E+00        0.000E+00
 source_N     0.000E+00       4.286E-20         1.973E-35        4.286E-20
 source_P     0.000E+00      -3.038E-32        -2.728E-20       -2.728E-20

Computing step from t=0.875 to t=0.88 (Stepsize: 5.0000e-03) :
Extrapolating values for t = 0.88 ... done.
Computing Coupled( 1 poisson-equation(s) , 1 current-contact-equation(s) , 
                   1 electron-equation(s) , 1 hole-equation(s) ) 
using Bank/Rose nonlinear solver.

Iteration   |Rhs|      factor     |step|     error   #inner  #iterative  time
------------------------------------------------------------------------------
    0      2.80e+01                                                      4.05
    1      2.96e-04   1.00e+00   3.67e-06   1.66e-01    0         1     21.35
Finished, because...
Error smaller than 1 ( 1.6559E-01 ).

Accumulated times:
Assembly time:        9.34 s
Solve time:     11.97 s
Total time:     21.35 s

contact        voltage     electron current    hole current  conduction current
 drain_N      7.000E-01       3.914E-20         2.009E-34        3.914E-20
 drain_P      0.000E+00      -3.183E-32        -1.851E-20       -1.851E-20
 gate         8.800E-01       0.000E+00         0.000E+00        0.000E+00
 source_N     0.000E+00      -4.974E-20         1.974E-35       -4.974E-20
 source_P     0.000E+00      -3.031E-32         3.115E-20        3.115E-20

Computing step from t=0.88 to t=0.885 (Stepsize: 5.0000e-03) :
Extrapolating values for t = 0.885 ... done.
Computing Coupled( 1 poisson-equation(s) , 1 current-contact-equation(s) , 
                   1 electron-equation(s) , 1 hole-equation(s) ) 
using Bank/Rose nonlinear solver.

Iteration   |Rhs|      factor     |step|     error   #inner  #iterative  time
------------------------------------------------------------------------------
    0      2.81e+01                                                      4.05
    1      2.97e-04   1.00e+00   3.67e-06   1.66e-01    0         1     21.48
Finished, because...
Error smaller than 1 ( 1.6612E-01 ).

Accumulated times:
Assembly time:        9.38 s
Solve time:     12.06 s
Total time:     21.48 s

contact        voltage     electron current    hole current  conduction current
 drain_N      7.000E-01       8.751E-20         1.871E-34        8.751E-20
 drain_P      0.000E+00      -3.176E-32        -1.729E-20       -1.729E-20
 gate         8.850E-01       0.000E+00         0.000E+00        0.000E+00
 source_N     0.000E+00      -1.721E-20         1.971E-35       -1.721E-20
 source_P     0.000E+00      -3.024E-32         5.905E-21        5.905E-21

Computing step from t=0.885 to t=0.89 (Stepsize: 5.0000e-03) :
Extrapolating values for t = 0.89 ... done.
Computing Coupled( 1 poisson-equation(s) , 1 current-contact-equation(s) , 
                   1 electron-equation(s) , 1 hole-equation(s) ) 
using Bank/Rose nonlinear solver.

Iteration   |Rhs|      factor     |step|     error   #inner  #iterative  time
------------------------------------------------------------------------------
    0      2.81e+01                                                      4.04
    1      2.99e-04   1.00e+00   3.67e-06   1.67e-01    0         1     21.36
Finished, because...
Error smaller than 1 ( 1.6665E-01 ).

Accumulated times:
Assembly time:        9.29 s
Solve time:     12.02 s
Total time:     21.36 s

contact        voltage     electron current    hole current  conduction current
 drain_N      7.000E-01       4.059E-20         1.743E-34        4.059E-20
 drain_P      0.000E+00      -3.169E-32         1.453E-20        1.453E-20
 gate         8.900E-01       0.000E+00         0.000E+00        0.000E+00
 source_N     0.000E+00       8.577E-21         1.976E-35        8.577E-21
 source_P     0.000E+00      -3.017E-32         4.938E-21        4.938E-21

Computing step from t=0.89 to t=0.895 (Stepsize: 5.0000e-03) :
Extrapolating values for t = 0.895 ... done.
Computing Coupled( 1 poisson-equation(s) , 1 current-contact-equation(s) , 
                   1 electron-equation(s) , 1 hole-equation(s) ) 
using Bank/Rose nonlinear solver.

Iteration   |Rhs|      factor     |step|     error   #inner  #iterative  time
------------------------------------------------------------------------------
    0      2.82e+01                                                      3.98
    1      3.00e-04   1.00e+00   3.67e-06   1.67e-01    0         1     21.44
Finished, because...
Error smaller than 1 ( 1.6718E-01 ).

Accumulated times:
Assembly time:        9.32 s
Solve time:     12.09 s
Total time:     21.44 s

contact        voltage     electron current    hole current  conduction current
 drain_N      7.000E-01       5.615E-20         1.624E-34        5.615E-20
 drain_P      0.000E+00      -3.161E-32         7.551E-20        7.551E-20
 gate         8.950E-01       0.000E+00         0.000E+00        0.000E+00
 source_N     0.000E+00      -8.501E-21         1.977E-35       -8.501E-21
 source_P     0.000E+00      -3.010E-32         7.200E-23        7.200E-23

Computing step from t=0.895 to t=0.9 (Stepsize: 5.0000e-03) :
Extrapolating values for t = 0.9 ... done.
Computing Coupled( 1 poisson-equation(s) , 1 current-contact-equation(s) , 
                   1 electron-equation(s) , 1 hole-equation(s) ) 
using Bank/Rose nonlinear solver.

Iteration   |Rhs|      factor     |step|     error   #inner  #iterative  time
------------------------------------------------------------------------------
    0      2.82e+01                                                      4.03
    1      3.01e-04   1.00e+00   3.68e-06   1.68e-01    0         1     21.37
Finished, because...
Error smaller than 1 ( 1.6770E-01 ).

Accumulated times:
Assembly time:        9.28 s
Solve time:     12.06 s
Total time:     21.37 s

contact        voltage     electron current    hole current  conduction current
 drain_N      7.000E-01       2.651E-20         1.514E-34        2.651E-20
 drain_P      0.000E+00      -3.154E-32        -1.381E-20       -1.381E-20
 gate         9.000E-01       0.000E+00         0.000E+00        0.000E+00
 source_N     0.000E+00      -8.122E-20         1.974E-35       -8.122E-20
 source_P     0.000E+00      -3.003E-32        -4.018E-21       -4.018E-21

Computing step from t=0.9 to t=0.905 (Stepsize: 5.0000e-03) :
Extrapolating values for t = 0.905 ... done.
Computing Coupled( 1 poisson-equation(s) , 1 current-contact-equation(s) , 
                   1 electron-equation(s) , 1 hole-equation(s) ) 
using Bank/Rose nonlinear solver.

Iteration   |Rhs|      factor     |step|     error   #inner  #iterative  time
------------------------------------------------------------------------------
    0      2.83e+01                                                      4.03
    1      3.03e-04   1.00e+00   3.68e-06   1.68e-01    0         1     21.26
Finished, because...
Error smaller than 1 ( 1.6821E-01 ).

Accumulated times:
Assembly time:        9.28 s
Solve time:     11.95 s
Total time:     21.26 s

contact        voltage     electron current    hole current  conduction current
 drain_N      7.000E-01       7.997E-20         1.413E-34        7.997E-20
 drain_P      0.000E+00      -3.147E-32        -3.175E-20       -3.175E-20
 gate         9.050E-01       0.000E+00         0.000E+00        0.000E+00
 source_N     0.000E+00      -3.727E-20         1.975E-35       -3.727E-20
 source_P     0.000E+00      -2.995E-32        -4.129E-20       -4.129E-20

Computing step from t=0.905 to t=0.91 (Stepsize: 5.0000e-03) :
Extrapolating values for t = 0.91 ... done.
Computing Coupled( 1 poisson-equation(s) , 1 current-contact-equation(s) , 
                   1 electron-equation(s) , 1 hole-equation(s) ) 
using Bank/Rose nonlinear solver.

Iteration   |Rhs|      factor     |step|     error   #inner  #iterative  time
------------------------------------------------------------------------------
    0      2.83e+01                                                      3.98
    1      3.04e-04   1.00e+00   3.68e-06   1.69e-01    0         1     21.45
Finished, because...
Error smaller than 1 ( 1.6871E-01 ).

Accumulated times:
Assembly time:        9.27 s
Solve time:     12.15 s
Total time:     21.45 s

contact        voltage     electron current    hole current  conduction current
 drain_N      7.000E-01      -7.027E-20         1.319E-34       -7.027E-20
 drain_P      0.000E+00      -3.139E-32        -6.436E-20       -6.436E-20
 gate         9.100E-01       0.000E+00         0.000E+00        0.000E+00
 source_N     0.000E+00       2.445E-20         1.974E-35        2.445E-20
 source_P     0.000E+00      -2.988E-32         3.345E-20        3.345E-20

Computing step from t=0.91 to t=0.915 (Stepsize: 5.0000e-03) :
Extrapolating values for t = 0.915 ... done.
Computing Coupled( 1 poisson-equation(s) , 1 current-contact-equation(s) , 
                   1 electron-equation(s) , 1 hole-equation(s) ) 
using Bank/Rose nonlinear solver.

Iteration   |Rhs|      factor     |step|     error   #inner  #iterative  time
------------------------------------------------------------------------------
    0      2.84e+01                                                      3.99
    1      3.05e-04   1.00e+00   3.68e-06   1.69e-01    0         1     21.24
Finished, because...
Error smaller than 1 ( 1.6920E-01 ).

Accumulated times:
Assembly time:        9.24 s
Solve time:     11.97 s
Total time:     21.24 s

contact        voltage     electron current    hole current  conduction current
 drain_N      7.000E-01      -1.835E-20         1.232E-34       -1.835E-20
 drain_P      0.000E+00      -3.131E-32        -3.236E-20       -3.236E-20
 gate         9.150E-01       0.000E+00         0.000E+00        0.000E+00
 source_N     0.000E+00       4.132E-20         1.975E-35        4.132E-20
 source_P     0.000E+00      -2.980E-32        -9.442E-21       -9.442E-21

Computing step from t=0.915 to t=0.92 (Stepsize: 5.0000e-03) :
Extrapolating values for t = 0.92 ... done.
Computing Coupled( 1 poisson-equation(s) , 1 current-contact-equation(s) , 
                   1 electron-equation(s) , 1 hole-equation(s) ) 
using Bank/Rose nonlinear solver.

Iteration   |Rhs|      factor     |step|     error   #inner  #iterative  time
------------------------------------------------------------------------------
    0      2.84e+01                                                      4.10
    1      3.07e-04   1.00e+00   3.68e-06   1.70e-01    0         1     21.45
Finished, because...
Error smaller than 1 ( 1.6969E-01 ).

Accumulated times:
Assembly time:        9.38 s
Solve time:     12.02 s
Total time:     21.45 s

contact        voltage     electron current    hole current  conduction current
 drain_N      7.000E-01       3.735E-21         1.151E-34        3.735E-21
 drain_P      0.000E+00      -3.123E-32         6.488E-20        6.488E-20
 gate         9.200E-01       0.000E+00         0.000E+00        0.000E+00
 source_N     0.000E+00      -1.495E-20         1.973E-35       -1.495E-20
 source_P     0.000E+00      -2.972E-32        -2.307E-21       -2.307E-21

Computing step from t=0.92 to t=0.925 (Stepsize: 5.0000e-03) :
Extrapolating values for t = 0.925 ... done.
Computing Coupled( 1 poisson-equation(s) , 1 current-contact-equation(s) , 
                   1 electron-equation(s) , 1 hole-equation(s) ) 
using Bank/Rose nonlinear solver.

Iteration   |Rhs|      factor     |step|     error   #inner  #iterative  time
------------------------------------------------------------------------------
    0      2.85e+01                                                      4.03
    1      3.08e-04   1.00e+00   3.68e-06   1.70e-01    0         1     21.49
Finished, because...
Error smaller than 1 ( 1.7017E-01 ).

Accumulated times:
Assembly time:        9.36 s
Solve time:     12.10 s
Total time:     21.49 s

contact        voltage     electron current    hole current  conduction current
 drain_N      7.000E-01       9.761E-20         1.077E-34        9.761E-20
 drain_P      0.000E+00      -3.115E-32        -9.874E-21       -9.874E-21
 gate         9.250E-01       0.000E+00         0.000E+00        0.000E+00
 source_N     0.000E+00       1.571E-20         1.974E-35        1.571E-20
 source_P     0.000E+00      -2.964E-32        -5.232E-21       -5.232E-21

Computing step from t=0.925 to t=0.93 (Stepsize: 5.0000e-03) :
Extrapolating values for t = 0.93 ... done.
Computing Coupled( 1 poisson-equation(s) , 1 current-contact-equation(s) , 
                   1 electron-equation(s) , 1 hole-equation(s) ) 
using Bank/Rose nonlinear solver.

Iteration   |Rhs|      factor     |step|     error   #inner  #iterative  time
------------------------------------------------------------------------------
    0      2.85e+01                                                      4.00
    1      3.09e-04   1.00e+00   3.68e-06   1.71e-01    0         1     21.26
Finished, because...
Error smaller than 1 ( 1.7066E-01 ).

Accumulated times:
Assembly time:        9.23 s
Solve time:     11.98 s
Total time:     21.26 s

contact        voltage     electron current    hole current  conduction current
 drain_N      7.000E-01       7.890E-21         1.007E-34        7.890E-21
 drain_P      0.000E+00      -3.107E-32        -6.289E-20       -6.289E-20
 gate         9.300E-01       0.000E+00         0.000E+00        0.000E+00
 source_N     0.000E+00      -8.483E-20         1.972E-35       -8.483E-20
 source_P     0.000E+00      -2.956E-32        -2.648E-20       -2.648E-20

Computing step from t=0.93 to t=0.935 (Stepsize: 5.0000e-03) :
Extrapolating values for t = 0.935 ... done.
Computing Coupled( 1 poisson-equation(s) , 1 current-contact-equation(s) , 
                   1 electron-equation(s) , 1 hole-equation(s) ) 
using Bank/Rose nonlinear solver.

Iteration   |Rhs|      factor     |step|     error   #inner  #iterative  time
------------------------------------------------------------------------------
    0      2.86e+01                                                      4.01
    1      3.11e-04   1.00e+00   3.68e-06   1.71e-01    0         1     21.39
Finished, because...
Error smaller than 1 ( 1.7113E-01 ).

Accumulated times:
Assembly time:        9.27 s
Solve time:     12.08 s
Total time:     21.39 s

contact        voltage     electron current    hole current  conduction current
 drain_N      7.000E-01       5.181E-20         9.435E-35        5.181E-20
 drain_P      0.000E+00      -3.099E-32        -2.236E-20       -2.236E-20
 gate         9.350E-01       0.000E+00         0.000E+00        0.000E+00
 source_N     0.000E+00      -7.025E-20         1.973E-35       -7.025E-20
 source_P     0.000E+00      -2.948E-32        -2.974E-21       -2.974E-21

Computing step from t=0.935 to t=0.94 (Stepsize: 5.0000e-03) :
Extrapolating values for t = 0.94 ... done.
Computing Coupled( 1 poisson-equation(s) , 1 current-contact-equation(s) , 
                   1 electron-equation(s) , 1 hole-equation(s) ) 
using Bank/Rose nonlinear solver.

Iteration   |Rhs|      factor     |step|     error   #inner  #iterative  time
------------------------------------------------------------------------------
    0      2.86e+01                                                      3.99
    1      3.12e-04   1.00e+00   3.68e-06   1.72e-01    0         1     21.46
Finished, because...
Error smaller than 1 ( 1.7160E-01 ).

Accumulated times:
Assembly time:        9.37 s
Solve time:     12.06 s
Total time:     21.46 s

contact        voltage     electron current    hole current  conduction current
 drain_N      7.000E-01      -2.017E-20         8.841E-35       -2.017E-20
 drain_P      0.000E+00      -3.091E-32         3.360E-20        3.360E-20
 gate         9.400E-01       0.000E+00         0.000E+00        0.000E+00
 source_N     0.000E+00      -2.223E-20         1.974E-35       -2.223E-20
 source_P     0.000E+00      -2.940E-32        -4.611E-20       -4.611E-20

Computing step from t=0.94 to t=0.945 (Stepsize: 5.0000e-03) :
Extrapolating values for t = 0.945 ... done.
Computing Coupled( 1 poisson-equation(s) , 1 current-contact-equation(s) , 
                   1 electron-equation(s) , 1 hole-equation(s) ) 
using Bank/Rose nonlinear solver.

Iteration   |Rhs|      factor     |step|     error   #inner  #iterative  time
------------------------------------------------------------------------------
    0      2.87e+01                                                      4.01
    1      3.13e-04   1.00e+00   3.68e-06   1.72e-01    0         1     21.35
Finished, because...
Error smaller than 1 ( 1.7206E-01 ).

Accumulated times:
Assembly time:        9.24 s
Solve time:     12.09 s
Total time:     21.35 s

contact        voltage     electron current    hole current  conduction current
 drain_N      7.000E-01      -1.246E-19         8.297E-35       -1.246E-19
 drain_P      0.000E+00      -3.082E-32        -9.782E-21       -9.782E-21
 gate         9.450E-01       0.000E+00         0.000E+00        0.000E+00
 source_N     0.000E+00      -3.322E-20         1.971E-35       -3.322E-20
 source_P     0.000E+00      -2.932E-32        -1.425E-20       -1.425E-20

Computing step from t=0.945 to t=0.95 (Stepsize: 5.0000e-03) :
Extrapolating values for t = 0.95 ... done.
Computing Coupled( 1 poisson-equation(s) , 1 current-contact-equation(s) , 
                   1 electron-equation(s) , 1 hole-equation(s) ) 
using Bank/Rose nonlinear solver.

Iteration   |Rhs|      factor     |step|     error   #inner  #iterative  time
------------------------------------------------------------------------------
    0      2.87e+01                                                      3.98
    1      3.15e-04   1.00e+00   3.68e-06   1.73e-01    0         1     21.41
Finished, because...
Error smaller than 1 ( 1.7251E-01 ).

Accumulated times:
Assembly time:        9.31 s
Solve time:     12.06 s
Total time:     21.41 s

contact        voltage     electron current    hole current  conduction current
 drain_N      7.000E-01       3.701E-20         7.797E-35        3.701E-20
 drain_P      0.000E+00      -3.074E-32        -3.499E-20       -3.499E-20
 gate         9.500E-01       0.000E+00         0.000E+00        0.000E+00
 source_N     0.000E+00       2.477E-20         1.976E-35        2.477E-20
 source_P     0.000E+00      -2.923E-32        -2.428E-21       -2.428E-21

Computing step from t=0.95 to t=0.955 (Stepsize: 5.0000e-03) :
Extrapolating values for t = 0.955 ... done.
Computing Coupled( 1 poisson-equation(s) , 1 current-contact-equation(s) , 
                   1 electron-equation(s) , 1 hole-equation(s) ) 
using Bank/Rose nonlinear solver.

Iteration   |Rhs|      factor     |step|     error   #inner  #iterative  time
------------------------------------------------------------------------------
    0      2.88e+01                                                      4.06
    1      3.16e-04   1.00e+00   3.68e-06   1.73e-01    0         1     21.62
Finished, because...
Error smaller than 1 ( 1.7294E-01 ).

Accumulated times:
Assembly time:        9.43 s
Solve time:     12.15 s
Total time:     21.62 s

contact        voltage     electron current    hole current  conduction current
 drain_N      7.000E-01       3.224E-20         7.328E-35        3.224E-20
 drain_P      0.000E+00      -3.065E-32         8.925E-20        8.925E-20
 gate         9.550E-01       0.000E+00         0.000E+00        0.000E+00
 source_N     0.000E+00      -3.456E-20         1.974E-35       -3.456E-20
 source_P     0.000E+00      -2.915E-32         1.162E-20        1.162E-20

Computing step from t=0.955 to t=0.96 (Stepsize: 5.0000e-03) :
Extrapolating values for t = 0.96 ... done.
Computing Coupled( 1 poisson-equation(s) , 1 current-contact-equation(s) , 
                   1 electron-equation(s) , 1 hole-equation(s) ) 
using Bank/Rose nonlinear solver.

Iteration   |Rhs|      factor     |step|     error   #inner  #iterative  time
------------------------------------------------------------------------------
    0      2.88e+01                                                      4.01
    1      3.17e-04   1.00e+00   3.68e-06   1.73e-01    0         1     21.30
Finished, because...
Error smaller than 1 ( 1.7336E-01 ).

Accumulated times:
Assembly time:        9.28 s
Solve time:     11.99 s
Total time:     21.30 s

contact        voltage     electron current    hole current  conduction current
 drain_N      7.000E-01      -6.396E-20         6.890E-35       -6.396E-20
 drain_P      0.000E+00      -3.056E-32         4.819E-21        4.819E-21
 gate         9.600E-01       0.000E+00         0.000E+00        0.000E+00
 source_N     0.000E+00       5.778E-22         1.974E-35        5.778E-22
 source_P     0.000E+00      -2.906E-32        -4.194E-20       -4.194E-20

Computing step from t=0.96 to t=0.965 (Stepsize: 5.0000e-03) :
Extrapolating values for t = 0.965 ... done.
Computing Coupled( 1 poisson-equation(s) , 1 current-contact-equation(s) , 
                   1 electron-equation(s) , 1 hole-equation(s) ) 
using Bank/Rose nonlinear solver.

Iteration   |Rhs|      factor     |step|     error   #inner  #iterative  time
------------------------------------------------------------------------------
    0      2.89e+01                                                      4.05
    1      3.18e-04   1.00e+00   3.68e-06   1.74e-01    0         1     21.48
Finished, because...
Error smaller than 1 ( 1.7377E-01 ).

Accumulated times:
Assembly time:        9.39 s
Solve time:     12.04 s
Total time:     21.48 s

contact        voltage     electron current    hole current  conduction current
 drain_N      7.000E-01      -2.313E-20         6.497E-35       -2.313E-20
 drain_P      0.000E+00      -3.047E-32         2.215E-20        2.215E-20
 gate         9.650E-01       0.000E+00         0.000E+00        0.000E+00
 source_N     0.000E+00      -1.125E-20         1.974E-35       -1.125E-20
 source_P     0.000E+00      -2.897E-32        -1.513E-20       -1.513E-20

Computing step from t=0.965 to t=0.97 (Stepsize: 5.0000e-03) :
Extrapolating values for t = 0.97 ... done.
Computing Coupled( 1 poisson-equation(s) , 1 current-contact-equation(s) , 
                   1 electron-equation(s) , 1 hole-equation(s) ) 
using Bank/Rose nonlinear solver.

Iteration   |Rhs|      factor     |step|     error   #inner  #iterative  time
------------------------------------------------------------------------------
    0      2.89e+01                                                      4.11
    1      3.20e-04   1.00e+00   3.68e-06   1.74e-01    0         1     21.56
Finished, because...
Error smaller than 1 ( 1.7417E-01 ).

Accumulated times:
Assembly time:        9.43 s
Solve time:     12.08 s
Total time:     21.56 s

contact        voltage     electron current    hole current  conduction current
 drain_N      7.000E-01       6.104E-20         6.127E-35        6.104E-20
 drain_P      0.000E+00      -3.038E-32        -3.490E-20       -3.490E-20
 gate         9.700E-01       0.000E+00         0.000E+00        0.000E+00
 source_N     0.000E+00       8.015E-20         1.975E-35        8.015E-20
 source_P     0.000E+00      -2.889E-32        -5.618E-21       -5.618E-21

Computing step from t=0.97 to t=0.975 (Stepsize: 5.0000e-03) :
Extrapolating values for t = 0.975 ... done.
Computing Coupled( 1 poisson-equation(s) , 1 current-contact-equation(s) , 
                   1 electron-equation(s) , 1 hole-equation(s) ) 
using Bank/Rose nonlinear solver.

Iteration   |Rhs|      factor     |step|     error   #inner  #iterative  time
------------------------------------------------------------------------------
    0      2.89e+01                                                      3.98
    1      3.21e-04   1.00e+00   3.68e-06   1.75e-01    0         1     21.37
Finished, because...
Error smaller than 1 ( 1.7457E-01 ).

Accumulated times:
Assembly time:        9.29 s
Solve time:     12.05 s
Total time:     21.37 s

contact        voltage     electron current    hole current  conduction current
 drain_N      7.000E-01       1.412E-20         5.786E-35        1.412E-20
 drain_P      0.000E+00      -3.029E-32         1.414E-20        1.414E-20
 gate         9.750E-01       0.000E+00         0.000E+00        0.000E+00
 source_N     0.000E+00      -4.391E-20         1.976E-35       -4.391E-20
 source_P     0.000E+00      -2.880E-32        -4.944E-20       -4.944E-20

Computing step from t=0.975 to t=0.98 (Stepsize: 5.0000e-03) :
Extrapolating values for t = 0.98 ... done.
Computing Coupled( 1 poisson-equation(s) , 1 current-contact-equation(s) , 
                   1 electron-equation(s) , 1 hole-equation(s) ) 
using Bank/Rose nonlinear solver.

Iteration   |Rhs|      factor     |step|     error   #inner  #iterative  time
------------------------------------------------------------------------------
    0      2.90e+01                                                      4.08
    1      3.22e-04   1.00e+00   3.68e-06   1.75e-01    0         1     21.41
Finished, because...
Error smaller than 1 ( 1.7496E-01 ).

Accumulated times:
Assembly time:        9.33 s
Solve time:     12.04 s
Total time:     21.41 s

contact        voltage     electron current    hole current  conduction current
 drain_N      7.000E-01       5.876E-20         5.473E-35        5.876E-20
 drain_P      0.000E+00      -3.020E-32        -5.133E-22       -5.133E-22
 gate         9.800E-01       0.000E+00         0.000E+00        0.000E+00
 source_N     0.000E+00      -2.717E-20         1.973E-35       -2.717E-20
 source_P     0.000E+00      -2.871E-32        -1.632E-20       -1.632E-20

Computing step from t=0.98 to t=0.985 (Stepsize: 5.0000e-03) :
Extrapolating values for t = 0.985 ... done.
Computing Coupled( 1 poisson-equation(s) , 1 current-contact-equation(s) , 
                   1 electron-equation(s) , 1 hole-equation(s) ) 
using Bank/Rose nonlinear solver.

Iteration   |Rhs|      factor     |step|     error   #inner  #iterative  time
------------------------------------------------------------------------------
    0      2.90e+01                                                      4.02
    1      3.24e-04   1.00e+00   3.68e-06   1.75e-01    0         1     21.41
Finished, because...
Error smaller than 1 ( 1.7534E-01 ).

Accumulated times:
Assembly time:        9.30 s
Solve time:     12.08 s
Total time:     21.41 s

contact        voltage     electron current    hole current  conduction current
 drain_N      7.000E-01       7.067E-20         5.185E-35        7.067E-20
 drain_P      0.000E+00      -3.011E-32        -7.226E-20       -7.226E-20
 gate         9.850E-01       0.000E+00         0.000E+00        0.000E+00
 source_N     0.000E+00      -3.914E-20         1.972E-35       -3.914E-20
 source_P     0.000E+00      -2.862E-32         5.091E-20        5.091E-20

Computing step from t=0.985 to t=0.99 (Stepsize: 5.0000e-03) :
Extrapolating values for t = 0.99 ... done.
Computing Coupled( 1 poisson-equation(s) , 1 current-contact-equation(s) , 
                   1 electron-equation(s) , 1 hole-equation(s) ) 
using Bank/Rose nonlinear solver.

Iteration   |Rhs|      factor     |step|     error   #inner  #iterative  time
------------------------------------------------------------------------------
    0      2.91e+01                                                      3.98
    1      3.25e-04   1.00e+00   3.68e-06   1.76e-01    0         1     21.26
Finished, because...
Error smaller than 1 ( 1.7571E-01 ).

Accumulated times:
Assembly time:        9.20 s
Solve time:     12.03 s
Total time:     21.26 s

contact        voltage     electron current    hole current  conduction current
 drain_N      7.000E-01      -8.824E-20         4.908E-35       -8.824E-20
 drain_P      0.000E+00      -3.001E-32         6.320E-21        6.320E-21
 gate         9.900E-01       0.000E+00         0.000E+00        0.000E+00
 source_N     0.000E+00       4.307E-20         1.974E-35        4.307E-20
 source_P     0.000E+00      -2.853E-32        -4.329E-20       -4.329E-20

Computing step from t=0.99 to t=0.995 (Stepsize: 5.0000e-03) :
Extrapolating values for t = 0.995 ... done.
Computing Coupled( 1 poisson-equation(s) , 1 current-contact-equation(s) , 
                   1 electron-equation(s) , 1 hole-equation(s) ) 
using Bank/Rose nonlinear solver.

Iteration   |Rhs|      factor     |step|     error   #inner  #iterative  time
------------------------------------------------------------------------------
    0      2.91e+01                                                      3.99
    1      3.26e-04   1.00e+00   3.68e-06   1.76e-01    0         1     21.51
Finished, because...
Error smaller than 1 ( 1.7608E-01 ).

Accumulated times:
Assembly time:        9.36 s
Solve time:     12.11 s
Total time:     21.51 s

contact        voltage     electron current    hole current  conduction current
 drain_N      7.000E-01      -1.856E-20         4.662E-35       -1.856E-20
 drain_P      0.000E+00      -2.992E-32        -3.812E-20       -3.812E-20
 gate         9.950E-01       0.000E+00         0.000E+00        0.000E+00
 source_N     0.000E+00      -9.407E-21         1.975E-35       -9.407E-21
 source_P     0.000E+00      -2.844E-32        -1.995E-20       -1.995E-20

Computing step from t=0.995 to t=1 (Stepsize: 5.0000e-03) :
Extrapolating values for t = 1 ... done.
Computing Coupled( 1 poisson-equation(s) , 1 current-contact-equation(s) , 
                   1 electron-equation(s) , 1 hole-equation(s) ) 
using Bank/Rose nonlinear solver.

Iteration   |Rhs|      factor     |step|     error   #inner  #iterative  time
------------------------------------------------------------------------------
    0      2.92e+01                                                      4.19
    1      3.27e-04   1.00e+00   3.68e-06   1.76e-01    0         1     21.98
Finished, because...
Error smaller than 1 ( 1.7644E-01 ).

Accumulated times:
Assembly time:        9.56 s
Solve time:     12.38 s
Total time:     21.98 s

contact        voltage     electron current    hole current  conduction current
 drain_N      7.000E-01      -2.540E-21         4.428E-35       -2.540E-21
 drain_P      0.000E+00      -2.982E-32         6.137E-20        6.137E-20
 gate         1.000E+00       0.000E+00         0.000E+00        0.000E+00
 source_N     0.000E+00       1.281E-20         1.977E-35        1.281E-20
 source_P     0.000E+00      -2.835E-32         5.121E-21        5.121E-21


Finished, because...
Curve trace finished.


===============================
Starting solve of next problem:
Quasistationary ( Digits : 5, Max. #iterations : 25, 
      Initial step in t : 1.0000e-03, 
      Minimum step in t : 1.0000e-05, Maximum step in t : 0.05, 
      Increment : 1.35, Decrement : 3, 
      Goal values :
        Contact gate : 0.0000e+00V
    )
  {
    Coupled ( Digits : 5, Max. #iterations : 25, 
        Solver : Pardiso,
        #undamped iterations : 10 
        )
        { Poisson Electron Hole } 
  }
===============================

Reusing extrapolation from a previous quasistationary

Computing step from t=0.0000e+00 to t=1.0000e-03 (Stepsize: 1.0000e-03) :
Extrapolating values for t = 1.0000e-03 ... done.
Computing Coupled( 1 poisson-equation(s) , 1 current-contact-equation(s) , 
                   1 electron-equation(s) , 1 hole-equation(s) ) 
using Bank/Rose nonlinear solver.

Iteration   |Rhs|      factor     |step|     error   #inner  #iterative  time
------------------------------------------------------------------------------
    0      2.32e+00                                                      4.21
    1      3.72e-06   1.00e+00   2.95e-07   1.41e-02    0         1     25.67
Finished, because...
Error smaller than 1 ( 1.4131E-02 ).

Accumulated times:
Assembly time:        9.52 s
Solve time:     16.12 s
Total time:     25.67 s

contact        voltage     electron current    hole current  conduction current
 drain_N      7.000E-01       4.305E-21         1.405E-35        4.305E-21
 drain_P      0.000E+00      -2.128E-34         5.458E-21        5.458E-21
 gate         9.990E-01       0.000E+00         0.000E+00        0.000E+00
 source_N     0.000E+00       1.530E-20         1.970E-35        1.530E-20
 source_P     0.000E+00      -2.029E-34        -6.225E-20       -6.225E-20

Computing step from t=1.0000e-03 to t=2.3500e-03 (Stepsize: 1.3500e-03) :
Extrapolating values for t = 2.3500e-03 ... done.
Computing Coupled( 1 poisson-equation(s) , 1 current-contact-equation(s) , 
                   1 electron-equation(s) , 1 hole-equation(s) ) 
using Bank/Rose nonlinear solver.

Iteration   |Rhs|      factor     |step|     error   #inner  #iterative  time
------------------------------------------------------------------------------
    0      1.84e+00                                                      3.98
    1      7.76e-07   1.00e+00   2.34e-07   1.12e-02    0         1     21.27
Finished, because...
Error smaller than 1 ( 1.1211E-02 ).

Accumulated times:
Assembly time:        9.25 s
Solve time:     11.99 s
Total time:     21.27 s

contact        voltage     electron current    hole current  conduction current
 drain_N      7.000E-01       1.315E-19         1.384E-35        1.315E-19
 drain_P      0.000E+00      -1.247E-34         2.776E-20        2.776E-20
 gate         9.977E-01       0.000E+00         0.000E+00        0.000E+00
 source_N     0.000E+00       4.698E-20         1.969E-35        4.698E-20
 source_P     0.000E+00      -1.186E-34         2.801E-20        2.801E-20

Computing step from t=2.3500e-03 to t=4.1725e-03 (Stepsize: 1.8225e-03) :
Extrapolating values for t = 4.1725e-03 ... done.
Computing Coupled( 1 poisson-equation(s) , 1 current-contact-equation(s) , 
                   1 electron-equation(s) , 1 hole-equation(s) ) 
using Bank/Rose nonlinear solver.

Iteration   |Rhs|      factor     |step|     error   #inner  #iterative  time
------------------------------------------------------------------------------
    0      3.35e+00                                                      3.99
    1      2.90e-06   1.00e+00   4.27e-07   2.04e-02    0         1     21.42
Finished, because...
Error smaller than 1 ( 2.0423E-02 ).

Accumulated times:
Assembly time:        9.24 s
Solve time:     12.14 s
Total time:     21.42 s

contact        voltage     electron current    hole current  conduction current
 drain_N      7.000E-01      -1.661E-20         1.413E-35       -1.661E-20
 drain_P      0.000E+00      -4.136E-34        -2.431E-21       -2.431E-21
 gate         9.958E-01       0.000E+00         0.000E+00        0.000E+00
 source_N     0.000E+00       6.947E-20         1.971E-35        6.947E-20
 source_P     0.000E+00      -3.933E-34         4.800E-21        4.800E-21

Computing step from t=4.1725e-03 to t=6.6329e-03 (Stepsize: 2.4604e-03) :
Extrapolating values for t = 6.6329e-03 ... done.
Computing Coupled( 1 poisson-equation(s) , 1 current-contact-equation(s) , 
                   1 electron-equation(s) , 1 hole-equation(s) ) 
using Bank/Rose nonlinear solver.

Iteration   |Rhs|      factor     |step|     error   #inner  #iterative  time
------------------------------------------------------------------------------
    0      6.09e+00                                                      4.05
    1      1.08e-05   1.00e+00   7.78e-07   3.72e-02    0         1     21.51
Finished, because...
Error smaller than 1 ( 3.7193E-02 ).

Accumulated times:
Assembly time:        9.28 s
Solve time:     12.18 s
Total time:     21.51 s

contact        voltage     electron current    hole current  conduction current
 drain_N      7.000E-01      -2.474E-20         1.526E-35       -2.474E-20
 drain_P      0.000E+00      -1.370E-33        -1.603E-20       -1.603E-20
 gate         9.934E-01       0.000E+00         0.000E+00        0.000E+00
 source_N     0.000E+00      -4.336E-20         1.971E-35       -4.336E-20
 source_P     0.000E+00      -1.302E-33        -5.527E-20       -5.527E-20

Computing step from t=6.6329e-03 to t=9.9544e-03 (Stepsize: 3.3215e-03) :
Extrapolating values for t = 9.9544e-03 ... done.
Computing Coupled( 1 poisson-equation(s) , 1 current-contact-equation(s) , 
                   1 electron-equation(s) , 1 hole-equation(s) ) 
using Bank/Rose nonlinear solver.

Iteration   |Rhs|      factor     |step|     error   #inner  #iterative  time
------------------------------------------------------------------------------
    0      1.11e+01                                                      4.01
    1      3.97e-05   1.00e+00   1.42e-06   6.77e-02    0         1     21.88
Finished, because...
Error smaller than 1 ( 6.7716E-02 ).

Accumulated times:
Assembly time:        9.42 s
Solve time:     12.42 s
Total time:     21.88 s

contact        voltage     electron current    hole current  conduction current
 drain_N      7.000E-01      -1.170E-19         1.899E-35       -1.170E-19
 drain_P      0.000E+00      -4.534E-33        -4.257E-20       -4.257E-20
 gate         9.900E-01       0.000E+00         0.000E+00        0.000E+00
 source_N     0.000E+00      -1.682E-21         1.969E-35       -1.682E-21
 source_P     0.000E+00      -4.310E-33         5.050E-20        5.050E-20

Computing step from t=9.9544e-03 to t=0.0144384 (Stepsize: 4.4840e-03) :
Extrapolating values for t = 0.0144384 ... done.
Computing Coupled( 1 poisson-equation(s) , 1 current-contact-equation(s) , 
                   1 electron-equation(s) , 1 hole-equation(s) ) 
using Bank/Rose nonlinear solver.

Iteration   |Rhs|      factor     |step|     error   #inner  #iterative  time
------------------------------------------------------------------------------
    0      2.01e+01                                                      4.02
    1      1.46e-04   1.00e+00   2.59e-06   1.23e-01    0         1     21.43
Finished, because...
Error smaller than 1 ( 1.2324E-01 ).

Accumulated times:
Assembly time:        9.36 s
Solve time:     12.05 s
Total time:     21.43 s

contact        voltage     electron current    hole current  conduction current
 drain_N      7.000E-01       9.179E-20         3.219E-35        9.179E-20
 drain_P      0.000E+00      -1.501E-32         1.520E-20        1.520E-20
 gate         9.856E-01       0.000E+00         0.000E+00        0.000E+00
 source_N     0.000E+00      -2.150E-20         1.970E-35       -2.150E-20
 source_P     0.000E+00      -1.427E-32        -4.348E-20       -4.348E-20

Computing step from t=0.0144384 to t=0.0204919 (Stepsize: 6.0534e-03) :
Extrapolating values for t = 0.0204919 ... done.
Computing Coupled( 1 poisson-equation(s) , 1 current-contact-equation(s) , 
                   1 electron-equation(s) , 1 hole-equation(s) ) 
using Bank/Rose nonlinear solver.

Iteration   |Rhs|      factor     |step|     error   #inner  #iterative  time
------------------------------------------------------------------------------
    0      3.66e+01                                                      4.08
    1      5.30e-04   1.00e+00   4.72e-06   2.24e-01    0         1     22.12
Finished, because...
Error smaller than 1 ( 2.2418E-01 ).

Accumulated times:
Assembly time:        9.52 s
Solve time:     12.58 s
Total time:     22.12 s

contact        voltage     electron current    hole current  conduction current
 drain_N      7.000E-01       9.257E-20         7.885E-35        9.257E-20
 drain_P      0.000E+00      -4.970E-32        -7.428E-20       -7.428E-20
 gate         9.795E-01       0.000E+00         0.000E+00        0.000E+00
 source_N     0.000E+00      -1.440E-20         1.974E-35       -1.440E-20
 source_P     0.000E+00      -4.723E-32        -1.558E-20       -1.558E-20

Computing step from t=0.0204919 to t=0.028664 (Stepsize: 8.1722e-03) :
Extrapolating values for t = 0.028664 ... done.
Computing Coupled( 1 poisson-equation(s) , 1 current-contact-equation(s) , 
                   1 electron-equation(s) , 1 hole-equation(s) ) 
using Bank/Rose nonlinear solver.

Iteration   |Rhs|      factor     |step|     error   #inner  #iterative  time
------------------------------------------------------------------------------
    0      6.64e+01                                                      4.17
    1      1.92e-03   1.00e+00   8.60e-06   4.07e-01    0         1     21.95
Finished, because...
Error smaller than 1 ( 4.0749E-01 ).

Accumulated times:
Assembly time:        9.58 s
Solve time:     12.31 s
Total time:     21.95 s

contact        voltage     electron current    hole current  conduction current
 drain_N      7.000E-01      -8.379E-20         2.501E-34       -8.379E-20
 drain_P      0.000E+00      -1.647E-31         5.322E-20        5.322E-20
 gate         9.713E-01       0.000E+00         0.000E+00        0.000E+00
 source_N     0.000E+00       2.369E-20         1.973E-35        2.369E-20
 source_P     0.000E+00      -1.565E-31         1.514E-20        1.514E-20

Computing step from t=0.028664 to t=0.0396964 (Stepsize: 0.0110324) :
Extrapolating values for t = 0.0396964 ... done.
Computing Coupled( 1 poisson-equation(s) , 1 current-contact-equation(s) , 
                   1 electron-equation(s) , 1 hole-equation(s) ) 
using Bank/Rose nonlinear solver.

Iteration   |Rhs|      factor     |step|     error   #inner  #iterative  time
------------------------------------------------------------------------------
    0      1.20e+02                                                      4.14
    1      6.91e-03   1.00e+00   1.57e-05   7.40e-01    0         1     22.00
Finished, because...
Error smaller than 1 ( 7.3994E-01 ).

Accumulated times:
Assembly time:        9.50 s
Solve time:     12.47 s
Total time:     22.00 s

contact        voltage     electron current    hole current  conduction current
 drain_N      7.000E-01       1.063E-19         9.074E-34        1.063E-19
 drain_P      0.000E+00      -5.462E-31         2.261E-20        2.261E-20
 gate         9.603E-01       0.000E+00         0.000E+00        0.000E+00
 source_N     0.000E+00      -3.802E-21         1.951E-35       -3.802E-21
 source_P     0.000E+00      -5.187E-31        -3.640E-20       -3.640E-20

Computing step from t=0.0396964 to t=0.0545902 (Stepsize: 0.0148937) :
Extrapolating values for t = 0.0545902 ... done.
Computing Coupled( 1 poisson-equation(s) , 1 current-contact-equation(s) , 
                   1 electron-equation(s) , 1 hole-equation(s) ) 
using Bank/Rose nonlinear solver.

Iteration   |Rhs|      factor     |step|     error   #inner  #iterative  time
------------------------------------------------------------------------------
    0      2.17e+02                                                      4.13
    1      2.47e-02   1.00e+00   2.87e-05   1.34e+00    0         1     21.94
    2      7.71e-08   1.00e+00   4.30e-08   6.18e-05    0         1     39.88
Finished, because...
Error smaller than 1 ( 6.1787E-05 ).

Accumulated times:
Assembly time:       15.05 s
Solve time:     24.76 s
Total time:     39.88 s

contact        voltage     electron current    hole current  conduction current
 drain_N      7.000E-01      -7.118E-20         1.367E-35       -7.118E-20
 drain_P      0.000E+00       1.300E-37         2.155E-20        2.155E-20
 gate         9.454E-01       0.000E+00         0.000E+00        0.000E+00
 source_N     0.000E+00      -2.160E-20         1.968E-35       -2.160E-20
 source_P     0.000E+00       1.405E-37         5.595E-20        5.595E-20

Computing step from t=0.0545902 to t=0.0744187 (Stepsize: 0.0198285) :
Extrapolating values for t = 0.0744187 ... done.
Computing Coupled( 1 poisson-equation(s) , 1 current-contact-equation(s) , 
                   1 electron-equation(s) , 1 hole-equation(s) ) 
using Bank/Rose nonlinear solver.

Iteration   |Rhs|      factor     |step|     error   #inner  #iterative  time
------------------------------------------------------------------------------
    0      3.83e+02                                                      4.22
    1      8.35e-02   1.00e+00   5.12e-05   2.37e+00    0         1     22.02
    2      9.46e-08   1.00e+00   1.37e-07   1.78e-04    0         1     39.22
Finished, because...
Error smaller than 1 ( 1.7801E-04 ).

Accumulated times:
Assembly time:       14.78 s
Solve time:     24.36 s
Total time:     39.23 s

contact        voltage     electron current    hole current  conduction current
 drain_N      7.000E-01      -4.541E-20         1.367E-35       -4.541E-20
 drain_P      0.000E+00       5.050E-38         5.143E-20        5.143E-20
 gate         9.256E-01       0.000E+00         0.000E+00        0.000E+00
 source_N     0.000E+00       3.834E-20         1.971E-35        3.834E-20
 source_P     0.000E+00       8.096E-38        -2.334E-20       -2.334E-20

Computing step from t=0.0744187 to t=0.100817 (Stepsize: 0.0263984) :
Extrapolating values for t = 0.100817 ... done.
Computing Coupled( 1 poisson-equation(s) , 1 current-contact-equation(s) , 
                   1 electron-equation(s) , 1 hole-equation(s) ) 
using Bank/Rose nonlinear solver.

Iteration   |Rhs|      factor     |step|     error   #inner  #iterative  time
------------------------------------------------------------------------------
    0      6.69e+02                                                      4.08
    1      2.76e-01   1.00e+00   9.09e-05   4.16e+00    0         1     21.33
    2      8.59e-08   1.00e+00   4.34e-07   4.96e-04    0         1     38.66
Finished, because...
Error smaller than 1 ( 4.9609E-04 ).

Accumulated times:
Assembly time:       14.69 s
Solve time:     23.89 s
Total time:     38.66 s

contact        voltage     electron current    hole current  conduction current
 drain_N      7.000E-01      -7.831E-20         1.366E-35       -7.831E-20
 drain_P      0.000E+00      -1.418E-36        -5.273E-20       -5.273E-20
 gate         8.992E-01       0.000E+00         0.000E+00        0.000E+00
 source_N     0.000E+00       2.316E-20         1.971E-35        2.316E-20
 source_P     0.000E+00      -9.871E-37        -7.094E-20       -7.094E-20

Computing step from t=0.100817 to t=0.135962 (Stepsize: 0.0351451) :
Extrapolating values for t = 0.135962 ... done.
Computing Coupled( 1 poisson-equation(s) , 1 current-contact-equation(s) , 
                   1 electron-equation(s) , 1 hole-equation(s) ) 
using Bank/Rose nonlinear solver.

Iteration   |Rhs|      factor     |step|     error   #inner  #iterative  time
------------------------------------------------------------------------------
    0      1.16e+03                                                      4.03
    1      8.98e-01   1.00e+00   1.62e-04   7.26e+00    0         1     21.33
    2      1.47e-06   1.00e+00   1.38e-06   1.37e-03    0         1     38.69
Finished, because...
Error smaller than 1 ( 1.3676E-03 ).

Accumulated times:
Assembly time:       14.59 s
Solve time:     24.04 s
Total time:     38.69 s

contact        voltage     electron current    hole current  conduction current
 drain_N      7.000E-01       6.467E-20         1.377E-35        6.467E-20
 drain_P      0.000E+00      -2.724E-35         9.765E-21        9.765E-21
 gate         8.640E-01       0.000E+00         0.000E+00        0.000E+00
 source_N     0.000E+00      -2.093E-20         1.973E-35       -2.093E-20
 source_P     0.000E+00      -2.199E-35         4.342E-20        4.342E-20

Computing step from t=0.135962 to t=0.182752 (Stepsize: 0.0467898) :
Extrapolating values for t = 0.182752 ... done.
Computing Coupled( 1 poisson-equation(s) , 1 current-contact-equation(s) , 
                   1 electron-equation(s) , 1 hole-equation(s) ) 
using Bank/Rose nonlinear solver.

Iteration   |Rhs|      factor     |step|     error   #inner  #iterative  time
------------------------------------------------------------------------------
    0      2.00e+03                                                      4.04
    1      2.87e+00   1.00e+00   2.87e-04   1.26e+01    0         1     21.27
    2      1.74e-05   1.00e+00   4.42e-06   3.98e-03    0         1     38.39
Finished, because...
Error smaller than 1 ( 3.9752E-03 ).

Accumulated times:
Assembly time:       14.56 s
Solve time:     23.77 s
Total time:     38.39 s

contact        voltage     electron current    hole current  conduction current
 drain_N      7.000E-01       6.298E-20         1.580E-35        6.298E-20
 drain_P      0.000E+00      -7.175E-34        -3.651E-21       -3.651E-21
 gate         8.172E-01       0.000E+00         0.000E+00        0.000E+00
 source_N     0.000E+00      -9.374E-20         1.974E-35       -9.374E-20
 source_P     0.000E+00      -6.087E-34         3.936E-20        3.936E-20

Computing step from t=0.182752 to t=0.232752 (Stepsize: 0.05) :
Extrapolating values for t = 0.232752 ... done.
Computing Coupled( 1 poisson-equation(s) , 1 current-contact-equation(s) , 
                   1 electron-equation(s) , 1 hole-equation(s) ) 
using Bank/Rose nonlinear solver.

Iteration   |Rhs|      factor     |step|     error   #inner  #iterative  time
------------------------------------------------------------------------------
    0      2.46e+03                                                      4.07
    1      4.46e+00   1.00e+00   3.62e-04   1.54e+01    0         1     21.39
    2      4.58e-05   1.00e+00   7.20e-06   6.53e-03    0         1     38.60
Finished, because...
Error smaller than 1 ( 6.5315E-03 ).

Accumulated times:
Assembly time:       14.67 s
Solve time:     23.85 s
Total time:     38.60 s

contact        voltage     electron current    hole current  conduction current
 drain_N      7.000E-01      -1.866E-20         2.447E-35       -1.866E-20
 drain_P      0.000E+00      -2.070E-33         4.058E-20        4.058E-20
 gate         7.672E-01       0.000E+00         0.000E+00        0.000E+00
 source_N     0.000E+00       6.153E-21         1.974E-35        6.153E-21
 source_P     0.000E+00      -1.739E-33        -8.790E-20       -8.790E-20

Computing step from t=0.232752 to t=0.282752 (Stepsize: 0.05) :
Extrapolating values for t = 0.282752 ... done.
Computing Coupled( 1 poisson-equation(s) , 1 current-contact-equation(s) , 
                   1 electron-equation(s) , 1 hole-equation(s) ) 
using Bank/Rose nonlinear solver.

Iteration   |Rhs|      factor     |step|     error   #inner  #iterative  time
------------------------------------------------------------------------------
    0      2.48e+03                                                      4.04
    1      4.57e+00   1.00e+00   3.72e-04   1.53e+01    0         1     21.28
    2      5.04e-05   1.00e+00   7.82e-06   7.28e-03    0         1     38.48
Finished, because...
Error smaller than 1 ( 7.2803E-03 ).

Accumulated times:
Assembly time:       14.59 s
Solve time:     23.83 s
Total time:     38.48 s

contact        voltage     electron current    hole current  conduction current
 drain_N      7.000E-01      -8.183E-20         3.010E-35       -8.183E-20
 drain_P      0.000E+00      -2.513E-33        -2.872E-20       -2.872E-20
 gate         7.172E-01       0.000E+00         0.000E+00        0.000E+00
 source_N     0.000E+00      -3.268E-20         1.972E-35       -3.268E-20
 source_P     0.000E+00      -2.069E-33         2.556E-20        2.556E-20

Computing step from t=0.282752 to t=0.332752 (Stepsize: 0.05) :
Extrapolating values for t = 0.332752 ... done.
Computing Coupled( 1 poisson-equation(s) , 1 current-contact-equation(s) , 
                   1 electron-equation(s) , 1 hole-equation(s) ) 
using Bank/Rose nonlinear solver.

Iteration   |Rhs|      factor     |step|     error   #inner  #iterative  time
------------------------------------------------------------------------------
    0      2.43e+03                                                      4.05
    1      4.38e+00   1.00e+00   3.69e-04   1.47e+01    0         1     21.48
    2      4.82e-05   1.00e+00   7.86e-06   7.36e-03    0         1     38.73
Finished, because...
Error smaller than 1 ( 7.3615E-03 ).

Accumulated times:
Assembly time:       14.63 s
Solve time:     24.03 s
Total time:     38.73 s

contact        voltage     electron current    hole current  conduction current
 drain_N      7.000E-01       1.116E-19         3.270E-35        1.116E-19
 drain_P      0.000E+00      -2.435E-33        -5.290E-20       -5.290E-20
 gate         6.672E-01       0.000E+00         0.000E+00        0.000E+00
 source_N     0.000E+00       4.277E-20         1.980E-35        4.277E-20
 source_P     0.000E+00      -1.964E-33         1.000E-20        1.000E-20

Computing step from t=0.332752 to t=0.382752 (Stepsize: 0.05) :
Extrapolating values for t = 0.382752 ... done.
Computing Coupled( 1 poisson-equation(s) , 1 current-contact-equation(s) , 
                   1 electron-equation(s) , 1 hole-equation(s) ) 
using Bank/Rose nonlinear solver.

Iteration   |Rhs|      factor     |step|     error   #inner  #iterative  time
------------------------------------------------------------------------------
    0      2.37e+03                                                      4.05
    1      4.16e+00   1.00e+00   3.66e-04   1.40e+01    0         1     21.44
    2      4.53e-05   1.00e+00   7.77e-06   7.11e-03    0         1     38.85
Finished, because...
Error smaller than 1 ( 7.1068E-03 ).

Accumulated times:
Assembly time:       14.70 s
Solve time:     24.07 s
Total time:     38.85 s

contact        voltage     electron current    hole current  conduction current
 drain_N      7.000E-01       2.380E-21         2.993E-35        2.380E-21
 drain_P      0.000E+00      -2.181E-33         4.611E-20        4.611E-20
 gate         6.172E-01       0.000E+00         0.000E+00        0.000E+00
 source_N     0.000E+00       3.606E-20         1.981E-35        3.606E-20
 source_P     0.000E+00      -1.729E-33        -3.056E-20       -3.056E-20

Computing step from t=0.382752 to t=0.432752 (Stepsize: 0.05) :
Extrapolating values for t = 0.432752 ... done.
Computing Coupled( 1 poisson-equation(s) , 1 current-contact-equation(s) , 
                   1 electron-equation(s) , 1 hole-equation(s) ) 
using Bank/Rose nonlinear solver.

Iteration   |Rhs|      factor     |step|     error   #inner  #iterative  time
------------------------------------------------------------------------------
    0      2.30e+03                                                      4.05
    1      3.94e+00   1.00e+00   3.62e-04   1.34e+01    0         1     21.28
    2      4.25e-05   1.00e+00   7.56e-06   6.75e-03    0         1     38.61
Finished, because...
Error smaller than 1 ( 6.7528E-03 ).

Accumulated times:
Assembly time:       14.61 s
Solve time:     23.92 s
Total time:     38.61 s

contact        voltage     electron current    hole current  conduction current
 drain_N      7.000E-01       7.655E-20         2.785E-35        7.655E-20
 drain_P      0.000E+00      -1.819E-33         1.613E-20        1.613E-20
 gate         5.672E-01       0.000E+00         0.000E+00        0.000E+00
 source_N     0.000E+00       4.298E-22         1.979E-35        4.298E-22
 source_P     0.000E+00      -1.422E-33         1.399E-20        1.399E-20

Computing step from t=0.432752 to t=0.482752 (Stepsize: 0.05) :
Extrapolating values for t = 0.482752 ... done.
Computing Coupled( 1 poisson-equation(s) , 1 current-contact-equation(s) , 
                   1 electron-equation(s) , 1 hole-equation(s) ) 
using Bank/Rose nonlinear solver.

Iteration   |Rhs|      factor     |step|     error   #inner  #iterative  time
------------------------------------------------------------------------------
    0      2.24e+03                                                      4.10
    1      3.73e+00   1.00e+00   3.58e-04   1.27e+01    0         1     21.59
    2      3.98e-05   1.00e+00   7.21e-06   6.54e-03    0         1     38.93
Finished, because...
Error smaller than 1 ( 6.5368E-03 ).

Accumulated times:
Assembly time:       14.73 s
Solve time:     24.11 s
Total time:     38.93 s

contact        voltage     electron current    hole current  conduction current
 drain_N      7.000E-01       3.580E-20         2.748E-35        3.580E-20
 drain_P      0.000E+00      -1.376E-33        -5.551E-20       -5.551E-20
 gate         5.172E-01       0.000E+00         0.000E+00        0.000E+00
 source_N     0.000E+00       7.704E-20         1.981E-35        7.704E-20
 source_P     0.000E+00      -1.063E-33        -2.623E-20       -2.623E-20

Computing step from t=0.482752 to t=0.532752 (Stepsize: 0.05) :
Extrapolating values for t = 0.532752 ... done.
Computing Coupled( 1 poisson-equation(s) , 1 current-contact-equation(s) , 
                   1 electron-equation(s) , 1 hole-equation(s) ) 
using Bank/Rose nonlinear solver.

Iteration   |Rhs|      factor     |step|     error   #inner  #iterative  time
------------------------------------------------------------------------------
    0      2.18e+03                                                      4.04
    1      3.52e+00   1.00e+00   3.54e-04   1.22e+01    0         1     21.39
    2      3.71e-05   1.00e+00   6.71e-06   6.58e-03    0         1     38.91
Finished, because...
Error smaller than 1 ( 6.5784E-03 ).

Accumulated times:
Assembly time:       14.73 s
Solve time:     24.11 s
Total time:     38.91 s

contact        voltage     electron current    hole current  conduction current
 drain_N      7.000E-01       9.749E-20         2.858E-35        9.749E-20
 drain_P      0.000E+00      -9.060E-34         4.677E-20        4.677E-20
 gate         4.672E-01       0.000E+00         0.000E+00        0.000E+00
 source_N     0.000E+00      -2.793E-20         1.983E-35       -2.793E-20
 source_P     0.000E+00      -7.160E-34         7.602E-20        7.602E-20

Computing step from t=0.532752 to t=0.582752 (Stepsize: 0.05) :
Extrapolating values for t = 0.582752 ... done.
Computing Coupled( 1 poisson-equation(s) , 1 current-contact-equation(s) , 
                   1 electron-equation(s) , 1 hole-equation(s) ) 
using Bank/Rose nonlinear solver.

Iteration   |Rhs|      factor     |step|     error   #inner  #iterative  time
------------------------------------------------------------------------------
    0      2.12e+03                                                      4.07
    1      3.31e+00   1.00e+00   3.51e-04   1.17e+01    0         1     21.24
    2      3.45e-05   1.00e+00   6.11e-06   6.82e-03    0         1     38.54
Finished, because...
Error smaller than 1 ( 6.8198E-03 ).

Accumulated times:
Assembly time:       14.62 s
Solve time:     23.85 s
Total time:     38.54 s

contact        voltage     electron current    hole current  conduction current
 drain_N      7.000E-01       8.960E-20         3.065E-35        8.960E-20
 drain_P      0.000E+00      -5.672E-34        -6.428E-20       -6.428E-20
 gate         4.172E-01       0.000E+00         0.000E+00        0.000E+00
 source_N     0.000E+00      -4.994E-20         1.985E-35       -4.994E-20
 source_P     0.000E+00      -4.722E-34        -5.327E-20       -5.327E-20

Computing step from t=0.582752 to t=0.632752 (Stepsize: 0.05) :
Extrapolating values for t = 0.632752 ... done.
Computing Coupled( 1 poisson-equation(s) , 1 current-contact-equation(s) , 
                   1 electron-equation(s) , 1 hole-equation(s) ) 
using Bank/Rose nonlinear solver.

Iteration   |Rhs|      factor     |step|     error   #inner  #iterative  time
------------------------------------------------------------------------------
    0      2.05e+03                                                      4.05
    1      3.10e+00   1.00e+00   3.47e-04   1.13e+01    0         1     21.27
    2      3.20e-05   1.00e+00   5.48e-06   7.16e-03    0         1     38.40
Finished, because...
Error smaller than 1 ( 7.1553E-03 ).

Accumulated times:
Assembly time:       14.57 s
Solve time:     23.75 s
Total time:     38.40 s

contact        voltage     electron current    hole current  conduction current
 drain_N      7.000E-01      -6.420E-21         3.539E-35       -6.420E-21
 drain_P      0.000E+00      -3.359E-34        -1.037E-21       -1.037E-21
 gate         3.672E-01       0.000E+00         0.000E+00        0.000E+00
 source_N     0.000E+00       7.675E-20         1.988E-35        7.675E-20
 source_P     0.000E+00      -2.923E-34        -2.444E-20       -2.444E-20

Computing step from t=0.632752 to t=0.682752 (Stepsize: 0.05) :
Extrapolating values for t = 0.682752 ... done.
Computing Coupled( 1 poisson-equation(s) , 1 current-contact-equation(s) , 
                   1 electron-equation(s) , 1 hole-equation(s) ) 
using Bank/Rose nonlinear solver.

Iteration   |Rhs|      factor     |step|     error   #inner  #iterative  time
------------------------------------------------------------------------------
    0      2.00e+03                                                      4.05
    1      2.97e+00   1.00e+00   3.44e-04   1.10e+01    0         1     21.34
    2      2.94e-05   1.00e+00   4.93e-06   7.48e-03    0         1     38.55
Finished, because...
Error smaller than 1 ( 7.4816E-03 ).

Accumulated times:
Assembly time:       14.64 s
Solve time:     23.81 s
Total time:     38.55 s

contact        voltage     electron current    hole current  conduction current
 drain_N      7.000E-01       1.347E-19         4.422E-35        1.347E-19
 drain_P      0.000E+00      -1.632E-34        -3.460E-20       -3.460E-20
 gate         3.172E-01       0.000E+00         0.000E+00        0.000E+00
 source_N     0.000E+00      -1.302E-20         1.986E-35       -1.302E-20
 source_P     0.000E+00      -1.590E-34         1.387E-20        1.387E-20

Computing step from t=0.682752 to t=0.732752 (Stepsize: 0.05) :
Extrapolating values for t = 0.732752 ... done.
Computing Coupled( 1 poisson-equation(s) , 1 current-contact-equation(s) , 
                   1 electron-equation(s) , 1 hole-equation(s) ) 
using Bank/Rose nonlinear solver.

Iteration   |Rhs|      factor     |step|     error   #inner  #iterative  time
------------------------------------------------------------------------------
    0      2.01e+03                                                      4.03
    1      2.84e+00   1.00e+00   3.41e-04   1.08e+01    0         1     21.17
    2      2.69e-05   1.00e+00   4.55e-06   7.84e-03    0         1     38.32
Finished, because...
Error smaller than 1 ( 7.8417E-03 ).

Accumulated times:
Assembly time:       14.55 s
Solve time:     23.71 s
Total time:     38.33 s

contact        voltage     electron current    hole current  conduction current
 drain_N      7.000E-01      -4.567E-20         5.796E-35       -4.567E-20
 drain_P      0.000E+00      -7.582E-35         2.038E-20        2.038E-20
 gate         2.672E-01       0.000E+00         0.000E+00        0.000E+00
 source_N     0.000E+00      -2.370E-20         1.993E-35       -2.370E-20
 source_P     0.000E+00      -8.166E-35         4.188E-20        4.188E-20

Computing step from t=0.732752 to t=0.782752 (Stepsize: 0.05) :
Extrapolating values for t = 0.782752 ... done.
Computing Coupled( 1 poisson-equation(s) , 1 current-contact-equation(s) , 
                   1 electron-equation(s) , 1 hole-equation(s) ) 
using Bank/Rose nonlinear solver.

Iteration   |Rhs|      factor     |step|     error   #inner  #iterative  time
------------------------------------------------------------------------------
    0      2.02e+03                                                      4.11
    1      2.71e+00   1.00e+00   3.39e-04   1.07e+01    0         1     21.39
    2      2.45e-05   1.00e+00   4.34e-06   8.18e-03    0         1     38.63
Finished, because...
Error smaller than 1 ( 8.1763E-03 ).

Accumulated times:
Assembly time:       14.66 s
Solve time:     23.90 s
Total time:     38.63 s

contact        voltage     electron current    hole current  conduction current
 drain_N      7.000E-01      -4.653E-20         7.882E-35       -4.653E-20
 drain_P      0.000E+00      -4.384E-35         3.707E-21        3.707E-21
 gate         2.172E-01       0.000E+00         0.000E+00        0.000E+00
 source_N     0.000E+00      -9.861E-20         1.995E-35       -9.861E-20
 source_P     0.000E+00      -4.867E-35        -6.122E-20       -6.122E-20

Computing step from t=0.782752 to t=0.832752 (Stepsize: 0.05) :
Extrapolating values for t = 0.832752 ... done.
Computing Coupled( 1 poisson-equation(s) , 1 current-contact-equation(s) , 
                   1 electron-equation(s) , 1 hole-equation(s) ) 
using Bank/Rose nonlinear solver.

Iteration   |Rhs|      factor     |step|     error   #inner  #iterative  time
------------------------------------------------------------------------------
    0      2.03e+03                                                      4.03
    1      2.57e+00   1.00e+00   3.37e-04   1.07e+01    0         1     21.29
    2      2.21e-05   1.00e+00   4.24e-06   8.43e-03    0         1     38.62
Finished, because...
Error smaller than 1 ( 8.4301E-03 ).

Accumulated times:
Assembly time:       14.68 s
Solve time:     23.86 s
Total time:     38.62 s

contact        voltage     electron current    hole current  conduction current
 drain_N      7.000E-01      -5.039E-20         1.006E-34       -5.039E-20
 drain_P      0.000E+00      -3.362E-35        -9.382E-20       -9.382E-20
 gate         1.672E-01       0.000E+00         0.000E+00        0.000E+00
 source_N     0.000E+00      -3.221E-22         2.014E-35       -3.221E-22
 source_P     0.000E+00      -3.434E-35        -2.494E-20       -2.494E-20

Computing step from t=0.832752 to t=0.882752 (Stepsize: 0.05) :
Extrapolating values for t = 0.882752 ... done.
Computing Coupled( 1 poisson-equation(s) , 1 current-contact-equation(s) , 
                   1 electron-equation(s) , 1 hole-equation(s) ) 
using Bank/Rose nonlinear solver.

Iteration   |Rhs|      factor     |step|     error   #inner  #iterative  time
------------------------------------------------------------------------------
    0      2.04e+03                                                      4.02
    1      2.63e+00   1.00e+00   3.36e-04   1.08e+01    0         1     21.10
    2      1.97e-05   1.00e+00   4.16e-06   8.62e-03    0         1     38.25
Finished, because...
Error smaller than 1 ( 8.6222E-03 ).

Accumulated times:
Assembly time:       14.50 s
Solve time:     23.69 s
Total time:     38.25 s

contact        voltage     electron current    hole current  conduction current
 drain_N      7.000E-01       4.267E-21         1.206E-34        4.267E-21
 drain_P      0.000E+00      -2.098E-35         2.056E-20        2.056E-20
 gate         1.172E-01       0.000E+00         0.000E+00        0.000E+00
 source_N     0.000E+00       1.106E-20         2.049E-35        1.106E-20
 source_P     0.000E+00      -1.995E-35         4.268E-20        4.268E-20

Computing step from t=0.882752 to t=0.932752 (Stepsize: 0.05) :
Extrapolating values for t = 0.932752 ... done.
Computing Coupled( 1 poisson-equation(s) , 1 current-contact-equation(s) , 
                   1 electron-equation(s) , 1 hole-equation(s) ) 
using Bank/Rose nonlinear solver.

Iteration   |Rhs|      factor     |step|     error   #inner  #iterative  time
------------------------------------------------------------------------------
    0      2.19e+03                                                      4.04
    1      3.20e+00   1.00e+00   3.35e-04   1.10e+01    0         1     21.23
    2      2.09e-05   1.00e+00   4.07e-06   8.76e-03    0         1     38.32
Finished, because...
Error smaller than 1 ( 8.7587E-03 ).

Accumulated times:
Assembly time:       14.49 s
Solve time:     23.76 s
Total time:     38.32 s

contact        voltage     electron current    hole current  conduction current
 drain_N      7.000E-01      -5.152E-22         1.358E-34       -5.152E-22
 drain_P      0.000E+00      -1.083E-35        -8.320E-20       -8.320E-20
 gate         6.725E-02       0.000E+00         0.000E+00        0.000E+00
 source_N     0.000E+00       3.611E-21         2.122E-35        3.611E-21
 source_P     0.000E+00      -9.870E-36        -4.572E-20       -4.572E-20

Computing step from t=0.932752 to t=0.982752 (Stepsize: 0.05) :
Extrapolating values for t = 0.982752 ... done.
Computing Coupled( 1 poisson-equation(s) , 1 current-contact-equation(s) , 
                   1 electron-equation(s) , 1 hole-equation(s) ) 
using Bank/Rose nonlinear solver.

Iteration   |Rhs|      factor     |step|     error   #inner  #iterative  time
------------------------------------------------------------------------------
    0      2.31e+03                                                      4.01
    1      3.62e+00   1.00e+00   3.35e-04   1.13e+01    0         1     21.16
    2      2.80e-05   1.00e+00   3.98e-06   8.85e-03    0         1     38.46
Finished, because...
Error smaller than 1 ( 8.8546E-03 ).

Accumulated times:
Assembly time:       14.56 s
Solve time:     23.83 s
Total time:     38.46 s

contact        voltage     electron current    hole current  conduction current
 drain_N      7.000E-01      -7.232E-20         1.433E-34       -7.232E-20
 drain_P      0.000E+00      -4.854E-36        -3.399E-20       -3.399E-20
 gate         1.725E-02       0.000E+00         0.000E+00        0.000E+00
 source_N     0.000E+00      -3.701E-20         2.283E-35       -3.701E-20
 source_P     0.000E+00      -4.191E-36        -4.350E-21       -4.350E-21

Computing step from t=0.982752 to t=1 (Stepsize: 0.017248) :
Extrapolating values for t = 1 ... done.
Computing Coupled( 1 poisson-equation(s) , 1 current-contact-equation(s) , 
                   1 electron-equation(s) , 1 hole-equation(s) ) 
using Bank/Rose nonlinear solver.

Iteration   |Rhs|      factor     |step|     error   #inner  #iterative  time
------------------------------------------------------------------------------
    0      5.26e+02                                                      4.01
    1      8.66e-02   1.00e+00   7.80e-05   2.67e+00    0         1     21.42
    2      1.02e-07   1.00e+00   2.35e-07   2.98e-04    0         1     38.68
Finished, because...
Error smaller than 1 ( 2.9778E-04 ).

Accumulated times:
Assembly time:       14.51 s
Solve time:     24.10 s
Total time:     38.68 s

contact        voltage     electron current    hole current  conduction current
 drain_N      7.000E-01      -1.812E-20         1.389E-35       -1.812E-20
 drain_P      0.000E+00       1.289E-37         4.283E-21        4.283E-21
 gate         0.000E+00       5.199E-35         0.000E+00        5.199E-35
 source_N     0.000E+00       5.470E-20         1.993E-35        5.470E-20
 source_P     0.000E+00       1.369E-37         2.958E-21        2.958E-21


Finished, because...
Curve trace finished.


===============================
Starting solve of next problem:
Quasistationary ( Digits : 5, Max. #iterations : 25, 
      Initial step in t : 1.0000e-03, 
      Minimum step in t : 1.0000e-05, Maximum step in t : 0.05, 
      Increment : 1.35, Decrement : 3, 
      Goal values :
        Contact drain_N : 0.05V
    )
  {
    Coupled ( Digits : 5, Max. #iterations : 25, 
        Solver : Pardiso,
        #undamped iterations : 10 
        )
        { Poisson Electron Hole } 
  }
===============================

Computing step from t=0.0000e+00 to t=1.0000e-03 (Stepsize: 1.0000e-03) :
Computing Coupled( 1 poisson-equation(s) , 1 current-contact-equation(s) , 
                   1 electron-equation(s) , 1 hole-equation(s) ) 
using Bank/Rose nonlinear solver.

Iteration   |Rhs|      factor     |step|     error   #inner  #iterative  time
------------------------------------------------------------------------------
    0      3.18e+04                                                      4.00
    1      6.88e+02   1.00e+00   7.65e-03   3.14e+01    0         1     25.54
    2      6.28e-02   1.00e+00   5.88e-05   2.60e-01    0         1     42.84
Finished, because...
Error smaller than 1 ( 2.5958E-01 ).

Accumulated times:
Assembly time:       14.54 s
Solve time:     28.22 s
Total time:     42.84 s

contact        voltage     electron current    hole current  conduction current
 drain_N      6.993E-01      -2.123E-12        -4.953E-31       -2.123E-12
 drain_P      0.000E+00       7.444E-38        -8.541E-20       -8.541E-20
 gate         0.000E+00       1.562E-61         0.000E+00        1.562E-61
 source_N     0.000E+00       2.461E-21         1.991E-35        2.461E-21
 source_P     0.000E+00       1.215E-37        -6.075E-20       -6.075E-20

Computing step from t=1.0000e-03 to t=2.3313e-03 (Stepsize: 1.3313e-03) :
Extrapolating values for t = 2.3313e-03 ... done.
Computing Coupled( 1 poisson-equation(s) , 1 current-contact-equation(s) , 
                   1 electron-equation(s) , 1 hole-equation(s) ) 
using Bank/Rose nonlinear solver.

Iteration   |Rhs|      factor     |step|     error   #inner  #iterative  time
------------------------------------------------------------------------------
    0      7.12e-01                                                      3.98
    1      8.79e-08   1.00e+00   7.65e-08   3.24e-03    0         1     21.29
Finished, because...
Error smaller than 1 ( 3.2412E-03 ).

Accumulated times:
Assembly time:        9.34 s
Solve time:     11.92 s
Total time:     21.29 s

contact        voltage     electron current    hole current  conduction current
 drain_N      6.985E-01      -5.097E-20         2.584E-35       -5.097E-20
 drain_P      0.000E+00       1.204E-37         5.427E-20        5.427E-20
 gate         0.000E+00       1.023E-33         0.000E+00        1.023E-33
 source_N     0.000E+00      -6.268E-21         1.991E-35       -6.268E-21
 source_P     0.000E+00       1.842E-37         4.519E-20        4.519E-20

Computing step from t=2.3313e-03 to t=4.1286e-03 (Stepsize: 1.7973e-03) :
Extrapolating values for t = 4.1286e-03 ... done.
Computing Coupled( 1 poisson-equation(s) , 1 current-contact-equation(s) , 
                   1 electron-equation(s) , 1 hole-equation(s) ) 
using Bank/Rose nonlinear solver.

Iteration   |Rhs|      factor     |step|     error   #inner  #iterative  time
------------------------------------------------------------------------------
    0      1.29e+00                                                      4.01
    1      2.30e-07   1.00e+00   1.36e-07   5.87e-03    0         1     21.21
Finished, because...
Error smaller than 1 ( 5.8724E-03 ).

Accumulated times:
Assembly time:        9.29 s
Solve time:     11.89 s
Total time:     21.21 s

contact        voltage     electron current    hole current  conduction current
 drain_N      6.973E-01      -1.546E-19         5.745E-35       -1.546E-19
 drain_P      0.000E+00       1.326E-37         4.838E-20        4.838E-20
 gate         0.000E+00       1.078E-33         0.000E+00        1.078E-33
 source_N     0.000E+00       2.809E-21         1.992E-35        2.809E-21
 source_P     0.000E+00       1.310E-37        -4.863E-20       -4.863E-20

Computing step from t=4.1286e-03 to t=6.5550e-03 (Stepsize: 2.4264e-03) :
Extrapolating values for t = 6.5550e-03 ... done.
Computing Coupled( 1 poisson-equation(s) , 1 current-contact-equation(s) , 
                   1 electron-equation(s) , 1 hole-equation(s) ) 
using Bank/Rose nonlinear solver.

Iteration   |Rhs|      factor     |step|     error   #inner  #iterative  time
------------------------------------------------------------------------------
    0      2.35e+00                                                      3.96
    1      8.49e-07   1.00e+00   2.48e-07   1.07e-02    0         1     20.99
Finished, because...
Error smaller than 1 ( 1.0683E-02 ).

Accumulated times:
Assembly time:        9.17 s
Solve time:     11.78 s
Total time:     20.99 s

contact        voltage     electron current    hole current  conduction current
 drain_N      6.957E-01      -5.627E-20         1.392E-34       -5.627E-20
 drain_P      0.000E+00       1.205E-37        -3.178E-20       -3.178E-20
 gate         0.000E+00       6.771E-47         0.000E+00        6.771E-47
 source_N     0.000E+00      -4.553E-21         1.995E-35       -4.553E-21
 source_P     0.000E+00       1.284E-37        -1.719E-20       -1.719E-20

Computing step from t=6.5550e-03 to t=9.8306e-03 (Stepsize: 3.2756e-03) :
Extrapolating values for t = 9.8306e-03 ... done.
Computing Coupled( 1 poisson-equation(s) , 1 current-contact-equation(s) , 
                   1 electron-equation(s) , 1 hole-equation(s) ) 
using Bank/Rose nonlinear solver.

Iteration   |Rhs|      factor     |step|     error   #inner  #iterative  time
------------------------------------------------------------------------------
    0      4.29e+00                                                      3.98
    1      2.50e-06   1.00e+00   4.52e-07   1.94e-02    0         1     21.20
Finished, because...
Error smaller than 1 ( 1.9432E-02 ).

Accumulated times:
Assembly time:        9.22 s
Solve time:     11.93 s
Total time:     21.20 s

contact        voltage     electron current    hole current  conduction current
 drain_N      6.936E-01       3.648E-20         4.251E-34        3.648E-20
 drain_P      0.000E+00       1.312E-37         3.334E-20        3.334E-20
 gate         0.000E+00      -8.664E-47         0.000E+00       -8.664E-47
 source_N     0.000E+00       1.430E-20         1.990E-35        1.430E-20
 source_P     0.000E+00       1.696E-37         4.843E-20        4.843E-20

Computing step from t=9.8306e-03 to t=0.0142526 (Stepsize: 4.4220e-03) :
Extrapolating values for t = 0.0142526 ... done.
Computing Coupled( 1 poisson-equation(s) , 1 current-contact-equation(s) , 
                   1 electron-equation(s) , 1 hole-equation(s) ) 
using Bank/Rose nonlinear solver.

Iteration   |Rhs|      factor     |step|     error   #inner  #iterative  time
------------------------------------------------------------------------------
    0      7.82e+00                                                      4.01
    1      7.14e-06   1.00e+00   8.23e-07   3.53e-02    0         1     21.31
Finished, because...
Error smaller than 1 ( 3.5318E-02 ).

Accumulated times:
Assembly time:        9.34 s
Solve time:     11.94 s
Total time:     21.31 s

contact        voltage     electron current    hole current  conduction current
 drain_N      6.907E-01      -1.973E-20         1.369E-33       -1.973E-20
 drain_P      0.000E+00       1.389E-37        -4.577E-20       -4.577E-20
 gate         0.000E+00      -2.010E-33         0.000E+00       -2.010E-33
 source_N     0.000E+00      -7.599E-21         1.988E-35       -7.599E-21
 source_P     0.000E+00       1.668E-37        -2.388E-20       -2.388E-20

Computing step from t=0.0142526 to t=0.0202223 (Stepsize: 5.9697e-03) :
Extrapolating values for t = 0.0202223 ... done.
Computing Coupled( 1 poisson-equation(s) , 1 current-contact-equation(s) , 
                   1 electron-equation(s) , 1 hole-equation(s) ) 
using Bank/Rose nonlinear solver.

Iteration   |Rhs|      factor     |step|     error   #inner  #iterative  time
------------------------------------------------------------------------------
    0      1.43e+01                                                      3.94
    1      1.92e-05   1.00e+00   1.50e-06   6.41e-02    0         1     21.03
Finished, because...
Error smaller than 1 ( 6.4131E-02 ).

Accumulated times:
Assembly time:        9.13 s
Solve time:     11.86 s
Total time:     21.03 s

contact        voltage     electron current    hole current  conduction current
 drain_N      6.869E-01      -7.318E-20         4.449E-33       -7.318E-20
 drain_P      0.000E+00       1.098E-37        -1.889E-20       -1.889E-20
 gate         0.000E+00      -3.006E-46         0.000E+00       -3.006E-46
 source_N     0.000E+00       2.985E-20         1.991E-35        2.985E-20
 source_P     0.000E+00       1.193E-37         4.809E-22        4.809E-22

Computing step from t=0.0202223 to t=0.0282815 (Stepsize: 8.0592e-03) :
Extrapolating values for t = 0.0282815 ... done.
Computing Coupled( 1 poisson-equation(s) , 1 current-contact-equation(s) , 
                   1 electron-equation(s) , 1 hole-equation(s) ) 
using Bank/Rose nonlinear solver.

Iteration   |Rhs|      factor     |step|     error   #inner  #iterative  time
------------------------------------------------------------------------------
    0      2.60e+01                                                      3.96
    1      4.67e-05   1.00e+00   2.73e-06   1.16e-01    0         1     21.27
Finished, because...
Error smaller than 1 ( 1.1629E-01 ).

Accumulated times:
Assembly time:        9.20 s
Solve time:     12.01 s
Total time:     21.27 s

contact        voltage     electron current    hole current  conduction current
 drain_N      6.816E-01       9.679E-20         1.458E-32        9.679E-20
 drain_P      0.000E+00       1.570E-37         5.363E-20        5.363E-20
 gate         0.000E+00       1.731E-46         0.000E+00        1.731E-46
 source_N     0.000E+00      -2.126E-20         1.994E-35       -2.126E-20
 source_P     0.000E+00       1.583E-37         5.603E-20        5.603E-20

Computing step from t=0.0282815 to t=0.0391614 (Stepsize: 0.0108799) :
Extrapolating values for t = 0.0391614 ... done.
Computing Coupled( 1 poisson-equation(s) , 1 current-contact-equation(s) , 
                   1 electron-equation(s) , 1 hole-equation(s) ) 
using Bank/Rose nonlinear solver.

Iteration   |Rhs|      factor     |step|     error   #inner  #iterative  time
------------------------------------------------------------------------------
    0      4.75e+01                                                      3.98
    1      1.61e-04   1.00e+00   4.97e-06   2.10e-01    0         1     21.11
Finished, because...
Error smaller than 1 ( 2.1050E-01 ).

Accumulated times:
Assembly time:        9.21 s
Solve time:     11.85 s
Total time:     21.11 s

contact        voltage     electron current    hole current  conduction current
 drain_N      6.745E-01      -1.004E-19         4.784E-32       -1.004E-19
 drain_P      0.000E+00       1.170E-37         3.368E-20        3.368E-20
 gate         0.000E+00      -1.005E-33         0.000E+00       -1.005E-33
 source_N     0.000E+00      -8.941E-21         2.016E-35       -8.941E-21
 source_P     0.000E+00       1.719E-37         5.129E-20        5.129E-20

Computing step from t=0.0391614 to t=0.0538492 (Stepsize: 0.0146878) :
Extrapolating values for t = 0.0538492 ... done.
Computing Coupled( 1 poisson-equation(s) , 1 current-contact-equation(s) , 
                   1 electron-equation(s) , 1 hole-equation(s) ) 
using Bank/Rose nonlinear solver.

Iteration   |Rhs|      factor     |step|     error   #inner  #iterative  time
------------------------------------------------------------------------------
    0      8.69e+01                                                      3.95
    1      6.20e-04   1.00e+00   9.04e-06   3.80e-01    0         1     21.02
Finished, because...
Error smaller than 1 ( 3.8010E-01 ).

Accumulated times:
Assembly time:        9.17 s
Solve time:     11.81 s
Total time:     21.02 s

contact        voltage     electron current    hole current  conduction current
 drain_N      6.650E-01      -8.400E-20         1.571E-31       -8.400E-20
 drain_P      0.000E+00       9.252E-38        -2.781E-20       -2.781E-20
 gate         0.000E+00      -1.314E-33         0.000E+00       -1.314E-33
 source_N     0.000E+00       1.862E-20         2.073E-35        1.862E-20
 source_P     0.000E+00       1.912E-37         2.156E-20        2.156E-20

Computing step from t=0.0538492 to t=0.0736777 (Stepsize: 0.0198285) :
Extrapolating values for t = 0.0736777 ... done.
Computing Coupled( 1 poisson-equation(s) , 1 current-contact-equation(s) , 
                   1 electron-equation(s) , 1 hole-equation(s) ) 
using Bank/Rose nonlinear solver.

Iteration   |Rhs|      factor     |step|     error   #inner  #iterative  time
------------------------------------------------------------------------------
    0      1.59e+02                                                      4.00
    1      2.37e-03   1.00e+00   1.64e-05   6.84e-01    0         1     21.18
Finished, because...
Error smaller than 1 ( 6.8399E-01 ).

Accumulated times:
Assembly time:        9.26 s
Solve time:     11.88 s
Total time:     21.18 s

contact        voltage     electron current    hole current  conduction current
 drain_N      6.521E-01      -2.612E-20         5.160E-31       -2.612E-20
 drain_P      0.000E+00       1.197E-37         4.417E-20        4.417E-20
 gate         0.000E+00      -1.951E-33         0.000E+00       -1.951E-33
 source_N     0.000E+00       1.421E-20         2.259E-35        1.421E-20
 source_P     0.000E+00       1.229E-37        -1.497E-20       -1.497E-20

Computing step from t=0.0736777 to t=0.100446 (Stepsize: 0.0267685) :
Extrapolating values for t = 0.100446 ... done.
Computing Coupled( 1 poisson-equation(s) , 1 current-contact-equation(s) , 
                   1 electron-equation(s) , 1 hole-equation(s) ) 
using Bank/Rose nonlinear solver.

Iteration   |Rhs|      factor     |step|     error   #inner  #iterative  time
------------------------------------------------------------------------------
    0      2.91e+02                                                      3.97
    1      1.15e-02   1.00e+00   2.99e-05   1.23e+00    0         1     21.11
    2      8.21e-08   1.00e+00   8.75e-08   8.90e-05    0         1     38.61
Finished, because...
Error smaller than 1 ( 8.9019E-05 ).

Accumulated times:
Assembly time:       14.47 s
Solve time:     24.08 s
Total time:     38.61 s

contact        voltage     electron current    hole current  conduction current
 drain_N      6.347E-01      -3.028E-20         9.114E-36       -3.028E-20
 drain_P      0.000E+00       1.162E-37         3.938E-22        3.938E-22
 gate         0.000E+00      -1.606E-46         0.000E+00       -1.606E-46
 source_N     0.000E+00       6.798E-21         1.989E-35        6.798E-21
 source_P     0.000E+00       1.505E-37        -1.285E-20       -1.285E-20

Computing step from t=0.100446 to t=0.136084 (Stepsize: 0.0356378) :
Extrapolating values for t = 0.136084 ... done.
Computing Coupled( 1 poisson-equation(s) , 1 current-contact-equation(s) , 
                   1 electron-equation(s) , 1 hole-equation(s) ) 
using Bank/Rose nonlinear solver.

Iteration   |Rhs|      factor     |step|     error   #inner  #iterative  time
------------------------------------------------------------------------------
    0      5.21e+02                                                      4.10
    1      4.53e-02   1.00e+00   5.30e-05   2.13e+00    0         1     22.25
    2      8.80e-08   1.00e+00   2.78e-07   3.22e-04    0         1     40.17
Finished, because...
Error smaller than 1 ( 3.2221E-04 ).

Accumulated times:
Assembly time:       14.94 s
Solve time:     25.15 s
Total time:     40.17 s

contact        voltage     electron current    hole current  conduction current
 drain_N      6.115E-01       5.498E-20         1.379E-35        5.498E-20
 drain_P      0.000E+00       1.568E-37         3.920E-20        3.920E-20
 gate         0.000E+00       7.773E-47         0.000E+00        7.773E-47
 source_N     0.000E+00       4.263E-20         1.993E-35        4.263E-20
 source_P     0.000E+00       1.517E-37         7.252E-21        7.252E-21

Computing step from t=0.136084 to t=0.18353 (Stepsize: 0.0474458) :
Extrapolating values for t = 0.18353 ... done.
Computing Coupled( 1 poisson-equation(s) , 1 current-contact-equation(s) , 
                   1 electron-equation(s) , 1 hole-equation(s) ) 
using Bank/Rose nonlinear solver.

Iteration   |Rhs|      factor     |step|     error   #inner  #iterative  time
------------------------------------------------------------------------------
    0      9.30e+02                                                      4.17
    1      1.86e-01   1.00e+00   9.33e-05   3.66e+00    0         1     21.31
    2      1.23e-07   1.00e+00   8.84e-07   1.16e-03    0         1     38.44
Finished, because...
Error smaller than 1 ( 1.1560E-03 ).

Accumulated times:
Assembly time:       14.63 s
Solve time:     23.73 s
Total time:     38.44 s

contact        voltage     electron current    hole current  conduction current
 drain_N      5.807E-01      -8.839E-21         1.982E-35       -8.839E-21
 drain_P      0.000E+00       8.648E-38        -1.505E-20       -1.505E-20
 gate         0.000E+00       3.141E-72         0.000E+00        3.141E-72
 source_N     0.000E+00       2.373E-20         1.992E-35        2.373E-20
 source_P     0.000E+00       1.669E-37         8.753E-21        8.753E-21

Computing step from t=0.18353 to t=0.23353 (Stepsize: 0.05) :
Extrapolating values for t = 0.23353 ... done.
Computing Coupled( 1 poisson-equation(s) , 1 current-contact-equation(s) , 
                   1 electron-equation(s) , 1 hole-equation(s) ) 
using Bank/Rose nonlinear solver.

Iteration   |Rhs|      factor     |step|     error   #inner  #iterative  time
------------------------------------------------------------------------------
    0      1.16e+03                                                      3.97
    1      3.35e-01   1.00e+00   1.14e-04   4.35e+00    0         1     21.27
    2      3.62e-07   1.00e+00   1.37e-06   1.82e-03    0         1     38.47
Finished, because...
Error smaller than 1 ( 1.8240E-03 ).

Accumulated times:
Assembly time:       14.37 s
Solve time:     24.02 s
Total time:     38.47 s

contact        voltage     electron current    hole current  conduction current
 drain_N      5.482E-01       2.387E-20         1.293E-35        2.387E-20
 drain_P      0.000E+00       9.453E-38        -2.768E-20       -2.768E-20
 gate         0.000E+00       6.385E-47         0.000E+00        6.385E-47
 source_N     0.000E+00      -6.980E-21         1.988E-35       -6.980E-21
 source_P     0.000E+00       1.505E-37        -5.425E-21       -5.425E-21

Computing step from t=0.23353 to t=0.28353 (Stepsize: 0.05) :
Extrapolating values for t = 0.28353 ... done.
Computing Coupled( 1 poisson-equation(s) , 1 current-contact-equation(s) , 
                   1 electron-equation(s) , 1 hole-equation(s) ) 
using Bank/Rose nonlinear solver.

Iteration   |Rhs|      factor     |step|     error   #inner  #iterative  time
------------------------------------------------------------------------------
    0      1.19e+03                                                      3.98
    1      3.82e-01   1.00e+00   1.15e-04   4.26e+00    0         1     21.08
    2      4.40e-07   1.00e+00   1.46e-06   1.87e-03    0         1     38.23
Finished, because...
Error smaller than 1 ( 1.8744E-03 ).

Accumulated times:
Assembly time:       14.44 s
Solve time:     23.72 s
Total time:     38.23 s

contact        voltage     electron current    hole current  conduction current
 drain_N      5.157E-01       4.505E-20         2.187E-35        4.505E-20
 drain_P      0.000E+00       1.146E-37         1.421E-20        1.421E-20
 gate         0.000E+00       1.036E-72         0.000E+00        1.036E-72
 source_N     0.000E+00      -2.032E-20         1.991E-35       -2.032E-20
 source_P     0.000E+00       1.535E-37         1.444E-20        1.444E-20

Computing step from t=0.28353 to t=0.33353 (Stepsize: 0.05) :
Extrapolating values for t = 0.33353 ... done.
Computing Coupled( 1 poisson-equation(s) , 1 current-contact-equation(s) , 
                   1 electron-equation(s) , 1 hole-equation(s) ) 
using Bank/Rose nonlinear solver.

Iteration   |Rhs|      factor     |step|     error   #inner  #iterative  time
------------------------------------------------------------------------------
    0      1.20e+03                                                      4.06
    1      4.06e-01   1.00e+00   1.13e-04   4.06e+00    0         1     21.43
    2      4.69e-07   1.00e+00   1.46e-06   1.81e-03    0         1     38.52
Finished, because...
Error smaller than 1 ( 1.8138E-03 ).

Accumulated times:
Assembly time:       14.64 s
Solve time:     23.82 s
Total time:     38.52 s

contact        voltage     electron current    hole current  conduction current
 drain_N      4.832E-01      -9.832E-20         1.114E-35       -9.832E-20
 drain_P      0.000E+00       1.172E-37         3.145E-20        3.145E-20
 gate         0.000E+00      -5.180E-73         0.000E+00       -5.180E-73
 source_N     0.000E+00       2.901E-20         1.993E-35        2.901E-20
 source_P     0.000E+00       1.300E-37        -1.186E-20       -1.186E-20

Computing step from t=0.33353 to t=0.38353 (Stepsize: 0.05) :
Extrapolating values for t = 0.38353 ... done.
Computing Coupled( 1 poisson-equation(s) , 1 current-contact-equation(s) , 
                   1 electron-equation(s) , 1 hole-equation(s) ) 
using Bank/Rose nonlinear solver.

Iteration   |Rhs|      factor     |step|     error   #inner  #iterative  time
------------------------------------------------------------------------------
    0      1.20e+03                                                      3.98
    1      4.28e-01   1.00e+00   1.10e-04   3.86e+00    0         1     21.06
    2      4.99e-07   1.00e+00   1.45e-06   1.76e-03    0         1     38.19
Finished, because...
Error smaller than 1 ( 1.7559E-03 ).

Accumulated times:
Assembly time:       14.42 s
Solve time:     23.71 s
Total time:     38.19 s

contact        voltage     electron current    hole current  conduction current
 drain_N      4.507E-01      -4.459E-20         1.937E-35       -4.459E-20
 drain_P      0.000E+00       1.124E-37        -5.812E-20       -5.812E-20
 gate         0.000E+00      -1.576E-98         0.000E+00       -1.576E-98
 source_N     0.000E+00       3.582E-20         1.992E-35        3.582E-20
 source_P     0.000E+00       1.782E-37         5.081E-20        5.081E-20

Computing step from t=0.38353 to t=0.43353 (Stepsize: 0.05) :
Extrapolating values for t = 0.43353 ... done.
Computing Coupled( 1 poisson-equation(s) , 1 current-contact-equation(s) , 
                   1 electron-equation(s) , 1 hole-equation(s) ) 
using Bank/Rose nonlinear solver.

Iteration   |Rhs|      factor     |step|     error   #inner  #iterative  time
------------------------------------------------------------------------------
    0      1.20e+03                                                      3.97
    1      4.49e-01   1.00e+00   1.08e-04   3.68e+00    0         1     21.00
    2      5.01e-07   1.00e+00   1.43e-06   1.69e-03    0         1     38.12
Finished, because...
Error smaller than 1 ( 1.6928E-03 ).

Accumulated times:
Assembly time:       14.42 s
Solve time:     23.62 s
Total time:     38.12 s

contact        voltage     electron current    hole current  conduction current
 drain_N      4.182E-01       7.677E-20         8.852E-36        7.677E-20
 drain_P      0.000E+00       5.855E-38        -1.808E-20       -1.808E-20
 gate         0.000E+00       3.945E-99         0.000E+00        3.945E-99
 source_N     0.000E+00      -7.891E-20         1.989E-35       -7.891E-20
 source_P     0.000E+00       1.864E-37         3.075E-20        3.075E-20

Computing step from t=0.43353 to t=0.48353 (Stepsize: 0.05) :
Extrapolating values for t = 0.48353 ... done.
Computing Coupled( 1 poisson-equation(s) , 1 current-contact-equation(s) , 
                   1 electron-equation(s) , 1 hole-equation(s) ) 
using Bank/Rose nonlinear solver.

Iteration   |Rhs|      factor     |step|     error   #inner  #iterative  time
------------------------------------------------------------------------------
    0      1.21e+03                                                      3.99
    1      4.69e-01   1.00e+00   1.06e-04   3.50e+00    0         1     21.19
    2      4.97e-07   1.00e+00   1.39e-06   1.63e-03    0         1     38.27
Finished, because...
Error smaller than 1 ( 1.6349E-03 ).

Accumulated times:
Assembly time:       14.49 s
Solve time:     23.70 s
Total time:     38.27 s

contact        voltage     electron current    hole current  conduction current
 drain_N      3.857E-01       2.440E-20         1.272E-35        2.440E-20
 drain_P      0.000E+00       1.588E-37         1.912E-20        1.912E-20
 gate         0.000E+00      1.782E-124         0.000E+00       1.782E-124
 source_N     0.000E+00       2.086E-20         1.990E-35        2.086E-20
 source_P     0.000E+00       1.457E-37        -1.307E-20       -1.307E-20

Computing step from t=0.48353 to t=0.53353 (Stepsize: 0.05) :
Extrapolating values for t = 0.53353 ... done.
Computing Coupled( 1 poisson-equation(s) , 1 current-contact-equation(s) , 
                   1 electron-equation(s) , 1 hole-equation(s) ) 
using Bank/Rose nonlinear solver.

Iteration   |Rhs|      factor     |step|     error   #inner  #iterative  time
------------------------------------------------------------------------------
    0      1.21e+03                                                      3.99
    1      5.01e-01   1.00e+00   1.04e-04   3.33e+00    0         1     21.07
    2      5.16e-07   1.00e+00   1.33e-06   1.59e-03    0         1     38.16
Finished, because...
Error smaller than 1 ( 1.5885E-03 ).

Accumulated times:
Assembly time:       14.44 s
Solve time:     23.66 s
Total time:     38.16 s

contact        voltage     electron current    hole current  conduction current
 drain_N      3.532E-01      -5.790E-20         1.241E-35       -5.790E-20
 drain_P      0.000E+00       7.552E-38        -2.490E-21       -2.490E-21
 gate         0.000E+00      -6.307E-47         0.000E+00       -6.307E-47
 source_N     0.000E+00       1.057E-19         1.994E-35        1.057E-19
 source_P     0.000E+00       1.052E-37        -4.306E-20       -4.306E-20

Computing step from t=0.53353 to t=0.58353 (Stepsize: 0.05) :
Extrapolating values for t = 0.58353 ... done.
Computing Coupled( 1 poisson-equation(s) , 1 current-contact-equation(s) , 
                   1 electron-equation(s) , 1 hole-equation(s) ) 
using Bank/Rose nonlinear solver.

Iteration   |Rhs|      factor     |step|     error   #inner  #iterative  time
------------------------------------------------------------------------------
    0      1.22e+03                                                      4.01
    1      5.31e-01   1.00e+00   1.01e-04   3.17e+00    0         1     21.09
    2      5.32e-07   1.00e+00   1.25e-06   1.54e-03    0         1     38.20
Finished, because...
Error smaller than 1 ( 1.5423E-03 ).

Accumulated times:
Assembly time:       14.48 s
Solve time:     23.65 s
Total time:     38.20 s

contact        voltage     electron current    hole current  conduction current
 drain_N      3.207E-01       7.221E-20         1.252E-35        7.221E-20
 drain_P      0.000E+00       9.502E-38        -2.011E-20       -2.011E-20
 gate         0.000E+00      -1.033E-72         0.000E+00       -1.033E-72
 source_N     0.000E+00       9.058E-21         1.993E-35        9.058E-21
 source_P     0.000E+00       7.644E-38        -3.198E-20       -3.198E-20

Computing step from t=0.58353 to t=0.63353 (Stepsize: 0.05) :
Extrapolating values for t = 0.63353 ... done.
Computing Coupled( 1 poisson-equation(s) , 1 current-contact-equation(s) , 
                   1 electron-equation(s) , 1 hole-equation(s) ) 
using Bank/Rose nonlinear solver.

Iteration   |Rhs|      factor     |step|     error   #inner  #iterative  time
------------------------------------------------------------------------------
    0      1.22e+03                                                      3.98
    1      5.59e-01   1.00e+00   9.93e-05   3.02e+00    0         1     21.07
    2      5.46e-07   1.00e+00   1.16e-06   1.50e-03    0         1     38.15
Finished, because...
Error smaller than 1 ( 1.4955E-03 ).

Accumulated times:
Assembly time:       14.44 s
Solve time:     23.64 s
Total time:     38.15 s

contact        voltage     electron current    hole current  conduction current
 drain_N      2.882E-01       3.014E-21         1.767E-35        3.014E-21
 drain_P      0.000E+00       1.097E-37        -2.892E-20       -2.892E-20
 gate         0.000E+00       5.154E-73         0.000E+00        5.154E-73
 source_N     0.000E+00       5.504E-21         1.994E-35        5.504E-21
 source_P     0.000E+00       1.298E-37        -6.604E-20       -6.604E-20

Computing step from t=0.63353 to t=0.68353 (Stepsize: 0.05) :
Extrapolating values for t = 0.68353 ... done.
Computing Coupled( 1 poisson-equation(s) , 1 current-contact-equation(s) , 
                   1 electron-equation(s) , 1 hole-equation(s) ) 
using Bank/Rose nonlinear solver.

Iteration   |Rhs|      factor     |step|     error   #inner  #iterative  time
------------------------------------------------------------------------------
    0      1.22e+03                                                      3.98
    1      5.84e-01   1.00e+00   9.72e-05   2.88e+00    0         1     21.08
    2      5.57e-07   1.00e+00   1.04e-06   1.45e-03    0         1     38.34
Finished, because...
Error smaller than 1 ( 1.4472E-03 ).

Accumulated times:
Assembly time:       14.55 s
Solve time:     23.72 s
Total time:     38.34 s

contact        voltage     electron current    hole current  conduction current
 drain_N      2.557E-01       2.161E-20         1.351E-35        2.161E-20
 drain_P      0.000E+00       1.195E-37        -8.782E-20       -8.782E-20
 gate         0.000E+00       1.572E-98         0.000E+00        1.572E-98
 source_N     0.000E+00      -3.854E-20         1.992E-35       -3.854E-20
 source_P     0.000E+00       1.124E-37         4.570E-21        4.570E-21

Computing step from t=0.68353 to t=0.73353 (Stepsize: 0.05) :
Extrapolating values for t = 0.73353 ... done.
Computing Coupled( 1 poisson-equation(s) , 1 current-contact-equation(s) , 
                   1 electron-equation(s) , 1 hole-equation(s) ) 
using Bank/Rose nonlinear solver.

Iteration   |Rhs|      factor     |step|     error   #inner  #iterative  time
------------------------------------------------------------------------------
    0      1.23e+03                                                      3.98
    1      6.33e-01   1.00e+00   9.52e-05   2.74e+00    0         1     21.11
    2      5.66e-07   1.00e+00   9.11e-07   1.40e-03    0         1     38.22
Finished, because...
Error smaller than 1 ( 1.3972E-03 ).

Accumulated times:
Assembly time:       14.47 s
Solve time:     23.66 s
Total time:     38.22 s

contact        voltage     electron current    hole current  conduction current
 drain_N      2.232E-01      -4.364E-20         1.419E-35       -4.364E-20
 drain_P      0.000E+00       1.284E-37         1.382E-20        1.382E-20
 gate         0.000E+00      -3.934E-99         0.000E+00       -3.934E-99
 source_N     0.000E+00       2.680E-20         1.996E-35        2.680E-20
 source_P     0.000E+00       1.316E-37        -4.472E-21       -4.472E-21

Computing step from t=0.73353 to t=0.78353 (Stepsize: 0.05) :
Extrapolating values for t = 0.78353 ... done.
Computing Coupled( 1 poisson-equation(s) , 1 current-contact-equation(s) , 
                   1 electron-equation(s) , 1 hole-equation(s) ) 
using Bank/Rose nonlinear solver.

Iteration   |Rhs|      factor     |step|     error   #inner  #iterative  time
------------------------------------------------------------------------------
    0      1.23e+03                                                      3.96
    1      7.24e-01   1.00e+00   9.32e-05   2.62e+00    0         1     21.08
    2      5.72e-07   1.00e+00   7.66e-07   1.34e-03    0         1     38.54
Finished, because...
Error smaller than 1 ( 1.3432E-03 ).

Accumulated times:
Assembly time:       14.53 s
Solve time:     23.93 s
Total time:     38.54 s

contact        voltage     electron current    hole current  conduction current
 drain_N      1.907E-01       2.986E-20         1.490E-35        2.986E-20
 drain_P      0.000E+00       8.708E-38         5.243E-21        5.243E-21
 gate         0.000E+00      -1.773E-124         0.000E+00       -1.773E-124
 source_N     0.000E+00      -1.016E-20         1.988E-35       -1.016E-20
 source_P     0.000E+00       1.546E-37         2.351E-21        2.351E-21

Computing step from t=0.78353 to t=0.83353 (Stepsize: 0.05) :
Extrapolating values for t = 0.83353 ... done.
Computing Coupled( 1 poisson-equation(s) , 1 current-contact-equation(s) , 
                   1 electron-equation(s) , 1 hole-equation(s) ) 
using Bank/Rose nonlinear solver.

Iteration   |Rhs|      factor     |step|     error   #inner  #iterative  time
------------------------------------------------------------------------------
    0      1.24e+03                                                      4.07
    1      7.77e-01   1.00e+00   9.13e-05   2.50e+00    0         1     21.29
    2      5.75e-07   1.00e+00   6.11e-07   1.28e-03    0         1     38.54
Finished, because...
Error smaller than 1 ( 1.2849E-03 ).

Accumulated times:
Assembly time:       14.60 s
Solve time:     23.89 s
Total time:     38.54 s

contact        voltage     electron current    hole current  conduction current
 drain_N      1.582E-01      -3.986E-20         1.551E-35       -3.986E-20
 drain_P      0.000E+00       9.640E-38         1.271E-20        1.271E-20
 gate         0.000E+00      2.965E-125         0.000E+00       2.965E-125
 source_N     0.000E+00       3.832E-20         1.995E-35        3.832E-20
 source_P     0.000E+00       1.120E-37        -7.176E-20       -7.176E-20

Computing step from t=0.83353 to t=0.88353 (Stepsize: 0.05) :
Extrapolating values for t = 0.88353 ... done.
Computing Coupled( 1 poisson-equation(s) , 1 current-contact-equation(s) , 
                   1 electron-equation(s) , 1 hole-equation(s) ) 
using Bank/Rose nonlinear solver.

Iteration   |Rhs|      factor     |step|     error   #inner  #iterative  time
------------------------------------------------------------------------------
    0      1.24e+03                                                      4.00
    1      8.19e-01   1.00e+00   8.95e-05   2.39e+00    0         1     21.10
    2      5.75e-07   1.00e+00   4.59e-07   1.22e-03    0         1     38.25
Finished, because...
Error smaller than 1 ( 1.2227E-03 ).

Accumulated times:
Assembly time:       14.48 s
Solve time:     23.70 s
Total time:     38.25 s

contact        voltage     electron current    hole current  conduction current
 drain_N      1.257E-01       8.524E-22         1.562E-35        8.524E-22
 drain_P      0.000E+00       9.297E-38         3.129E-20        3.129E-20
 gate         0.000E+00      1.781E-150         0.000E+00       1.781E-150
 source_N     0.000E+00       7.312E-21         1.993E-35        7.312E-21
 source_P     0.000E+00       1.296E-37        -1.033E-20       -1.033E-20

Computing step from t=0.88353 to t=0.93353 (Stepsize: 0.05) :
Extrapolating values for t = 0.93353 ... done.
Computing Coupled( 1 poisson-equation(s) , 1 current-contact-equation(s) , 
                   1 electron-equation(s) , 1 hole-equation(s) ) 
using Bank/Rose nonlinear solver.

Iteration   |Rhs|      factor     |step|     error   #inner  #iterative  time
------------------------------------------------------------------------------
    0      1.25e+03                                                      3.97
    1      8.52e-01   1.00e+00   8.78e-05   2.29e+00    0         1     21.07
    2      5.77e-07   1.00e+00   3.20e-07   1.18e-03    0         1     38.18
Finished, because...
Error smaller than 1 ( 1.1763E-03 ).

Accumulated times:
Assembly time:       14.38 s
Solve time:     23.73 s
Total time:     38.19 s

contact        voltage     electron current    hole current  conduction current
 drain_N      9.321E-02       1.228E-20         1.562E-35        1.228E-20
 drain_P      0.000E+00       1.519E-37         7.243E-21        7.243E-21
 gate         0.000E+00      -2.229E-151         0.000E+00       -2.229E-151
 source_N     0.000E+00       3.211E-20         1.996E-35        3.211E-20
 source_P     0.000E+00       1.759E-37         2.872E-20        2.872E-20

Computing step from t=0.93353 to t=0.98353 (Stepsize: 0.05) :
Extrapolating values for t = 0.98353 ... done.
Computing Coupled( 1 poisson-equation(s) , 1 current-contact-equation(s) , 
                   1 electron-equation(s) , 1 hole-equation(s) ) 
using Bank/Rose nonlinear solver.

Iteration   |Rhs|      factor     |step|     error   #inner  #iterative  time
------------------------------------------------------------------------------
    0      1.25e+03                                                      3.99
    1      8.78e-01   1.00e+00   8.64e-05   2.21e+00    0         1     21.15
    2      7.09e-07   1.00e+00   2.09e-07   1.18e-03    0         1     38.31
Finished, because...
Error smaller than 1 ( 1.1782E-03 ).

Accumulated times:
Assembly time:       14.49 s
Solve time:     23.76 s
Total time:     38.31 s

contact        voltage     electron current    hole current  conduction current
 drain_N      6.071E-02      -3.559E-21         1.565E-35       -3.559E-21
 drain_P      0.000E+00       6.861E-38        -3.650E-20       -3.650E-20
 gate         0.000E+00      -1.674E-176         0.000E+00       -1.674E-176
 source_N     0.000E+00      -4.888E-21         1.992E-35       -4.888E-21
 source_P     0.000E+00       1.278E-37         1.795E-20        1.795E-20

Computing step from t=0.98353 to t=1 (Stepsize: 0.0164701) :
Extrapolating values for t = 1 ... done.
Computing Coupled( 1 poisson-equation(s) , 1 current-contact-equation(s) , 
                   1 electron-equation(s) , 1 hole-equation(s) ) 
using Bank/Rose nonlinear solver.

Iteration   |Rhs|      factor     |step|     error   #inner  #iterative  time
------------------------------------------------------------------------------
    0      2.72e+02                                                      3.99
    1      2.85e-02   1.00e+00   1.85e-05   4.68e-01    0         1     21.14
Finished, because...
Error smaller than 1 ( 4.6781E-01 ).

Accumulated times:
Assembly time:        9.23 s
Solve time:     11.86 s
Total time:     21.14 s

contact        voltage     electron current    hole current  conduction current
 drain_N      5.000E-02       7.524E-20         1.677E-31        7.524E-20
 drain_P      0.000E+00       1.011E-37         7.106E-20        7.106E-20
 gate         0.000E+00      6.360E-165         0.000E+00       6.360E-165
 source_N     0.000E+00      -2.132E-20         6.242E-35       -2.132E-20
 source_P     0.000E+00       1.460E-37         4.072E-20        4.072E-20


Finished, because...
Curve trace finished.


===============================
Starting solve of next problem:
Quasistationary ( Digits : 5, Max. #iterations : 25, 
      Initial step in t : 5.0000e-04, 
      Minimum step in t : 1.0000e-05, Maximum step in t : 0.03, 
      Increment : 1.35, Decrement : 3, 
      Goal values :
        Contact gate : 1V
    )
  {
    Coupled ( Digits : 5, Max. #iterations : 25, 
        Solver : Pardiso,
        #undamped iterations : 10 
        )
        { Poisson Electron Hole } 
    CurrentPlot (
         Time (fixed times:
             0.0000e+00 5.0000e-03 0.01 0.015 0.02
             0.025 0.03 0.035 0.04 0.045
             0.05 0.055 0.06 0.065 0.07
             0.075 0.08 0.085 0.09 0.095
             0.1 0.105 0.11 0.115 0.12
             0.125 0.13 0.135 0.14 0.145
             0.15 0.155 0.16 0.165 0.17
             0.175 0.18 0.185 0.19 0.195
             0.2 0.205 0.21 0.215 0.22
             0.225 0.23 0.235 0.24 0.245
             0.25 0.255 0.26 0.265 0.27
             0.275 0.28 0.285 0.29 0.295
             0.3 0.305 0.31 0.315 0.32
             0.325 0.33 0.335 0.34 0.345
             0.35 0.355 0.36 0.365 0.37
             0.375 0.38 0.385 0.39 0.395
             0.4 0.405 0.41 0.415 0.42
             0.425 0.43 0.435 0.44 0.445
             0.45 0.455 0.46 0.465 0.47
             0.475 0.48 0.485 0.49 0.495
             0.5 0.505 0.51 0.515 0.52
             0.525 0.53 0.535 0.54 0.545
             0.55 0.555 0.56 0.565 0.57
             0.575 0.58 0.585 0.59 0.595
             0.6 0.605 0.61 0.615 0.62
             0.625 0.63 0.635 0.64 0.645
             0.65 0.655 0.66 0.665 0.67
             0.675 0.68 0.685 0.69 0.695
             0.7 0.705 0.71 0.715 0.72
             0.725 0.73 0.735 0.74 0.745
             0.75 0.755 0.76 0.765 0.77
             0.775 0.78 0.785 0.79 0.795
             0.8 0.805 0.81 0.815 0.82
             0.825 0.83 0.835 0.84 0.845
             0.85 0.855 0.86 0.865 0.87
             0.875 0.88 0.885 0.89 0.895
             0.9 0.905 0.91 0.915 0.92
             0.925 0.93 0.935 0.94 0.945
             0.95 0.955 0.96 0.965 0.97
             0.975 0.98 0.985 0.99 0.995
             1) )
      { }
  }
===============================

Computing solution for t=0 :
Computing Coupled( 1 poisson-equation(s) , 1 current-contact-equation(s) , 
                   1 electron-equation(s) , 1 hole-equation(s) ) 
using Bank/Rose nonlinear solver.

Iteration   |Rhs|      factor     |step|     error   #inner  #iterative  time
------------------------------------------------------------------------------
    0      2.85e-02                                                      0.17
    1      7.48e-08   1.00e+00   9.00e-09   3.83e-05    0         1     21.35
Finished, because...
Error smaller than 1 ( 3.8265E-05 ).

Accumulated times:
Assembly time:        5.45 s
Solve time:     15.87 s
Total time:     21.35 s

contact        voltage     electron current    hole current  conduction current
 drain_N      5.000E-02       5.562E-21         1.368E-35        5.562E-21
 drain_P      0.000E+00       1.161E-37         5.142E-20        5.142E-20
 gate         0.000E+00      5.505E-178         0.000E+00       5.505E-178
 source_N     0.000E+00      -3.498E-20         1.995E-35       -3.498E-20
 source_P     0.000E+00       1.344E-37        -2.383E-21       -2.383E-21

Computing step from t=0.0000e+00 to t=5.0000e-04 (Stepsize: 5.0000e-04) :
Computing Coupled( 1 poisson-equation(s) , 1 current-contact-equation(s) , 
                   1 electron-equation(s) , 1 hole-equation(s) ) 
using Bank/Rose nonlinear solver.

Iteration   |Rhs|      factor     |step|     error   #inner  #iterative  time
------------------------------------------------------------------------------
    0      2.54e+05                                                      3.95
    1      6.54e-02   1.00e+00   7.55e-03   5.58e+02    0         1     21.05
    2      8.67e-08   1.00e+00   7.87e-08   1.79e-04    0         1     38.15
Finished, because...
Error smaller than 1 ( 1.7917E-04 ).

Accumulated times:
Assembly time:       14.38 s
Solve time:     23.68 s
Total time:     38.15 s

contact        voltage     electron current    hole current  conduction current
 drain_N      5.000E-02      -3.085E-20         1.382E-35       -3.085E-20
 drain_P      0.000E+00      -9.135E-39        -4.257E-20       -4.257E-20
 gate         5.000E-04       0.000E+00         0.000E+00        0.000E+00
 source_N     0.000E+00       1.931E-20         2.003E-35        1.931E-20
 source_P     0.000E+00       9.268E-38         5.165E-20        5.165E-20

Computing step from t=5.0000e-04 to t=1.1657e-03 (Stepsize: 6.6567e-04) :
Extrapolating values for t = 1.1657e-03 ... done.
Computing Coupled( 1 poisson-equation(s) , 1 current-contact-equation(s) , 
                   1 electron-equation(s) , 1 hole-equation(s) ) 
using Bank/Rose nonlinear solver.

Iteration   |Rhs|      factor     |step|     error   #inner  #iterative  time
------------------------------------------------------------------------------
    0      3.37e-01                                                      3.99
    1      7.85e-08   1.00e+00   4.64e-08   1.18e-03    0         1     21.06
Finished, because...
Error smaller than 1 ( 1.1840E-03 ).

Accumulated times:
Assembly time:        9.22 s
Solve time:     11.81 s
Total time:     21.06 s

contact        voltage     electron current    hole current  conduction current
 drain_N      5.000E-02       2.368E-21         1.408E-35        2.368E-21
 drain_P      0.000E+00       8.383E-38         2.023E-20        2.023E-20
 gate         1.166E-03       0.000E+00         0.000E+00        0.000E+00
 source_N     0.000E+00      -8.873E-22         2.012E-35       -8.873E-22
 source_P     0.000E+00       1.568E-37         1.814E-20        1.814E-20

Computing step from t=1.1657e-03 to t=2.0643e-03 (Stepsize: 8.9865e-04) :
Extrapolating values for t = 2.0643e-03 ... done.
Computing Coupled( 1 poisson-equation(s) , 1 current-contact-equation(s) , 
                   1 electron-equation(s) , 1 hole-equation(s) ) 
using Bank/Rose nonlinear solver.

Iteration   |Rhs|      factor     |step|     error   #inner  #iterative  time
------------------------------------------------------------------------------
    0      6.10e-01                                                      3.98
    1      2.13e-07   1.00e+00   8.40e-08   2.15e-03    0         1     21.16
Finished, because...
Error smaller than 1 ( 2.1459E-03 ).

Accumulated times:
Assembly time:        9.22 s
Solve time:     11.92 s
Total time:     21.16 s

contact        voltage     electron current    hole current  conduction current
 drain_N      5.000E-02       8.693E-20         1.496E-35        8.693E-20
 drain_P      0.000E+00      -1.932E-38         2.219E-22        2.219E-22
 gate         2.064E-03       0.000E+00         0.000E+00        0.000E+00
 source_N     0.000E+00      -3.272E-20         2.040E-35       -3.272E-20
 source_P     0.000E+00       3.315E-38         4.375E-20        4.375E-20

Computing step from t=2.0643e-03 to t=3.2775e-03 (Stepsize: 1.2132e-03) :
Extrapolating values for t = 3.2775e-03 ... done.
Computing Coupled( 1 poisson-equation(s) , 1 current-contact-equation(s) , 
                   1 electron-equation(s) , 1 hole-equation(s) ) 
using Bank/Rose nonlinear solver.

Iteration   |Rhs|      factor     |step|     error   #inner  #iterative  time
------------------------------------------------------------------------------
    0      1.11e+00                                                      3.97
    1      5.25e-07   1.00e+00   1.53e-07   3.91e-03    0         1     21.69
Finished, because...
Error smaller than 1 ( 3.9114E-03 ).

Accumulated times:
Assembly time:        9.38 s
Solve time:     12.27 s
Total time:     21.69 s

contact        voltage     electron current    hole current  conduction current
 drain_N      5.000E-02       4.043E-20         1.734E-35        4.043E-20
 drain_P      0.000E+00      -3.458E-37         1.476E-20        1.476E-20
 gate         3.277E-03       0.000E+00         0.000E+00        0.000E+00
 source_N     0.000E+00       6.703E-20         2.142E-35        6.703E-20
 source_P     0.000E+00      -3.292E-37        -8.216E-21       -8.216E-21

Computing step from t=3.2775e-03 to t=4.9153e-03 (Stepsize: 1.6378e-03) :
Extrapolating values for t = 4.9153e-03 ... done.
Computing Coupled( 1 poisson-equation(s) , 1 current-contact-equation(s) , 
                   1 electron-equation(s) , 1 hole-equation(s) ) 
using Bank/Rose nonlinear solver.

Iteration   |Rhs|      factor     |step|     error   #inner  #iterative  time
------------------------------------------------------------------------------
    0      2.02e+00                                                      4.16
    1      1.83e-06   1.00e+00   2.79e-07   7.13e-03    0         1     22.02
Finished, because...
Error smaller than 1 ( 7.1292E-03 ).

Accumulated times:
Assembly time:        9.59 s
Solve time:     12.40 s
Total time:     22.02 s

contact        voltage     electron current    hole current  conduction current
 drain_N      5.000E-02      -6.114E-20         2.527E-35       -6.114E-20
 drain_P      0.000E+00      -1.425E-36         8.151E-22        8.151E-22
 gate         4.915E-03       0.000E+00         0.000E+00        0.000E+00
 source_N     0.000E+00      -6.257E-20         2.456E-35       -6.257E-20
 source_P     0.000E+00      -1.292E-36         2.868E-20        2.868E-20

Computing step from t=4.9153e-03 to t=5.0000e-03 (Stepsize: 8.4716e-05) :
Extrapolating values for t = 5.0000e-03 ... done.
Computing Coupled( 1 poisson-equation(s) , 1 current-contact-equation(s) , 
                   1 electron-equation(s) , 1 hole-equation(s) ) 
using Bank/Rose nonlinear solver.

Iteration   |Rhs|      factor     |step|     error   #inner  #iterative  time
------------------------------------------------------------------------------
    0      6.32e-02                                                      4.13
    1      8.41e-08   1.00e+00   8.72e-09   2.23e-04    0         1     21.73
Finished, because...
Error smaller than 1 ( 2.2282E-04 ).

Accumulated times:
Assembly time:        9.56 s
Solve time:     12.14 s
Total time:     21.73 s

contact        voltage     electron current    hole current  conduction current
 drain_N      5.000E-02      -3.460E-20         1.371E-35       -3.460E-20
 drain_P      0.000E+00       8.482E-38        -6.385E-21       -6.385E-21
 gate         5.000E-03       0.000E+00         0.000E+00        0.000E+00
 source_N     0.000E+00      -1.222E-19         1.992E-35       -1.222E-19
 source_P     0.000E+00       1.300E-37        -2.714E-20       -2.714E-20

Computing step from t=5.0000e-03 to t=7.2110e-03 (Stepsize: 2.2110e-03) :
Extrapolating values for t = 7.2110e-03 ... done.
Computing Coupled( 1 poisson-equation(s) , 1 current-contact-equation(s) , 
                   1 electron-equation(s) , 1 hole-equation(s) ) 
using Bank/Rose nonlinear solver.

Iteration   |Rhs|      factor     |step|     error   #inner  #iterative  time
------------------------------------------------------------------------------
    0      3.90e+00                                                      4.17
    1      6.10e-06   1.00e+00   5.40e-07   1.38e-02    0         1     22.00
Finished, because...
Error smaller than 1 ( 1.3790E-02 ).

Accumulated times:
Assembly time:        9.64 s
Solve time:     12.33 s
Total time:     22.00 s

contact        voltage     electron current    hole current  conduction current
 drain_N      5.000E-02      -3.942E-20         5.466E-35       -3.942E-20
 drain_P      0.000E+00      -5.894E-36         2.483E-20        2.483E-20
 gate         7.211E-03       0.000E+00         0.000E+00        0.000E+00
 source_N     0.000E+00      -2.723E-20         3.616E-35       -2.723E-20
 source_P     0.000E+00      -5.290E-36         2.316E-20        2.316E-20

Computing step from t=7.2110e-03 to t=0.01 (Stepsize: 2.7890e-03) :
Extrapolating values for t = 0.01 ... done.
Computing Coupled( 1 poisson-equation(s) , 1 current-contact-equation(s) , 
                   1 electron-equation(s) , 1 hole-equation(s) ) 
using Bank/Rose nonlinear solver.

Iteration   |Rhs|      factor     |step|     error   #inner  #iterative  time
------------------------------------------------------------------------------
    0      6.10e+00                                                      4.16
    1      1.41e-05   1.00e+00   8.48e-07   2.17e-02    0         1     22.13
Finished, because...
Error smaller than 1 ( 2.1660E-02 ).

Accumulated times:
Assembly time:        9.65 s
Solve time:     12.45 s
Total time:     22.13 s

contact        voltage     electron current    hole current  conduction current
 drain_N      5.000E-02       3.268E-20         1.098E-34        3.268E-20
 drain_P      0.000E+00      -1.520E-35         4.036E-21        4.036E-21
 gate         1.000E-02       0.000E+00         0.000E+00        0.000E+00
 source_N     0.000E+00      -2.009E-20         5.778E-35       -2.009E-20
 source_P     0.000E+00      -1.383E-35         3.186E-20        3.186E-20

Computing step from t=0.01 to t=0.0129849 (Stepsize: 2.9849e-03) :
Extrapolating values for t = 0.0129849 ... done.
Computing Coupled( 1 poisson-equation(s) , 1 current-contact-equation(s) , 
                   1 electron-equation(s) , 1 hole-equation(s) ) 
using Bank/Rose nonlinear solver.

Iteration   |Rhs|      factor     |step|     error   #inner  #iterative  time
------------------------------------------------------------------------------
    0      7.40e+00                                                      4.16
    1      2.02e-05   1.00e+00   1.03e-06   2.63e-02    0         1     21.64
Finished, because...
Error smaller than 1 ( 2.6331E-02 ).

Accumulated times:
Assembly time:        9.44 s
Solve time:     12.17 s
Total time:     21.64 s

contact        voltage     electron current    hole current  conduction current
 drain_N      5.000E-02      -1.081E-20         1.492E-34       -1.081E-20
 drain_P      0.000E+00      -2.355E-35         2.270E-20        2.270E-20
 gate         1.298E-02       0.000E+00         0.000E+00        0.000E+00
 source_N     0.000E+00      -6.743E-20         7.285E-35       -6.743E-20
 source_P     0.000E+00      -2.156E-35        -4.988E-20       -4.988E-20

Computing step from t=0.0129849 to t=0.015 (Stepsize: 2.0151e-03) :
Extrapolating values for t = 0.015 ... done.
Computing Coupled( 1 poisson-equation(s) , 1 current-contact-equation(s) , 
                   1 electron-equation(s) , 1 hole-equation(s) ) 
using Bank/Rose nonlinear solver.

Iteration   |Rhs|      factor     |step|     error   #inner  #iterative  time
------------------------------------------------------------------------------
    0      4.32e+00                                                      3.94
    1      7.52e-06   1.00e+00   6.03e-07   1.54e-02    0         1     21.07
Finished, because...
Error smaller than 1 ( 1.5404E-02 ).

Accumulated times:
Assembly time:        9.16 s
Solve time:     11.87 s
Total time:     21.07 s

contact        voltage     electron current    hole current  conduction current
 drain_N      5.000E-02       4.237E-20         5.963E-35        4.237E-20
 drain_P      0.000E+00      -8.435E-36        -2.194E-20       -2.194E-20
 gate         1.500E-02       0.000E+00         0.000E+00        0.000E+00
 source_N     0.000E+00      -1.094E-20         3.790E-35       -1.094E-20
 source_P     0.000E+00      -7.665E-36         2.562E-20        2.562E-20

Computing step from t=0.015 to t=0.0190296 (Stepsize: 4.0296e-03) :
Extrapolating values for t = 0.0190296 ... done.
Computing Coupled( 1 poisson-equation(s) , 1 current-contact-equation(s) , 
                   1 electron-equation(s) , 1 hole-equation(s) ) 
using Bank/Rose nonlinear solver.

Iteration   |Rhs|      factor     |step|     error   #inner  #iterative  time
------------------------------------------------------------------------------
    0      1.04e+01                                                      3.95
    1      3.79e-05   1.00e+00   1.46e-06   3.73e-02    0         1     21.11
Finished, because...
Error smaller than 1 ( 3.7259E-02 ).

Accumulated times:
Assembly time:        9.23 s
Solve time:     11.86 s
Total time:     21.11 s

contact        voltage     electron current    hole current  conduction current
 drain_N      5.000E-02      -5.783E-21         2.471E-34       -5.783E-21
 drain_P      0.000E+00      -5.161E-35         2.907E-20        2.907E-20
 gate         1.903E-02       0.000E+00         0.000E+00        0.000E+00
 source_N     0.000E+00      -5.519E-20         1.104E-34       -5.519E-20
 source_P     0.000E+00      -4.730E-35        -1.064E-19       -1.064E-19

Computing step from t=0.0190296 to t=0.02 (Stepsize: 9.7042e-04) :
Extrapolating values for t = 0.02 ... done.
Computing Coupled( 1 poisson-equation(s) , 1 current-contact-equation(s) , 
                   1 electron-equation(s) , 1 hole-equation(s) ) 
using Bank/Rose nonlinear solver.

Iteration   |Rhs|      factor     |step|     error   #inner  #iterative  time
------------------------------------------------------------------------------
    0      2.07e+00                                                      3.99
    1      1.98e-06   1.00e+00   2.90e-07   7.43e-03    0         1     21.09
Finished, because...
Error smaller than 1 ( 7.4251E-03 ).

Accumulated times:
Assembly time:        9.19 s
Solve time:     11.87 s
Total time:     21.09 s

contact        voltage     electron current    hole current  conduction current
 drain_N      5.000E-02       1.970E-20         2.397E-35        1.970E-20
 drain_P      0.000E+00      -2.104E-36         1.715E-20        1.715E-20
 gate         2.000E-02       0.000E+00         0.000E+00        0.000E+00
 source_N     0.000E+00      -4.137E-20         2.390E-35       -4.137E-20
 source_P     0.000E+00      -1.940E-36        -2.342E-20       -2.342E-20

Computing step from t=0.02 to t=0.025 (Stepsize: 5.0000e-03) :
Extrapolating values for t = 0.025 ... done.
Computing Coupled( 1 poisson-equation(s) , 1 current-contact-equation(s) , 
                   1 electron-equation(s) , 1 hole-equation(s) ) 
using Bank/Rose nonlinear solver.

Iteration   |Rhs|      factor     |step|     error   #inner  #iterative  time
------------------------------------------------------------------------------
    0      2.53e+01                                                      3.96
    1      1.82e-04   1.00e+00   3.57e-06   9.14e-02    0         1     21.05
Finished, because...
Error smaller than 1 ( 9.1414E-02 ).

Accumulated times:
Assembly time:        9.17 s
Solve time:     11.85 s
Total time:     21.05 s

contact        voltage     electron current    hole current  conduction current
 drain_N      5.000E-02       7.108E-21         1.330E-33        7.108E-21
 drain_P      0.000E+00      -3.341E-34        -5.479E-20       -5.479E-20
 gate         2.500E-02       0.000E+00         0.000E+00        0.000E+00
 source_N     0.000E+00       7.536E-21         5.232E-34        7.536E-21
 source_P     0.000E+00      -3.064E-34         6.673E-21        6.673E-21

Computing step from t=0.025 to t=0.03 (Stepsize: 5.0000e-03) :
Extrapolating values for t = 0.03 ... done.
Computing Coupled( 1 poisson-equation(s) , 1 current-contact-equation(s) , 
                   1 electron-equation(s) , 1 hole-equation(s) ) 
using Bank/Rose nonlinear solver.

Iteration   |Rhs|      factor     |step|     error   #inner  #iterative  time
------------------------------------------------------------------------------
    0      2.32e+01                                                      3.97
    1      1.55e-04   1.00e+00   3.28e-06   8.40e-02    0         1     21.15
Finished, because...
Error smaller than 1 ( 8.4021E-02 ).

Accumulated times:
Assembly time:        9.26 s
Solve time:     11.86 s
Total time:     21.15 s

contact        voltage     electron current    hole current  conduction current
 drain_N      5.000E-02       2.841E-20         1.056E-33        2.841E-20
 drain_P      0.000E+00      -3.068E-34        -2.848E-20       -2.848E-20
 gate         3.000E-02       0.000E+00         0.000E+00        0.000E+00
 source_N     0.000E+00       1.350E-20         4.173E-34        1.350E-20
 source_P     0.000E+00      -2.818E-34         5.981E-21        5.981E-21

Computing step from t=0.03 to t=0.035 (Stepsize: 5.0000e-03) :
Extrapolating values for t = 0.035 ... done.
Computing Coupled( 1 poisson-equation(s) , 1 current-contact-equation(s) , 
                   1 electron-equation(s) , 1 hole-equation(s) ) 
using Bank/Rose nonlinear solver.

Iteration   |Rhs|      factor     |step|     error   #inner  #iterative  time
------------------------------------------------------------------------------
    0      2.10e+01                                                      3.94
    1      1.32e-04   1.00e+00   2.99e-06   7.66e-02    0         1     20.99
Finished, because...
Error smaller than 1 ( 7.6577E-02 ).

Accumulated times:
Assembly time:        9.13 s
Solve time:     11.82 s
Total time:     20.99 s

contact        voltage     electron current    hole current  conduction current
 drain_N      5.000E-02      -3.427E-20         8.181E-34       -3.427E-20
 drain_P      0.000E+00      -2.771E-34        -5.280E-20       -5.280E-20
 gate         3.500E-02       0.000E+00         0.000E+00        0.000E+00
 source_N     0.000E+00       5.085E-22         3.258E-34        5.085E-22
 source_P     0.000E+00      -2.543E-34         7.066E-21        7.066E-21

Computing step from t=0.035 to t=0.04 (Stepsize: 5.0000e-03) :
Extrapolating values for t = 0.04 ... done.
Computing Coupled( 1 poisson-equation(s) , 1 current-contact-equation(s) , 
                   1 electron-equation(s) , 1 hole-equation(s) ) 
using Bank/Rose nonlinear solver.

Iteration   |Rhs|      factor     |step|     error   #inner  #iterative  time
------------------------------------------------------------------------------
    0      2.10e+01                                                      4.00
    1      1.33e-04   1.00e+00   2.99e-06   7.66e-02    0         1     21.10
Finished, because...
Error smaller than 1 ( 7.6584E-02 ).

Accumulated times:
Assembly time:        9.23 s
Solve time:     11.82 s
Total time:     21.10 s

contact        voltage     electron current    hole current  conduction current
 drain_N      5.000E-02       2.695E-20         7.600E-34        2.695E-20
 drain_P      0.000E+00      -3.013E-34         4.238E-20        4.238E-20
 gate         4.000E-02       0.000E+00         0.000E+00        0.000E+00
 source_N     0.000E+00      -1.045E-19         3.012E-34       -1.045E-19
 source_P     0.000E+00      -2.763E-34         4.510E-20        4.510E-20

Computing step from t=0.04 to t=0.045 (Stepsize: 5.0000e-03) :
Extrapolating values for t = 0.045 ... done.
Computing Coupled( 1 poisson-equation(s) , 1 current-contact-equation(s) , 
                   1 electron-equation(s) , 1 hole-equation(s) ) 
using Bank/Rose nonlinear solver.

Iteration   |Rhs|      factor     |step|     error   #inner  #iterative  time
------------------------------------------------------------------------------
    0      2.09e+01                                                      3.96
    1      1.34e-04   1.00e+00   2.99e-06   7.66e-02    0         1     21.14
Finished, because...
Error smaller than 1 ( 7.6595E-02 ).

Accumulated times:
Assembly time:        9.22 s
Solve time:     11.89 s
Total time:     21.14 s

contact        voltage     electron current    hole current  conduction current
 drain_N      5.000E-02      -4.856E-20         7.065E-34       -4.856E-20
 drain_P      0.000E+00      -3.277E-34         4.205E-20        4.205E-20
 gate         4.500E-02       0.000E+00         0.000E+00        0.000E+00
 source_N     0.000E+00       2.597E-20         2.790E-34        2.597E-20
 source_P     0.000E+00      -3.007E-34         3.929E-20        3.929E-20

Computing step from t=0.045 to t=0.05 (Stepsize: 5.0000e-03) :
Extrapolating values for t = 0.05 ... done.
Computing Coupled( 1 poisson-equation(s) , 1 current-contact-equation(s) , 
                   1 electron-equation(s) , 1 hole-equation(s) ) 
using Bank/Rose nonlinear solver.

Iteration   |Rhs|      factor     |step|     error   #inner  #iterative  time
------------------------------------------------------------------------------
    0      2.08e+01                                                      3.96
    1      1.35e-04   1.00e+00   2.99e-06   7.66e-02    0         1     20.98
Finished, because...
Error smaller than 1 ( 7.6641E-02 ).

Accumulated times:
Assembly time:        9.13 s
Solve time:     11.80 s
Total time:     20.98 s

contact        voltage     electron current    hole current  conduction current
 drain_N      5.000E-02      -1.844E-20         6.566E-34       -1.844E-20
 drain_P      0.000E+00      -3.572E-34        -5.492E-20       -5.492E-20
 gate         5.000E-02       0.000E+00         0.000E+00        0.000E+00
 source_N     0.000E+00       6.350E-20         2.583E-34        6.350E-20
 source_P     0.000E+00      -3.273E-34        -4.832E-20       -4.832E-20

Computing step from t=0.05 to t=0.055 (Stepsize: 5.0000e-03) :
Extrapolating values for t = 0.055 ... done.
Computing Coupled( 1 poisson-equation(s) , 1 current-contact-equation(s) , 
                   1 electron-equation(s) , 1 hole-equation(s) ) 
using Bank/Rose nonlinear solver.

Iteration   |Rhs|      factor     |step|     error   #inner  #iterative  time
------------------------------------------------------------------------------
    0      2.07e+01                                                      3.95
    1      1.35e-04   1.00e+00   2.99e-06   7.67e-02    0         1     20.98
Finished, because...
Error smaller than 1 ( 7.6703E-02 ).

Accumulated times:
Assembly time:        9.14 s
Solve time:     11.79 s
Total time:     20.98 s

contact        voltage     electron current    hole current  conduction current
 drain_N      5.000E-02      -8.425E-20         6.089E-34       -8.425E-20
 drain_P      0.000E+00      -3.892E-34         4.387E-20        4.387E-20
 gate         5.500E-02       0.000E+00         0.000E+00        0.000E+00
 source_N     0.000E+00      -4.029E-20         2.391E-34       -4.029E-20
 source_P     0.000E+00      -3.568E-34         2.839E-20        2.839E-20

Computing step from t=0.055 to t=0.06 (Stepsize: 5.0000e-03) :
Extrapolating values for t = 0.06 ... done.
Computing Coupled( 1 poisson-equation(s) , 1 current-contact-equation(s) , 
                   1 electron-equation(s) , 1 hole-equation(s) ) 
using Bank/Rose nonlinear solver.

Iteration   |Rhs|      factor     |step|     error   #inner  #iterative  time
------------------------------------------------------------------------------
    0      2.06e+01                                                      4.02
    1      1.36e-04   1.00e+00   2.99e-06   7.68e-02    0         1     21.13
Finished, because...
Error smaller than 1 ( 7.6752E-02 ).

Accumulated times:
Assembly time:        9.24 s
Solve time:     11.84 s
Total time:     21.13 s

contact        voltage     electron current    hole current  conduction current
 drain_N      5.000E-02       1.532E-21         5.645E-34        1.532E-21
 drain_P      0.000E+00      -4.236E-34        -1.788E-20       -1.788E-20
 gate         6.000E-02       0.000E+00         0.000E+00        0.000E+00
 source_N     0.000E+00      -1.472E-20         2.215E-34       -1.472E-20
 source_P     0.000E+00      -3.883E-34         1.091E-20        1.091E-20

Computing step from t=0.06 to t=0.065 (Stepsize: 5.0000e-03) :
Extrapolating values for t = 0.065 ... done.
Computing Coupled( 1 poisson-equation(s) , 1 current-contact-equation(s) , 
                   1 electron-equation(s) , 1 hole-equation(s) ) 
using Bank/Rose nonlinear solver.

Iteration   |Rhs|      factor     |step|     error   #inner  #iterative  time
------------------------------------------------------------------------------
    0      2.06e+01                                                      3.94
    1      1.37e-04   1.00e+00   2.99e-06   7.69e-02    0         1     21.00
Finished, because...
Error smaller than 1 ( 7.6866E-02 ).

Accumulated times:
Assembly time:        9.14 s
Solve time:     11.83 s
Total time:     21.00 s

contact        voltage     electron current    hole current  conduction current
 drain_N      5.000E-02      -1.535E-20         5.242E-34       -1.535E-20
 drain_P      0.000E+00      -4.618E-34        -2.399E-20       -2.399E-20
 gate         6.500E-02       0.000E+00         0.000E+00        0.000E+00
 source_N     0.000E+00      -6.818E-21         2.053E-34       -6.818E-21
 source_P     0.000E+00      -4.231E-34         3.520E-20        3.520E-20

Computing step from t=0.065 to t=0.07 (Stepsize: 5.0000e-03) :
Extrapolating values for t = 0.07 ... done.
Computing Coupled( 1 poisson-equation(s) , 1 current-contact-equation(s) , 
                   1 electron-equation(s) , 1 hole-equation(s) ) 
using Bank/Rose nonlinear solver.

Iteration   |Rhs|      factor     |step|     error   #inner  #iterative  time
------------------------------------------------------------------------------
    0      2.05e+01                                                      3.97
    1      1.38e-04   1.00e+00   2.99e-06   7.70e-02    0         1     21.09
Finished, because...
Error smaller than 1 ( 7.6965E-02 ).

Accumulated times:
Assembly time:        9.19 s
Solve time:     11.86 s
Total time:     21.09 s

contact        voltage     electron current    hole current  conduction current
 drain_N      5.000E-02      -1.330E-20         4.855E-34       -1.330E-20
 drain_P      0.000E+00      -5.034E-34         6.614E-21        6.614E-21
 gate         7.000E-02       0.000E+00         0.000E+00        0.000E+00
 source_N     0.000E+00      -1.127E-20         1.904E-34       -1.127E-20
 source_P     0.000E+00      -4.611E-34        -4.604E-20       -4.604E-20

Computing step from t=0.07 to t=0.075 (Stepsize: 5.0000e-03) :
Extrapolating values for t = 0.075 ... done.
Computing Coupled( 1 poisson-equation(s) , 1 current-contact-equation(s) , 
                   1 electron-equation(s) , 1 hole-equation(s) ) 
using Bank/Rose nonlinear solver.

Iteration   |Rhs|      factor     |step|     error   #inner  #iterative  time
------------------------------------------------------------------------------
    0      2.04e+01                                                      3.96
    1      1.39e-04   1.00e+00   2.99e-06   7.71e-02    0         1     21.20
Finished, because...
Error smaller than 1 ( 7.7083E-02 ).

Accumulated times:
Assembly time:        9.26 s
Solve time:     11.90 s
Total time:     21.21 s

contact        voltage     electron current    hole current  conduction current
 drain_N      5.000E-02       4.853E-21         4.505E-34        4.853E-21
 drain_P      0.000E+00      -5.481E-34         5.042E-20        5.042E-20
 gate         7.500E-02       0.000E+00         0.000E+00        0.000E+00
 source_N     0.000E+00      -1.738E-20         1.767E-34       -1.738E-20
 source_P     0.000E+00      -5.022E-34        -1.041E-20       -1.041E-20

Computing step from t=0.075 to t=0.08 (Stepsize: 5.0000e-03) :
Extrapolating values for t = 0.08 ... done.
Computing Coupled( 1 poisson-equation(s) , 1 current-contact-equation(s) , 
                   1 electron-equation(s) , 1 hole-equation(s) ) 
using Bank/Rose nonlinear solver.

Iteration   |Rhs|      factor     |step|     error   #inner  #iterative  time
------------------------------------------------------------------------------
    0      2.03e+01                                                      4.02
    1      1.40e-04   1.00e+00   2.99e-06   7.72e-02    0         1     21.53
Finished, because...
Error smaller than 1 ( 7.7186E-02 ).

Accumulated times:
Assembly time:        9.31 s
Solve time:     12.19 s
Total time:     21.53 s

contact        voltage     electron current    hole current  conduction current
 drain_N      5.000E-02       5.094E-21         4.178E-34        5.094E-21
 drain_P      0.000E+00      -5.964E-34        -1.738E-20       -1.738E-20
 gate         8.000E-02       0.000E+00         0.000E+00        0.000E+00
 source_N     0.000E+00      -9.549E-21         1.641E-34       -9.549E-21
 source_P     0.000E+00      -5.464E-34        -7.029E-20       -7.029E-20

Computing step from t=0.08 to t=0.085 (Stepsize: 5.0000e-03) :
Extrapolating values for t = 0.085 ... done.
Computing Coupled( 1 poisson-equation(s) , 1 current-contact-equation(s) , 
                   1 electron-equation(s) , 1 hole-equation(s) ) 
using Bank/Rose nonlinear solver.

Iteration   |Rhs|      factor     |step|     error   #inner  #iterative  time
------------------------------------------------------------------------------
    0      2.03e+01                                                      3.99
    1      1.41e-04   1.00e+00   2.99e-06   7.73e-02    0         1     21.14
Finished, because...
Error smaller than 1 ( 7.7339E-02 ).

Accumulated times:
Assembly time:        9.21 s
Solve time:     11.89 s
Total time:     21.14 s

contact        voltage     electron current    hole current  conduction current
 drain_N      5.000E-02       1.441E-20         3.883E-34        1.441E-20
 drain_P      0.000E+00      -6.494E-34         3.340E-20        3.340E-20
 gate         8.500E-02       0.000E+00         0.000E+00        0.000E+00
 source_N     0.000E+00      -1.392E-20         1.525E-34       -1.392E-20
 source_P     0.000E+00      -5.947E-34         3.578E-20        3.578E-20

Computing step from t=0.085 to t=0.09 (Stepsize: 5.0000e-03) :
Extrapolating values for t = 0.09 ... done.
Computing Coupled( 1 poisson-equation(s) , 1 current-contact-equation(s) , 
                   1 electron-equation(s) , 1 hole-equation(s) ) 
using Bank/Rose nonlinear solver.

Iteration   |Rhs|      factor     |step|     error   #inner  #iterative  time
------------------------------------------------------------------------------
    0      2.03e+01                                                      3.98
    1      1.42e-04   1.00e+00   3.00e-06   7.75e-02    0         1     21.30
Finished, because...
Error smaller than 1 ( 7.7526E-02 ).

Accumulated times:
Assembly time:        9.22 s
Solve time:     12.04 s
Total time:     21.30 s

contact        voltage     electron current    hole current  conduction current
 drain_N      5.000E-02       2.191E-21         3.612E-34        2.191E-21
 drain_P      0.000E+00      -7.071E-34        -1.618E-20       -1.618E-20
 gate         9.000E-02       0.000E+00         0.000E+00        0.000E+00
 source_N     0.000E+00       2.090E-20         1.419E-34        2.090E-20
 source_P     0.000E+00      -6.474E-34         3.961E-20        3.961E-20

Computing step from t=0.09 to t=0.095 (Stepsize: 5.0000e-03) :
Extrapolating values for t = 0.095 ... done.
Computing Coupled( 1 poisson-equation(s) , 1 current-contact-equation(s) , 
                   1 electron-equation(s) , 1 hole-equation(s) ) 
using Bank/Rose nonlinear solver.

Iteration   |Rhs|      factor     |step|     error   #inner  #iterative  time
------------------------------------------------------------------------------
    0      2.03e+01                                                      4.04
    1      1.43e-04   1.00e+00   3.00e-06   7.77e-02    0         1     21.37
Finished, because...
Error smaller than 1 ( 7.7671E-02 ).

Accumulated times:
Assembly time:        9.31 s
Solve time:     12.03 s
Total time:     21.37 s

contact        voltage     electron current    hole current  conduction current
 drain_N      5.000E-02      -3.692E-21         3.341E-34       -3.692E-21
 drain_P      0.000E+00      -7.694E-34        -3.679E-20       -3.679E-20
 gate         9.500E-02       0.000E+00         0.000E+00        0.000E+00
 source_N     0.000E+00      -1.305E-20         1.321E-34       -1.305E-20
 source_P     0.000E+00      -7.044E-34         1.090E-20        1.090E-20

Computing step from t=0.095 to t=0.1 (Stepsize: 5.0000e-03) :
Extrapolating values for t = 0.1 ... done.
Computing Coupled( 1 poisson-equation(s) , 1 current-contact-equation(s) , 
                   1 electron-equation(s) , 1 hole-equation(s) ) 
using Bank/Rose nonlinear solver.

Iteration   |Rhs|      factor     |step|     error   #inner  #iterative  time
------------------------------------------------------------------------------
    0      2.03e+01                                                      3.97
    1      1.43e-04   1.00e+00   3.00e-06   7.78e-02    0         1     21.25
Finished, because...
Error smaller than 1 ( 7.7796E-02 ).

Accumulated times:
Assembly time:        9.20 s
Solve time:     12.00 s
Total time:     21.26 s

contact        voltage     electron current    hole current  conduction current
 drain_N      5.000E-02       4.577E-20         3.088E-34        4.577E-20
 drain_P      0.000E+00      -8.363E-34        -3.525E-20       -3.525E-20
 gate         1.000E-01       0.000E+00         0.000E+00        0.000E+00
 source_N     0.000E+00       7.070E-20         1.231E-34        7.070E-20
 source_P     0.000E+00      -7.657E-34         6.527E-21        6.527E-21

Computing step from t=0.1 to t=0.105 (Stepsize: 5.0000e-03) :
Extrapolating values for t = 0.105 ... done.
Computing Coupled( 1 poisson-equation(s) , 1 current-contact-equation(s) , 
                   1 electron-equation(s) , 1 hole-equation(s) ) 
using Bank/Rose nonlinear solver.

Iteration   |Rhs|      factor     |step|     error   #inner  #iterative  time
------------------------------------------------------------------------------
    0      2.03e+01                                                      3.99
    1      1.44e-04   1.00e+00   3.00e-06   7.79e-02    0         1     21.33
Finished, because...
Error smaller than 1 ( 7.7913E-02 ).

Accumulated times:
Assembly time:        9.27 s
Solve time:     12.02 s
Total time:     21.33 s

contact        voltage     electron current    hole current  conduction current
 drain_N      5.000E-02       3.450E-20         2.855E-34        3.450E-20
 drain_P      0.000E+00      -9.081E-34        -2.441E-20       -2.441E-20
 gate         1.050E-01       0.000E+00         0.000E+00        0.000E+00
 source_N     0.000E+00       3.342E-21         1.149E-34        3.342E-21
 source_P     0.000E+00      -8.316E-34         1.177E-20        1.177E-20

Computing step from t=0.105 to t=0.11 (Stepsize: 5.0000e-03) :
Extrapolating values for t = 0.11 ... done.
Computing Coupled( 1 poisson-equation(s) , 1 current-contact-equation(s) , 
                   1 electron-equation(s) , 1 hole-equation(s) ) 
using Bank/Rose nonlinear solver.

Iteration   |Rhs|      factor     |step|     error   #inner  #iterative  time
------------------------------------------------------------------------------
    0      2.02e+01                                                      3.97
    1      1.45e-04   1.00e+00   3.00e-06   7.80e-02    0         1     21.21
Finished, because...
Error smaller than 1 ( 7.8050E-02 ).

Accumulated times:
Assembly time:        9.20 s
Solve time:     11.98 s
Total time:     21.21 s

contact        voltage     electron current    hole current  conduction current
 drain_N      5.000E-02       6.665E-21         2.639E-34        6.665E-21
 drain_P      0.000E+00      -9.866E-34        -4.834E-20       -4.834E-20
 gate         1.100E-01       0.000E+00         0.000E+00        0.000E+00
 source_N     0.000E+00       8.384E-21         1.073E-34        8.384E-21
 source_P     0.000E+00      -9.031E-34        -7.906E-21       -7.906E-21

Computing step from t=0.11 to t=0.115 (Stepsize: 5.0000e-03) :
Extrapolating values for t = 0.115 ... done.
Computing Coupled( 1 poisson-equation(s) , 1 current-contact-equation(s) , 
                   1 electron-equation(s) , 1 hole-equation(s) ) 
using Bank/Rose nonlinear solver.

Iteration   |Rhs|      factor     |step|     error   #inner  #iterative  time
------------------------------------------------------------------------------
    0      2.02e+01                                                      4.00
    1      1.46e-04   1.00e+00   3.00e-06   7.82e-02    0         1     21.33
Finished, because...
Error smaller than 1 ( 7.8198E-02 ).

Accumulated times:
Assembly time:        9.30 s
Solve time:     11.99 s
Total time:     21.33 s

contact        voltage     electron current    hole current  conduction current
 drain_N      5.000E-02      -3.852E-20         2.440E-34       -3.852E-20
 drain_P      0.000E+00      -1.071E-33        -4.057E-20       -4.057E-20
 gate         1.150E-01       0.000E+00         0.000E+00        0.000E+00
 source_N     0.000E+00      -2.692E-20         1.004E-34       -2.692E-20
 source_P     0.000E+00      -9.803E-34        -5.832E-20       -5.832E-20

Computing step from t=0.115 to t=0.12 (Stepsize: 5.0000e-03) :
Extrapolating values for t = 0.12 ... done.
Computing Coupled( 1 poisson-equation(s) , 1 current-contact-equation(s) , 
                   1 electron-equation(s) , 1 hole-equation(s) ) 
using Bank/Rose nonlinear solver.

Iteration   |Rhs|      factor     |step|     error   #inner  #iterative  time
------------------------------------------------------------------------------
    0      2.02e+01                                                      3.98
    1      1.47e-04   1.00e+00   3.00e-06   7.84e-02    0         1     21.34
Finished, because...
Error smaller than 1 ( 7.8367E-02 ).

Accumulated times:
Assembly time:        9.26 s
Solve time:     12.06 s
Total time:     21.34 s

contact        voltage     electron current    hole current  conduction current
 drain_N      5.000E-02       3.898E-21         2.257E-34        3.898E-21
 drain_P      0.000E+00      -1.162E-33         2.225E-20        2.225E-20
 gate         1.200E-01       0.000E+00         0.000E+00        0.000E+00
 source_N     0.000E+00       1.058E-20         9.401E-35        1.058E-20
 source_P     0.000E+00      -1.063E-33         3.860E-20        3.860E-20

Computing step from t=0.12 to t=0.125 (Stepsize: 5.0000e-03) :
Extrapolating values for t = 0.125 ... done.
Computing Coupled( 1 poisson-equation(s) , 1 current-contact-equation(s) , 
                   1 electron-equation(s) , 1 hole-equation(s) ) 
using Bank/Rose nonlinear solver.

Iteration   |Rhs|      factor     |step|     error   #inner  #iterative  time
------------------------------------------------------------------------------
    0      2.02e+01                                                      4.02
    1      1.48e-04   1.00e+00   3.00e-06   7.86e-02    0         1     21.27
Finished, because...
Error smaller than 1 ( 7.8550E-02 ).

Accumulated times:
Assembly time:        9.26 s
Solve time:     11.98 s
Total time:     21.27 s

contact        voltage     electron current    hole current  conduction current
 drain_N      5.000E-02       8.274E-20         2.087E-34        8.274E-20
 drain_P      0.000E+00      -1.262E-33        -2.192E-20       -2.192E-20
 gate         1.250E-01       0.000E+00         0.000E+00        0.000E+00
 source_N     0.000E+00      -8.654E-20         8.815E-35       -8.654E-20
 source_P     0.000E+00      -1.154E-33        -1.999E-20       -1.999E-20

Computing step from t=0.125 to t=0.13 (Stepsize: 5.0000e-03) :
Extrapolating values for t = 0.13 ... done.
Computing Coupled( 1 poisson-equation(s) , 1 current-contact-equation(s) , 
                   1 electron-equation(s) , 1 hole-equation(s) ) 
using Bank/Rose nonlinear solver.

Iteration   |Rhs|      factor     |step|     error   #inner  #iterative  time
------------------------------------------------------------------------------
    0      2.02e+01                                                      3.98
    1      1.49e-04   1.00e+00   3.00e-06   7.87e-02    0         1     21.24
Finished, because...
Error smaller than 1 ( 7.8741E-02 ).

Accumulated times:
Assembly time:        9.22 s
Solve time:     11.99 s
Total time:     21.24 s

contact        voltage     electron current    hole current  conduction current
 drain_N      5.000E-02       2.545E-20         1.932E-34        2.545E-20
 drain_P      0.000E+00      -1.368E-33        -2.482E-20       -2.482E-20
 gate         1.300E-01       0.000E+00         0.000E+00        0.000E+00
 source_N     0.000E+00      -4.375E-20         8.280E-35       -4.375E-20
 source_P     0.000E+00      -1.251E-33        -1.238E-20       -1.238E-20

Computing step from t=0.13 to t=0.135 (Stepsize: 5.0000e-03) :
Extrapolating values for t = 0.135 ... done.
Computing Coupled( 1 poisson-equation(s) , 1 current-contact-equation(s) , 
                   1 electron-equation(s) , 1 hole-equation(s) ) 
using Bank/Rose nonlinear solver.

Iteration   |Rhs|      factor     |step|     error   #inner  #iterative  time
------------------------------------------------------------------------------
    0      2.02e+01                                                      4.00
    1      1.49e-04   1.00e+00   3.01e-06   7.89e-02    0         1     21.38
Finished, because...
Error smaller than 1 ( 7.8927E-02 ).

Accumulated times:
Assembly time:        9.28 s
Solve time:     12.07 s
Total time:     21.38 s

contact        voltage     electron current    hole current  conduction current
 drain_N      5.000E-02       5.415E-20         1.788E-34        5.415E-20
 drain_P      0.000E+00      -1.478E-33         2.839E-20        2.839E-20
 gate         1.350E-01       0.000E+00         0.000E+00        0.000E+00
 source_N     0.000E+00      -8.043E-22         7.789E-35       -8.043E-22
 source_P     0.000E+00      -1.352E-33        -4.931E-20       -4.931E-20

Computing step from t=0.135 to t=0.14 (Stepsize: 5.0000e-03) :
Extrapolating values for t = 0.14 ... done.
Computing Coupled( 1 poisson-equation(s) , 1 current-contact-equation(s) , 
                   1 electron-equation(s) , 1 hole-equation(s) ) 
using Bank/Rose nonlinear solver.

Iteration   |Rhs|      factor     |step|     error   #inner  #iterative  time
------------------------------------------------------------------------------
    0      2.02e+01                                                      3.98
    1      1.46e-04   1.00e+00   3.01e-06   7.91e-02    0         1     21.18
Finished, because...
Error smaller than 1 ( 7.9092E-02 ).

Accumulated times:
Assembly time:        9.18 s
Solve time:     11.97 s
Total time:     21.18 s

contact        voltage     electron current    hole current  conduction current
 drain_N      5.000E-02      -7.656E-20         1.656E-34       -7.656E-20
 drain_P      0.000E+00      -1.596E-33         3.817E-20        3.817E-20
 gate         1.400E-01       0.000E+00         0.000E+00        0.000E+00
 source_N     0.000E+00       4.116E-20         7.338E-35        4.116E-20
 source_P     0.000E+00      -1.461E-33        -1.922E-20       -1.922E-20

Computing step from t=0.14 to t=0.145 (Stepsize: 5.0000e-03) :
Extrapolating values for t = 0.145 ... done.
Computing Coupled( 1 poisson-equation(s) , 1 current-contact-equation(s) , 
                   1 electron-equation(s) , 1 hole-equation(s) ) 
using Bank/Rose nonlinear solver.

Iteration   |Rhs|      factor     |step|     error   #inner  #iterative  time
------------------------------------------------------------------------------
    0      2.02e+01                                                      3.98
    1      1.47e-04   1.00e+00   3.01e-06   7.93e-02    0         1     21.20
Finished, because...
Error smaller than 1 ( 7.9277E-02 ).

Accumulated times:
Assembly time:        9.25 s
Solve time:     11.92 s
Total time:     21.20 s

contact        voltage     electron current    hole current  conduction current
 drain_N      5.000E-02       7.125E-20         1.535E-34        7.125E-20
 drain_P      0.000E+00      -1.721E-33        -7.769E-20       -7.769E-20
 gate         1.450E-01       0.000E+00         0.000E+00        0.000E+00
 source_N     0.000E+00       3.377E-20         6.925E-35        3.377E-20
 source_P     0.000E+00      -1.575E-33        -2.165E-20       -2.165E-20

Computing step from t=0.145 to t=0.15 (Stepsize: 5.0000e-03) :
Extrapolating values for t = 0.15 ... done.
Computing Coupled( 1 poisson-equation(s) , 1 current-contact-equation(s) , 
                   1 electron-equation(s) , 1 hole-equation(s) ) 
using Bank/Rose nonlinear solver.

Iteration   |Rhs|      factor     |step|     error   #inner  #iterative  time
------------------------------------------------------------------------------
    0      2.02e+01                                                      4.00
    1      1.48e-04   1.00e+00   3.01e-06   7.95e-02    0         1     21.38
Finished, because...
Error smaller than 1 ( 7.9481E-02 ).

Accumulated times:
Assembly time:        9.29 s
Solve time:     12.04 s
Total time:     21.38 s

contact        voltage     electron current    hole current  conduction current
 drain_N      5.000E-02      -7.024E-20         1.423E-34       -7.024E-20
 drain_P      0.000E+00      -1.855E-33        -2.936E-20       -2.936E-20
 gate         1.500E-01       0.000E+00         0.000E+00        0.000E+00
 source_N     0.000E+00      -4.653E-20         6.540E-35       -4.653E-20
 source_P     0.000E+00      -1.698E-33         1.858E-21        1.858E-21

Computing step from t=0.15 to t=0.155 (Stepsize: 5.0000e-03) :
Extrapolating values for t = 0.155 ... done.
Computing Coupled( 1 poisson-equation(s) , 1 current-contact-equation(s) , 
                   1 electron-equation(s) , 1 hole-equation(s) ) 
using Bank/Rose nonlinear solver.

Iteration   |Rhs|      factor     |step|     error   #inner  #iterative  time
------------------------------------------------------------------------------
    0      2.01e+01                                                      3.97
    1      1.49e-04   1.00e+00   3.01e-06   7.97e-02    0         1     21.22
Finished, because...
Error smaller than 1 ( 7.9691E-02 ).

Accumulated times:
Assembly time:        9.21 s
Solve time:     11.97 s
Total time:     21.22 s

contact        voltage     electron current    hole current  conduction current
 drain_N      5.000E-02      -8.393E-21         1.321E-34       -8.393E-21
 drain_P      0.000E+00      -2.000E-33         6.602E-21        6.602E-21
 gate         1.550E-01       0.000E+00         0.000E+00        0.000E+00
 source_N     0.000E+00      -3.712E-21         6.192E-35       -3.712E-21
 source_P     0.000E+00      -1.830E-33         3.036E-20        3.036E-20

Computing step from t=0.155 to t=0.16 (Stepsize: 5.0000e-03) :
Extrapolating values for t = 0.16 ... done.
Computing Coupled( 1 poisson-equation(s) , 1 current-contact-equation(s) , 
                   1 electron-equation(s) , 1 hole-equation(s) ) 
using Bank/Rose nonlinear solver.

Iteration   |Rhs|      factor     |step|     error   #inner  #iterative  time
------------------------------------------------------------------------------
    0      2.01e+01                                                      3.99
    1      1.50e-04   1.00e+00   3.01e-06   7.99e-02    0         1     21.26
Finished, because...
Error smaller than 1 ( 7.9909E-02 ).

Accumulated times:
Assembly time:        9.25 s
Solve time:     11.97 s
Total time:     21.26 s

contact        voltage     electron current    hole current  conduction current
 drain_N      5.000E-02      -2.652E-20         1.226E-34       -2.652E-20
 drain_P      0.000E+00      -2.152E-33         1.889E-20        1.889E-20
 gate         1.600E-01       0.000E+00         0.000E+00        0.000E+00
 source_N     0.000E+00       7.224E-20         5.873E-35        7.224E-20
 source_P     0.000E+00      -1.970E-33        -7.487E-20       -7.487E-20

Computing step from t=0.16 to t=0.165 (Stepsize: 5.0000e-03) :
Extrapolating values for t = 0.165 ... done.
Computing Coupled( 1 poisson-equation(s) , 1 current-contact-equation(s) , 
                   1 electron-equation(s) , 1 hole-equation(s) ) 
using Bank/Rose nonlinear solver.

Iteration   |Rhs|      factor     |step|     error   #inner  #iterative  time
------------------------------------------------------------------------------
    0      2.01e+01                                                      3.99
    1      1.51e-04   1.00e+00   3.01e-06   8.01e-02    0         1     21.30
Finished, because...
Error smaller than 1 ( 8.0137E-02 ).

Accumulated times:
Assembly time:        9.28 s
Solve time:     11.99 s
Total time:     21.30 s

contact        voltage     electron current    hole current  conduction current
 drain_N      5.000E-02      -3.482E-20         1.140E-34       -3.482E-20
 drain_P      0.000E+00      -2.314E-33        -4.865E-20       -4.865E-20
 gate         1.650E-01       0.000E+00         0.000E+00        0.000E+00
 source_N     0.000E+00      -3.376E-20         5.572E-35       -3.376E-20
 source_P     0.000E+00      -2.118E-33        -2.719E-20       -2.719E-20

Computing step from t=0.165 to t=0.17 (Stepsize: 5.0000e-03) :
Extrapolating values for t = 0.17 ... done.
Computing Coupled( 1 poisson-equation(s) , 1 current-contact-equation(s) , 
                   1 electron-equation(s) , 1 hole-equation(s) ) 
using Bank/Rose nonlinear solver.

Iteration   |Rhs|      factor     |step|     error   #inner  #iterative  time
------------------------------------------------------------------------------
    0      2.01e+01                                                      4.05
    1      1.52e-04   1.00e+00   3.02e-06   8.04e-02    0         1     21.34
Finished, because...
Error smaller than 1 ( 8.0373E-02 ).

Accumulated times:
Assembly time:        9.29 s
Solve time:     12.02 s
Total time:     21.34 s

contact        voltage     electron current    hole current  conduction current
 drain_N      5.000E-02       5.712E-20         1.060E-34        5.712E-20
 drain_P      0.000E+00      -2.486E-33        -1.774E-21       -1.774E-21
 gate         1.700E-01       0.000E+00         0.000E+00        0.000E+00
 source_N     0.000E+00       1.642E-20         5.306E-35        1.642E-20
 source_P     0.000E+00      -2.275E-33         4.497E-20        4.497E-20

Computing step from t=0.17 to t=0.175 (Stepsize: 5.0000e-03) :
Extrapolating values for t = 0.175 ... done.
Computing Coupled( 1 poisson-equation(s) , 1 current-contact-equation(s) , 
                   1 electron-equation(s) , 1 hole-equation(s) ) 
using Bank/Rose nonlinear solver.

Iteration   |Rhs|      factor     |step|     error   #inner  #iterative  time
------------------------------------------------------------------------------
    0      2.01e+01                                                      3.99
    1      1.53e-04   1.00e+00   3.02e-06   8.06e-02    0         1     21.26
Finished, because...
Error smaller than 1 ( 8.0624E-02 ).

Accumulated times:
Assembly time:        9.25 s
Solve time:     11.98 s
Total time:     21.26 s

contact        voltage     electron current    hole current  conduction current
 drain_N      5.000E-02       2.205E-20         9.876E-35        2.205E-20
 drain_P      0.000E+00      -2.670E-33         1.038E-20        1.038E-20
 gate         1.750E-01       0.000E+00         0.000E+00        0.000E+00
 source_N     0.000E+00      -7.180E-20         5.055E-35       -7.180E-20
 source_P     0.000E+00      -2.443E-33         5.942E-21        5.942E-21

Computing step from t=0.175 to t=0.18 (Stepsize: 5.0000e-03) :
Extrapolating values for t = 0.18 ... done.
Computing Coupled( 1 poisson-equation(s) , 1 current-contact-equation(s) , 
                   1 electron-equation(s) , 1 hole-equation(s) ) 
using Bank/Rose nonlinear solver.

Iteration   |Rhs|      factor     |step|     error   #inner  #iterative  time
------------------------------------------------------------------------------
    0      2.01e+01                                                      3.99
    1      1.54e-04   1.00e+00   3.02e-06   8.09e-02    0         1     21.30
Finished, because...
Error smaller than 1 ( 8.0881E-02 ).

Accumulated times:
Assembly time:        9.25 s
Solve time:     12.00 s
Total time:     21.30 s

contact        voltage     electron current    hole current  conduction current
 drain_N      5.000E-02      -3.292E-20         9.204E-35       -3.292E-20
 drain_P      0.000E+00      -2.864E-33         2.245E-20        2.245E-20
 gate         1.800E-01       0.000E+00         0.000E+00        0.000E+00
 source_N     0.000E+00      -3.083E-20         4.832E-35       -3.083E-20
 source_P     0.000E+00      -2.620E-33         1.907E-20        1.907E-20

Computing step from t=0.18 to t=0.185 (Stepsize: 5.0000e-03) :
Extrapolating values for t = 0.185 ... done.
Computing Coupled( 1 poisson-equation(s) , 1 current-contact-equation(s) , 
                   1 electron-equation(s) , 1 hole-equation(s) ) 
using Bank/Rose nonlinear solver.

Iteration   |Rhs|      factor     |step|     error   #inner  #iterative  time
------------------------------------------------------------------------------
    0      2.01e+01                                                      3.99
    1      1.55e-04   1.00e+00   3.02e-06   8.11e-02    0         1     21.31
Finished, because...
Error smaller than 1 ( 8.1122E-02 ).

Accumulated times:
Assembly time:        9.24 s
Solve time:     12.04 s
Total time:     21.31 s

contact        voltage     electron current    hole current  conduction current
 drain_N      5.000E-02       8.773E-20         8.589E-35        8.773E-20
 drain_P      0.000E+00      -3.067E-33        -3.472E-20       -3.472E-20
 gate         1.850E-01       0.000E+00         0.000E+00        0.000E+00
 source_N     0.000E+00      -3.515E-20         4.621E-35       -3.515E-20
 source_P     0.000E+00      -2.806E-33         1.649E-21        1.649E-21

Computing step from t=0.185 to t=0.19 (Stepsize: 5.0000e-03) :
Extrapolating values for t = 0.19 ... done.
Computing Coupled( 1 poisson-equation(s) , 1 current-contact-equation(s) , 
                   1 electron-equation(s) , 1 hole-equation(s) ) 
using Bank/Rose nonlinear solver.

Iteration   |Rhs|      factor     |step|     error   #inner  #iterative  time
------------------------------------------------------------------------------
    0      2.01e+01                                                      3.99
    1      1.56e-04   1.00e+00   3.02e-06   8.14e-02    0         1     21.35
Finished, because...
Error smaller than 1 ( 8.1374E-02 ).

Accumulated times:
Assembly time:        9.31 s
Solve time:     12.01 s
Total time:     21.35 s

contact        voltage     electron current    hole current  conduction current
 drain_N      5.000E-02      -7.431E-21         8.019E-35       -7.431E-21
 drain_P      0.000E+00      -3.282E-33        -2.055E-20       -2.055E-20
 gate         1.900E-01       0.000E+00         0.000E+00        0.000E+00
 source_N     0.000E+00      -2.476E-20         4.428E-35       -2.476E-20
 source_P     0.000E+00      -3.003E-33         7.546E-20        7.546E-20

Computing step from t=0.19 to t=0.195 (Stepsize: 5.0000e-03) :
Extrapolating values for t = 0.195 ... done.
Computing Coupled( 1 poisson-equation(s) , 1 current-contact-equation(s) , 
                   1 electron-equation(s) , 1 hole-equation(s) ) 
using Bank/Rose nonlinear solver.

Iteration   |Rhs|      factor     |step|     error   #inner  #iterative  time
------------------------------------------------------------------------------
    0      2.01e+01                                                      3.98
    1      1.57e-04   1.00e+00   3.03e-06   8.16e-02    0         1     21.50
Finished, because...
Error smaller than 1 ( 8.1641E-02 ).

Accumulated times:
Assembly time:        9.26 s
Solve time:     12.22 s
Total time:     21.50 s

contact        voltage     electron current    hole current  conduction current
 drain_N      5.000E-02      -1.056E-20         7.506E-35       -1.056E-20
 drain_P      0.000E+00      -3.510E-33         2.996E-20        2.996E-20
 gate         1.950E-01       0.000E+00         0.000E+00        0.000E+00
 source_N     0.000E+00      -8.844E-21         4.252E-35       -8.844E-21
 source_P     0.000E+00      -3.211E-33        -5.811E-20       -5.811E-20

Computing step from t=0.195 to t=0.2 (Stepsize: 5.0000e-03) :
Extrapolating values for t = 0.2 ... done.
Computing Coupled( 1 poisson-equation(s) , 1 current-contact-equation(s) , 
                   1 electron-equation(s) , 1 hole-equation(s) ) 
using Bank/Rose nonlinear solver.

Iteration   |Rhs|      factor     |step|     error   #inner  #iterative  time
------------------------------------------------------------------------------
    0      2.01e+01                                                      3.98
    1      1.58e-04   1.00e+00   3.03e-06   8.19e-02    0         1     21.57
Finished, because...
Error smaller than 1 ( 8.1906E-02 ).

Accumulated times:
Assembly time:        9.19 s
Solve time:     12.34 s
Total time:     21.57 s

contact        voltage     electron current    hole current  conduction current
 drain_N      5.000E-02       2.047E-20         7.028E-35        2.047E-20
 drain_P      0.000E+00      -3.749E-33        -2.717E-20       -2.717E-20
 gate         2.000E-01       0.000E+00         0.000E+00        0.000E+00
 source_N     0.000E+00       5.161E-20         4.084E-35        5.161E-20
 source_P     0.000E+00      -3.429E-33         3.900E-20        3.900E-20

Computing step from t=0.2 to t=0.205 (Stepsize: 5.0000e-03) :
Extrapolating values for t = 0.205 ... done.
Computing Coupled( 1 poisson-equation(s) , 1 current-contact-equation(s) , 
                   1 electron-equation(s) , 1 hole-equation(s) ) 
using Bank/Rose nonlinear solver.

Iteration   |Rhs|      factor     |step|     error   #inner  #iterative  time
------------------------------------------------------------------------------
    0      2.00e+01                                                      3.99
    1      1.59e-04   1.00e+00   3.03e-06   8.22e-02    0         1     21.69
Finished, because...
Error smaller than 1 ( 8.2189E-02 ).

Accumulated times:
Assembly time:        9.30 s
Solve time:     12.36 s
Total time:     21.69 s

contact        voltage     electron current    hole current  conduction current
 drain_N      5.000E-02      -3.952E-20         6.590E-35       -3.952E-20
 drain_P      0.000E+00      -4.000E-33        -3.213E-20       -3.213E-20
 gate         2.050E-01       0.000E+00         0.000E+00        0.000E+00
 source_N     0.000E+00       8.780E-21         3.936E-35        8.780E-21
 source_P     0.000E+00      -3.658E-33         5.791E-20        5.791E-20

Computing step from t=0.205 to t=0.21 (Stepsize: 5.0000e-03) :
Extrapolating values for t = 0.21 ... done.
Computing Coupled( 1 poisson-equation(s) , 1 current-contact-equation(s) , 
                   1 electron-equation(s) , 1 hole-equation(s) ) 
using Bank/Rose nonlinear solver.

Iteration   |Rhs|      factor     |step|     error   #inner  #iterative  time
------------------------------------------------------------------------------
    0      2.00e+01                                                      3.99
    1      1.60e-04   1.00e+00   3.03e-06   8.25e-02    0         1     21.38
Finished, because...
Error smaller than 1 ( 8.2466E-02 ).

Accumulated times:
Assembly time:        9.29 s
Solve time:     12.04 s
Total time:     21.38 s

contact        voltage     electron current    hole current  conduction current
 drain_N      5.000E-02      -3.455E-20         6.187E-35       -3.455E-20
 drain_P      0.000E+00      -4.262E-33         1.627E-20        1.627E-20
 gate         2.100E-01       0.000E+00         0.000E+00        0.000E+00
 source_N     0.000E+00      -6.387E-21         3.795E-35       -6.387E-21
 source_P     0.000E+00      -3.898E-33        -5.644E-20       -5.644E-20

Computing step from t=0.21 to t=0.215 (Stepsize: 5.0000e-03) :
Extrapolating values for t = 0.215 ... done.
Computing Coupled( 1 poisson-equation(s) , 1 current-contact-equation(s) , 
                   1 electron-equation(s) , 1 hole-equation(s) ) 
using Bank/Rose nonlinear solver.

Iteration   |Rhs|      factor     |step|     error   #inner  #iterative  time
------------------------------------------------------------------------------
    0      2.00e+01                                                      4.00
    1      1.61e-04   1.00e+00   3.03e-06   8.28e-02    0         1     21.33
Finished, because...
Error smaller than 1 ( 8.2750E-02 ).

Accumulated times:
Assembly time:        9.23 s
Solve time:     12.07 s
Total time:     21.33 s

contact        voltage     electron current    hole current  conduction current
 drain_N      5.000E-02      -5.732E-21         5.817E-35       -5.732E-21
 drain_P      0.000E+00      -4.536E-33         7.331E-20        7.331E-20
 gate         2.150E-01       0.000E+00         0.000E+00        0.000E+00
 source_N     0.000E+00       4.694E-20         3.669E-35        4.694E-20
 source_P     0.000E+00      -4.149E-33         1.381E-20        1.381E-20

Computing step from t=0.215 to t=0.22 (Stepsize: 5.0000e-03) :
Extrapolating values for t = 0.22 ... done.
Computing Coupled( 1 poisson-equation(s) , 1 current-contact-equation(s) , 
                   1 electron-equation(s) , 1 hole-equation(s) ) 
using Bank/Rose nonlinear solver.

Iteration   |Rhs|      factor     |step|     error   #inner  #iterative  time
------------------------------------------------------------------------------
    0      2.00e+01                                                      4.02
    1      1.62e-04   1.00e+00   3.04e-06   8.30e-02    0         1     21.32
Finished, because...
Error smaller than 1 ( 8.3039E-02 ).

Accumulated times:
Assembly time:        9.25 s
Solve time:     12.02 s
Total time:     21.32 s

contact        voltage     electron current    hole current  conduction current
 drain_N      5.000E-02       1.344E-20         5.481E-35        1.344E-20
 drain_P      0.000E+00      -4.822E-33        -5.016E-20       -5.016E-20
 gate         2.200E-01       0.000E+00         0.000E+00        0.000E+00
 source_N     0.000E+00       1.003E-20         3.552E-35        1.003E-20
 source_P     0.000E+00      -4.411E-33         2.854E-20        2.854E-20

Computing step from t=0.22 to t=0.225 (Stepsize: 5.0000e-03) :
Extrapolating values for t = 0.225 ... done.
Computing Coupled( 1 poisson-equation(s) , 1 current-contact-equation(s) , 
                   1 electron-equation(s) , 1 hole-equation(s) ) 
using Bank/Rose nonlinear solver.

Iteration   |Rhs|      factor     |step|     error   #inner  #iterative  time
------------------------------------------------------------------------------
    0      2.00e+01                                                      4.00
    1      1.63e-04   1.00e+00   3.04e-06   8.33e-02    0         1     21.52
Finished, because...
Error smaller than 1 ( 8.3348E-02 ).

Accumulated times:
Assembly time:        9.28 s
Solve time:     12.19 s
Total time:     21.52 s

contact        voltage     electron current    hole current  conduction current
 drain_N      5.000E-02      -4.229E-20         5.172E-35       -4.229E-20
 drain_P      0.000E+00      -5.120E-33         4.950E-20        4.950E-20
 gate         2.250E-01       0.000E+00         0.000E+00        0.000E+00
 source_N     0.000E+00       8.893E-21         3.435E-35        8.893E-21
 source_P     0.000E+00      -4.684E-33        -1.360E-20       -1.360E-20

Computing step from t=0.225 to t=0.23 (Stepsize: 5.0000e-03) :
Extrapolating values for t = 0.23 ... done.
Computing Coupled( 1 poisson-equation(s) , 1 current-contact-equation(s) , 
                   1 electron-equation(s) , 1 hole-equation(s) ) 
using Bank/Rose nonlinear solver.

Iteration   |Rhs|      factor     |step|     error   #inner  #iterative  time
------------------------------------------------------------------------------
    0      2.00e+01                                                      3.99
    1      1.64e-04   1.00e+00   3.04e-06   8.37e-02    0         1     21.26
Finished, because...
Error smaller than 1 ( 8.3668E-02 ).

Accumulated times:
Assembly time:        9.20 s
Solve time:     12.02 s
Total time:     21.26 s

contact        voltage     electron current    hole current  conduction current
 drain_N      5.000E-02      -3.426E-20         4.881E-35       -3.426E-20
 drain_P      0.000E+00      -5.431E-33        -1.951E-20       -1.951E-20
 gate         2.300E-01       0.000E+00         0.000E+00        0.000E+00
 source_N     0.000E+00      -9.083E-21         3.337E-35       -9.083E-21
 source_P     0.000E+00      -4.968E-33        -2.236E-20       -2.236E-20

Computing step from t=0.23 to t=0.235 (Stepsize: 5.0000e-03) :
Extrapolating values for t = 0.235 ... done.
Computing Coupled( 1 poisson-equation(s) , 1 current-contact-equation(s) , 
                   1 electron-equation(s) , 1 hole-equation(s) ) 
using Bank/Rose nonlinear solver.

Iteration   |Rhs|      factor     |step|     error   #inner  #iterative  time
------------------------------------------------------------------------------
    0      2.00e+01                                                      3.96
    1      1.65e-04   1.00e+00   3.04e-06   8.40e-02    0         1     21.20
Finished, because...
Error smaller than 1 ( 8.3994E-02 ).

Accumulated times:
Assembly time:        9.19 s
Solve time:     11.96 s
Total time:     21.20 s

contact        voltage     electron current    hole current  conduction current
 drain_N      5.000E-02      -2.516E-20         4.617E-35       -2.516E-20
 drain_P      0.000E+00      -5.753E-33         6.547E-22        6.547E-22
 gate         2.350E-01       0.000E+00         0.000E+00        0.000E+00
 source_N     0.000E+00      -7.060E-20         3.244E-35       -7.060E-20
 source_P     0.000E+00      -5.262E-33        -3.023E-20       -3.023E-20

Computing step from t=0.235 to t=0.24 (Stepsize: 5.0000e-03) :
Extrapolating values for t = 0.24 ... done.
Computing Coupled( 1 poisson-equation(s) , 1 current-contact-equation(s) , 
                   1 electron-equation(s) , 1 hole-equation(s) ) 
using Bank/Rose nonlinear solver.

Iteration   |Rhs|      factor     |step|     error   #inner  #iterative  time
------------------------------------------------------------------------------
    0      2.00e+01                                                      3.97
    1      1.66e-04   1.00e+00   3.05e-06   8.43e-02    0         1     21.39
Finished, because...
Error smaller than 1 ( 8.4322E-02 ).

Accumulated times:
Assembly time:        9.26 s
Solve time:     12.08 s
Total time:     21.39 s

contact        voltage     electron current    hole current  conduction current
 drain_N      5.000E-02       3.108E-21         4.375E-35        3.108E-21
 drain_P      0.000E+00      -6.087E-33         7.362E-20        7.362E-20
 gate         2.400E-01       0.000E+00         0.000E+00        0.000E+00
 source_N     0.000E+00      -4.126E-20         3.162E-35       -4.126E-20
 source_P     0.000E+00      -5.568E-33        -4.511E-20       -4.511E-20

Computing step from t=0.24 to t=0.245 (Stepsize: 5.0000e-03) :
Extrapolating values for t = 0.245 ... done.
Computing Coupled( 1 poisson-equation(s) , 1 current-contact-equation(s) , 
                   1 electron-equation(s) , 1 hole-equation(s) ) 
using Bank/Rose nonlinear solver.

Iteration   |Rhs|      factor     |step|     error   #inner  #iterative  time
------------------------------------------------------------------------------
    0      2.00e+01                                                      3.98
    1      1.67e-04   1.00e+00   3.05e-06   8.47e-02    0         1     21.26
Finished, because...
Error smaller than 1 ( 8.4661E-02 ).

Accumulated times:
Assembly time:        9.26 s
Solve time:     11.97 s
Total time:     21.26 s

contact        voltage     electron current    hole current  conduction current
 drain_N      5.000E-02      -4.319E-20         4.150E-35       -4.319E-20
 drain_P      0.000E+00      -6.432E-33         3.181E-20        3.181E-20
 gate         2.450E-01       0.000E+00         0.000E+00        0.000E+00
 source_N     0.000E+00      -6.377E-20         3.082E-35       -6.377E-20
 source_P     0.000E+00      -5.884E-33        -6.025E-21       -6.025E-21

Computing step from t=0.245 to t=0.25 (Stepsize: 5.0000e-03) :
Extrapolating values for t = 0.25 ... done.
Computing Coupled( 1 poisson-equation(s) , 1 current-contact-equation(s) , 
                   1 electron-equation(s) , 1 hole-equation(s) ) 
using Bank/Rose nonlinear solver.

Iteration   |Rhs|      factor     |step|     error   #inner  #iterative  time
------------------------------------------------------------------------------
    0      2.00e+01                                                      4.03
    1      1.68e-04   1.00e+00   3.05e-06   8.50e-02    0         1     21.37
Finished, because...
Error smaller than 1 ( 8.5001E-02 ).

Accumulated times:
Assembly time:        9.26 s
Solve time:     12.06 s
Total time:     21.37 s

contact        voltage     electron current    hole current  conduction current
 drain_N      5.000E-02      -5.224E-20         3.947E-35       -5.224E-20
 drain_P      0.000E+00      -6.788E-33         2.814E-20        2.814E-20
 gate         2.500E-01       0.000E+00         0.000E+00        0.000E+00
 source_N     0.000E+00       2.433E-20         3.008E-35        2.433E-20
 source_P     0.000E+00      -6.210E-33        -6.296E-20       -6.296E-20

Computing step from t=0.25 to t=0.255 (Stepsize: 5.0000e-03) :
Extrapolating values for t = 0.255 ... done.
Computing Coupled( 1 poisson-equation(s) , 1 current-contact-equation(s) , 
                   1 electron-equation(s) , 1 hole-equation(s) ) 
using Bank/Rose nonlinear solver.

Iteration   |Rhs|      factor     |step|     error   #inner  #iterative  time
------------------------------------------------------------------------------
    0      2.00e+01                                                      3.97
    1      1.69e-04   1.00e+00   3.05e-06   8.54e-02    0         1     21.40
Finished, because...
Error smaller than 1 ( 8.5352E-02 ).

Accumulated times:
Assembly time:        9.30 s
Solve time:     12.06 s
Total time:     21.40 s

contact        voltage     electron current    hole current  conduction current
 drain_N      5.000E-02       6.878E-20         3.762E-35        6.878E-20
 drain_P      0.000E+00      -7.155E-33         1.748E-20        1.748E-20
 gate         2.550E-01       0.000E+00         0.000E+00        0.000E+00
 source_N     0.000E+00       2.094E-20         2.941E-35        2.094E-20
 source_P     0.000E+00      -6.547E-33        -8.102E-20       -8.102E-20

Computing step from t=0.255 to t=0.26 (Stepsize: 5.0000e-03) :
Extrapolating values for t = 0.26 ... done.
Computing Coupled( 1 poisson-equation(s) , 1 current-contact-equation(s) , 
                   1 electron-equation(s) , 1 hole-equation(s) ) 
using Bank/Rose nonlinear solver.

Iteration   |Rhs|      factor     |step|     error   #inner  #iterative  time
------------------------------------------------------------------------------
    0      2.01e+01                                                      3.96
    1      1.70e-04   1.00e+00   3.06e-06   8.57e-02    0         1     21.17
Finished, because...
Error smaller than 1 ( 8.5703E-02 ).

Accumulated times:
Assembly time:        9.17 s
Solve time:     11.96 s
Total time:     21.17 s

contact        voltage     electron current    hole current  conduction current
 drain_N      5.000E-02      -1.779E-21         3.587E-35       -1.779E-21
 drain_P      0.000E+00      -7.533E-33        -4.432E-20       -4.432E-20
 gate         2.600E-01       0.000E+00         0.000E+00        0.000E+00
 source_N     0.000E+00       2.771E-20         2.880E-35        2.771E-20
 source_P     0.000E+00      -6.893E-33        -2.268E-20       -2.268E-20

Computing step from t=0.26 to t=0.265 (Stepsize: 5.0000e-03) :
Extrapolating values for t = 0.265 ... done.
Computing Coupled( 1 poisson-equation(s) , 1 current-contact-equation(s) , 
                   1 electron-equation(s) , 1 hole-equation(s) ) 
using Bank/Rose nonlinear solver.

Iteration   |Rhs|      factor     |step|     error   #inner  #iterative  time
------------------------------------------------------------------------------
    0      2.01e+01                                                      3.98
    1      1.71e-04   1.00e+00   3.06e-06   8.61e-02    0         1     21.25
Finished, because...
Error smaller than 1 ( 8.6060E-02 ).

Accumulated times:
Assembly time:        9.22 s
Solve time:     11.99 s
Total time:     21.25 s

contact        voltage     electron current    hole current  conduction current
 drain_N      5.000E-02       6.751E-20         3.427E-35        6.751E-20
 drain_P      0.000E+00      -7.921E-33         3.401E-21        3.401E-21
 gate         2.650E-01       0.000E+00         0.000E+00        0.000E+00
 source_N     0.000E+00      -2.147E-20         2.818E-35       -2.147E-20
 source_P     0.000E+00      -7.248E-33        -1.645E-20       -1.645E-20

Computing step from t=0.265 to t=0.27 (Stepsize: 5.0000e-03) :
Extrapolating values for t = 0.27 ... done.
Computing Coupled( 1 poisson-equation(s) , 1 current-contact-equation(s) , 
                   1 electron-equation(s) , 1 hole-equation(s) ) 
using Bank/Rose nonlinear solver.

Iteration   |Rhs|      factor     |step|     error   #inner  #iterative  time
------------------------------------------------------------------------------
    0      2.02e+01                                                      4.01
    1      1.72e-04   1.00e+00   3.06e-06   8.64e-02    0         1     21.47
Finished, because...
Error smaller than 1 ( 8.6425E-02 ).

Accumulated times:
Assembly time:        9.30 s
Solve time:     12.14 s
Total time:     21.47 s

contact        voltage     electron current    hole current  conduction current
 drain_N      5.000E-02      -4.389E-20         3.277E-35       -4.389E-20
 drain_P      0.000E+00      -8.316E-33        -2.195E-20       -2.195E-20
 gate         2.700E-01       0.000E+00         0.000E+00        0.000E+00
 source_N     0.000E+00       4.902E-20         2.766E-35        4.902E-20
 source_P     0.000E+00      -7.610E-33        -3.197E-20       -3.197E-20

Computing step from t=0.27 to t=0.275 (Stepsize: 5.0000e-03) :
Extrapolating values for t = 0.275 ... done.
Computing Coupled( 1 poisson-equation(s) , 1 current-contact-equation(s) , 
                   1 electron-equation(s) , 1 hole-equation(s) ) 
using Bank/Rose nonlinear solver.

Iteration   |Rhs|      factor     |step|     error   #inner  #iterative  time
------------------------------------------------------------------------------
    0      2.02e+01                                                      3.97
    1      1.73e-04   1.00e+00   3.07e-06   8.68e-02    0         1     21.20
Finished, because...
Error smaller than 1 ( 8.6798E-02 ).

Accumulated times:
Assembly time:        9.16 s
Solve time:     12.00 s
Total time:     21.20 s

contact        voltage     electron current    hole current  conduction current
 drain_N      5.000E-02      -3.317E-20         3.145E-35       -3.317E-20
 drain_P      0.000E+00      -8.721E-33         3.435E-20        3.435E-20
 gate         2.750E-01       0.000E+00         0.000E+00        0.000E+00
 source_N     0.000E+00      -3.754E-20         2.714E-35       -3.754E-20
 source_P     0.000E+00      -7.981E-33        -2.701E-20       -2.701E-20

Computing step from t=0.275 to t=0.28 (Stepsize: 5.0000e-03) :
Extrapolating values for t = 0.28 ... done.
Computing Coupled( 1 poisson-equation(s) , 1 current-contact-equation(s) , 
                   1 electron-equation(s) , 1 hole-equation(s) ) 
using Bank/Rose nonlinear solver.

Iteration   |Rhs|      factor     |step|     error   #inner  #iterative  time
------------------------------------------------------------------------------
    0      2.03e+01                                                      3.99
    1      1.73e-04   1.00e+00   3.07e-06   8.72e-02    0         1     21.23
Finished, because...
Error smaller than 1 ( 8.7178E-02 ).

Accumulated times:
Assembly time:        9.23 s
Solve time:     11.97 s
Total time:     21.23 s

contact        voltage     electron current    hole current  conduction current
 drain_N      5.000E-02       3.240E-20         3.020E-35        3.240E-20
 drain_P      0.000E+00      -9.135E-33        -2.127E-20       -2.127E-20
 gate         2.800E-01       0.000E+00         0.000E+00        0.000E+00
 source_N     0.000E+00       2.202E-20         2.671E-35        2.202E-20
 source_P     0.000E+00      -8.361E-33         3.545E-20        3.545E-20

Computing step from t=0.28 to t=0.285 (Stepsize: 5.0000e-03) :
Extrapolating values for t = 0.285 ... done.
Computing Coupled( 1 poisson-equation(s) , 1 current-contact-equation(s) , 
                   1 electron-equation(s) , 1 hole-equation(s) ) 
using Bank/Rose nonlinear solver.

Iteration   |Rhs|      factor     |step|     error   #inner  #iterative  time
------------------------------------------------------------------------------
    0      2.03e+01                                                      3.98
    1      1.74e-04   1.00e+00   3.07e-06   8.76e-02    0         1     21.28
Finished, because...
Error smaller than 1 ( 8.7569E-02 ).

Accumulated times:
Assembly time:        9.24 s
Solve time:     12.01 s
Total time:     21.28 s

contact        voltage     electron current    hole current  conduction current
 drain_N      5.000E-02      -4.900E-21         2.902E-35       -4.900E-21
 drain_P      0.000E+00      -9.556E-33         3.397E-20        3.397E-20
 gate         2.850E-01       0.000E+00         0.000E+00        0.000E+00
 source_N     0.000E+00       4.049E-20         2.627E-35        4.049E-20
 source_P     0.000E+00      -8.746E-33         9.011E-21        9.011E-21

Computing step from t=0.285 to t=0.29 (Stepsize: 5.0000e-03) :
Extrapolating values for t = 0.29 ... done.
Computing Coupled( 1 poisson-equation(s) , 1 current-contact-equation(s) , 
                   1 electron-equation(s) , 1 hole-equation(s) ) 
using Bank/Rose nonlinear solver.

Iteration   |Rhs|      factor     |step|     error   #inner  #iterative  time
------------------------------------------------------------------------------
    0      2.03e+01                                                      4.01
    1      1.75e-04   1.00e+00   3.07e-06   8.80e-02    0         1     21.29
Finished, because...
Error smaller than 1 ( 8.7968E-02 ).

Accumulated times:
Assembly time:        9.23 s
Solve time:     12.02 s
Total time:     21.29 s

contact        voltage     electron current    hole current  conduction current
 drain_N      5.000E-02      -3.762E-20         2.795E-35       -3.762E-20
 drain_P      0.000E+00      -9.985E-33         3.594E-20        3.594E-20
 gate         2.900E-01       0.000E+00         0.000E+00        0.000E+00
 source_N     0.000E+00       2.884E-20         2.586E-35        2.884E-20
 source_P     0.000E+00      -9.140E-33         4.072E-20        4.072E-20

Computing step from t=0.29 to t=0.295 (Stepsize: 5.0000e-03) :
Extrapolating values for t = 0.295 ... done.
Computing Coupled( 1 poisson-equation(s) , 1 current-contact-equation(s) , 
                   1 electron-equation(s) , 1 hole-equation(s) ) 
using Bank/Rose nonlinear solver.

Iteration   |Rhs|      factor     |step|     error   #inner  #iterative  time
------------------------------------------------------------------------------
    0      2.04e+01                                                      4.01
    1      1.76e-04   1.00e+00   3.08e-06   8.84e-02    0         1     21.23
Finished, because...
Error smaller than 1 ( 8.8373E-02 ).

Accumulated times:
Assembly time:        9.24 s
Solve time:     11.95 s
Total time:     21.23 s

contact        voltage     electron current    hole current  conduction current
 drain_N      5.000E-02       5.282E-20         2.699E-35        5.282E-20
 drain_P      0.000E+00      -1.042E-32        -2.615E-20       -2.615E-20
 gate         2.950E-01       0.000E+00         0.000E+00        0.000E+00
 source_N     0.000E+00      -5.886E-20         2.546E-35       -5.886E-20
 source_P     0.000E+00      -9.539E-33        -9.726E-21       -9.726E-21

Computing step from t=0.295 to t=0.3 (Stepsize: 5.0000e-03) :
Extrapolating values for t = 0.3 ... done.
Computing Coupled( 1 poisson-equation(s) , 1 current-contact-equation(s) , 
                   1 electron-equation(s) , 1 hole-equation(s) ) 
using Bank/Rose nonlinear solver.

Iteration   |Rhs|      factor     |step|     error   #inner  #iterative  time
------------------------------------------------------------------------------
    0      2.04e+01                                                      3.96
    1      1.77e-04   1.00e+00   3.08e-06   8.88e-02    0         1     21.23
Finished, because...
Error smaller than 1 ( 8.8779E-02 ).

Accumulated times:
Assembly time:        9.21 s
Solve time:     11.97 s
Total time:     21.23 s

contact        voltage     electron current    hole current  conduction current
 drain_N      5.000E-02       3.190E-20         2.608E-35        3.190E-20
 drain_P      0.000E+00      -1.086E-32         5.039E-20        5.039E-20
 gate         3.000E-01       0.000E+00         0.000E+00        0.000E+00
 source_N     0.000E+00      -4.674E-21         2.514E-35       -4.674E-21
 source_P     0.000E+00      -9.944E-33         7.931E-21        7.931E-21

Computing step from t=0.3 to t=0.305 (Stepsize: 5.0000e-03) :
Extrapolating values for t = 0.305 ... done.
Computing Coupled( 1 poisson-equation(s) , 1 current-contact-equation(s) , 
                   1 electron-equation(s) , 1 hole-equation(s) ) 
using Bank/Rose nonlinear solver.

Iteration   |Rhs|      factor     |step|     error   #inner  #iterative  time
------------------------------------------------------------------------------
    0      2.05e+01                                                      4.06
    1      1.78e-04   1.00e+00   3.08e-06   8.92e-02    0         1     21.29
Finished, because...
Error smaller than 1 ( 8.9199E-02 ).

Accumulated times:
Assembly time:        9.27 s
Solve time:     11.97 s
Total time:     21.29 s

contact        voltage     electron current    hole current  conduction current
 drain_N      5.000E-02       5.047E-20         2.524E-35        5.047E-20
 drain_P      0.000E+00      -1.131E-32         1.035E-20        1.035E-20
 gate         3.050E-01       0.000E+00         0.000E+00        0.000E+00
 source_N     0.000E+00      -5.246E-20         2.482E-35       -5.246E-20
 source_P     0.000E+00      -1.035E-32        -8.008E-21       -8.008E-21

Computing step from t=0.305 to t=0.31 (Stepsize: 5.0000e-03) :
Extrapolating values for t = 0.31 ... done.
Computing Coupled( 1 poisson-equation(s) , 1 current-contact-equation(s) , 
                   1 electron-equation(s) , 1 hole-equation(s) ) 
using Bank/Rose nonlinear solver.

Iteration   |Rhs|      factor     |step|     error   #inner  #iterative  time
------------------------------------------------------------------------------
    0      2.06e+01                                                      3.99
    1      1.79e-04   1.00e+00   3.09e-06   8.96e-02    0         1     21.27
Finished, because...
Error smaller than 1 ( 8.9632E-02 ).

Accumulated times:
Assembly time:        9.24 s
Solve time:     11.99 s
Total time:     21.27 s

contact        voltage     electron current    hole current  conduction current
 drain_N      5.000E-02      -1.425E-20         2.440E-35       -1.425E-20
 drain_P      0.000E+00      -1.176E-32         9.231E-21        9.231E-21
 gate         3.100E-01       0.000E+00         0.000E+00        0.000E+00
 source_N     0.000E+00       7.367E-20         2.452E-35        7.367E-20
 source_P     0.000E+00      -1.077E-32         2.387E-20        2.387E-20

Computing step from t=0.31 to t=0.315 (Stepsize: 5.0000e-03) :
Extrapolating values for t = 0.315 ... done.
Computing Coupled( 1 poisson-equation(s) , 1 current-contact-equation(s) , 
                   1 electron-equation(s) , 1 hole-equation(s) ) 
using Bank/Rose nonlinear solver.

Iteration   |Rhs|      factor     |step|     error   #inner  #iterative  time
------------------------------------------------------------------------------
    0      2.06e+01                                                      4.00
    1      1.80e-04   1.00e+00   3.09e-06   9.01e-02    0         1     21.55
Finished, because...
Error smaller than 1 ( 9.0067E-02 ).

Accumulated times:
Assembly time:        9.28 s
Solve time:     12.23 s
Total time:     21.55 s

contact        voltage     electron current    hole current  conduction current
 drain_N      5.000E-02      -2.827E-20         2.370E-35       -2.827E-20
 drain_P      0.000E+00      -1.221E-32        -5.028E-20       -5.028E-20
 gate         3.150E-01       0.000E+00         0.000E+00        0.000E+00
 source_N     0.000E+00       7.459E-20         2.424E-35        7.459E-20
 source_P     0.000E+00      -1.119E-32        -4.262E-20       -4.262E-20

Computing step from t=0.315 to t=0.32 (Stepsize: 5.0000e-03) :
Extrapolating values for t = 0.32 ... done.
Computing Coupled( 1 poisson-equation(s) , 1 current-contact-equation(s) , 
                   1 electron-equation(s) , 1 hole-equation(s) ) 
using Bank/Rose nonlinear solver.

Iteration   |Rhs|      factor     |step|     error   #inner  #iterative  time
------------------------------------------------------------------------------
    0      2.07e+01                                                      3.97
    1      1.81e-04   1.00e+00   3.10e-06   9.05e-02    0         1     21.15
Finished, because...
Error smaller than 1 ( 9.0505E-02 ).

Accumulated times:
Assembly time:        9.19 s
Solve time:     11.92 s
Total time:     21.15 s

contact        voltage     electron current    hole current  conduction current
 drain_N      5.000E-02       2.089E-20         2.305E-35        2.089E-20
 drain_P      0.000E+00      -1.267E-32        -4.326E-20       -4.326E-20
 gate         3.200E-01       0.000E+00         0.000E+00        0.000E+00
 source_N     0.000E+00      -4.100E-20         2.395E-35       -4.100E-20
 source_P     0.000E+00      -1.161E-32         5.767E-20        5.767E-20

Computing step from t=0.32 to t=0.325 (Stepsize: 5.0000e-03) :
Extrapolating values for t = 0.325 ... done.
Computing Coupled( 1 poisson-equation(s) , 1 current-contact-equation(s) , 
                   1 electron-equation(s) , 1 hole-equation(s) ) 
using Bank/Rose nonlinear solver.

Iteration   |Rhs|      factor     |step|     error   #inner  #iterative  time
------------------------------------------------------------------------------
    0      2.07e+01                                                      3.97
    1      1.82e-04   1.00e+00   3.10e-06   9.09e-02    0         1     21.30
Finished, because...
Error smaller than 1 ( 9.0949E-02 ).

Accumulated times:
Assembly time:        9.23 s
Solve time:     12.03 s
Total time:     21.30 s

contact        voltage     electron current    hole current  conduction current
 drain_N      5.000E-02      -1.924E-20         2.245E-35       -1.924E-20
 drain_P      0.000E+00      -1.313E-32         3.670E-20        3.670E-20
 gate         3.250E-01       0.000E+00         0.000E+00        0.000E+00
 source_N     0.000E+00      -1.715E-20         2.371E-35       -1.715E-20
 source_P     0.000E+00      -1.203E-32         2.668E-20        2.668E-20

Computing step from t=0.325 to t=0.33 (Stepsize: 5.0000e-03) :
Extrapolating values for t = 0.33 ... done.
Computing Coupled( 1 poisson-equation(s) , 1 current-contact-equation(s) , 
                   1 electron-equation(s) , 1 hole-equation(s) ) 
using Bank/Rose nonlinear solver.

Iteration   |Rhs|      factor     |step|     error   #inner  #iterative  time
------------------------------------------------------------------------------
    0      2.08e+01                                                      3.99
    1      1.83e-04   1.00e+00   3.10e-06   9.14e-02    0         1     21.19
Finished, because...
Error smaller than 1 ( 9.1403E-02 ).

Accumulated times:
Assembly time:        9.24 s
Solve time:     11.93 s
Total time:     21.19 s

contact        voltage     electron current    hole current  conduction current
 drain_N      5.000E-02      -2.899E-20         2.186E-35       -2.899E-20
 drain_P      0.000E+00      -1.360E-32        -7.505E-20       -7.505E-20
 gate         3.300E-01       0.000E+00         0.000E+00        0.000E+00
 source_N     0.000E+00      -1.439E-20         2.351E-35       -1.439E-20
 source_P     0.000E+00      -1.246E-32        -3.505E-20       -3.505E-20

Computing step from t=0.33 to t=0.335 (Stepsize: 5.0000e-03) :
Extrapolating values for t = 0.335 ... done.
Computing Coupled( 1 poisson-equation(s) , 1 current-contact-equation(s) , 
                   1 electron-equation(s) , 1 hole-equation(s) ) 
using Bank/Rose nonlinear solver.

Iteration   |Rhs|      factor     |step|     error   #inner  #iterative  time
------------------------------------------------------------------------------
    0      2.09e+01                                                      3.96
    1      1.84e-04   1.00e+00   3.11e-06   9.19e-02    0         1     21.11
Finished, because...
Error smaller than 1 ( 9.1864E-02 ).

Accumulated times:
Assembly time:        9.17 s
Solve time:     11.91 s
Total time:     21.11 s

contact        voltage     electron current    hole current  conduction current
 drain_N      5.000E-02       7.962E-21         2.134E-35        7.962E-21
 drain_P      0.000E+00      -1.406E-32         7.556E-20        7.556E-20
 gate         3.350E-01       0.000E+00         0.000E+00        0.000E+00
 source_N     0.000E+00      -9.589E-22         2.331E-35       -9.589E-22
 source_P     0.000E+00      -1.289E-32         4.373E-20        4.373E-20

Computing step from t=0.335 to t=0.34 (Stepsize: 5.0000e-03) :
Extrapolating values for t = 0.34 ... done.
Computing Coupled( 1 poisson-equation(s) , 1 current-contact-equation(s) , 
                   1 electron-equation(s) , 1 hole-equation(s) ) 
using Bank/Rose nonlinear solver.

Iteration   |Rhs|      factor     |step|     error   #inner  #iterative  time
------------------------------------------------------------------------------
    0      2.09e+01                                                      3.97
    1      1.85e-04   1.00e+00   3.11e-06   9.23e-02    0         1     21.14
Finished, because...
Error smaller than 1 ( 9.2329E-02 ).

Accumulated times:
Assembly time:        9.20 s
Solve time:     11.91 s
Total time:     21.14 s

contact        voltage     electron current    hole current  conduction current
 drain_N      5.000E-02       2.458E-20         2.082E-35        2.458E-20
 drain_P      0.000E+00      -1.452E-32         5.609E-20        5.609E-20
 gate         3.400E-01       0.000E+00         0.000E+00        0.000E+00
 source_N     0.000E+00       2.089E-20         2.310E-35        2.089E-20
 source_P     0.000E+00      -1.331E-32        -3.339E-21       -3.339E-21

Computing step from t=0.34 to t=0.345 (Stepsize: 5.0000e-03) :
Extrapolating values for t = 0.345 ... done.
Computing Coupled( 1 poisson-equation(s) , 1 current-contact-equation(s) , 
                   1 electron-equation(s) , 1 hole-equation(s) ) 
using Bank/Rose nonlinear solver.

Iteration   |Rhs|      factor     |step|     error   #inner  #iterative  time
------------------------------------------------------------------------------
    0      2.10e+01                                                      3.97
    1      1.86e-04   1.00e+00   3.11e-06   9.28e-02    0         1     21.23
Finished, because...
Error smaller than 1 ( 9.2806E-02 ).

Accumulated times:
Assembly time:        9.25 s
Solve time:     11.94 s
Total time:     21.23 s

contact        voltage     electron current    hole current  conduction current
 drain_N      5.000E-02      -3.539E-20         2.039E-35       -3.539E-20
 drain_P      0.000E+00      -1.499E-32        -1.204E-20       -1.204E-20
 gate         3.450E-01       0.000E+00         0.000E+00        0.000E+00
 source_N     0.000E+00       1.709E-20         2.293E-35        1.709E-20
 source_P     0.000E+00      -1.374E-32         2.245E-20        2.245E-20

Computing step from t=0.345 to t=0.35 (Stepsize: 5.0000e-03) :
Extrapolating values for t = 0.35 ... done.
Computing Coupled( 1 poisson-equation(s) , 1 current-contact-equation(s) , 
                   1 electron-equation(s) , 1 hole-equation(s) ) 
using Bank/Rose nonlinear solver.

Iteration   |Rhs|      factor     |step|     error   #inner  #iterative  time
------------------------------------------------------------------------------
    0      2.11e+01                                                      3.97
    1      1.87e-04   1.00e+00   3.12e-06   9.33e-02    0         1     21.05
Finished, because...
Error smaller than 1 ( 9.3291E-02 ).

Accumulated times:
Assembly time:        9.17 s
Solve time:     11.85 s
Total time:     21.05 s

contact        voltage     electron current    hole current  conduction current
 drain_N      5.000E-02       3.633E-21         1.992E-35        3.633E-21
 drain_P      0.000E+00      -1.545E-32        -4.490E-20       -4.490E-20
 gate         3.500E-01       0.000E+00         0.000E+00        0.000E+00
 source_N     0.000E+00      -5.973E-21         2.273E-35       -5.973E-21
 source_P     0.000E+00      -1.417E-32        -2.616E-20       -2.616E-20

Computing step from t=0.35 to t=0.355 (Stepsize: 5.0000e-03) :
Extrapolating values for t = 0.355 ... done.
Computing Coupled( 1 poisson-equation(s) , 1 current-contact-equation(s) , 
                   1 electron-equation(s) , 1 hole-equation(s) ) 
using Bank/Rose nonlinear solver.

Iteration   |Rhs|      factor     |step|     error   #inner  #iterative  time
------------------------------------------------------------------------------
    0      2.11e+01                                                      4.06
    1      1.88e-04   1.00e+00   3.12e-06   9.38e-02    0         1     21.30
Finished, because...
Error smaller than 1 ( 9.3778E-02 ).

Accumulated times:
Assembly time:        9.31 s
Solve time:     11.95 s
Total time:     21.30 s

contact        voltage     electron current    hole current  conduction current
 drain_N      5.000E-02       3.629E-20         1.956E-35        3.629E-20
 drain_P      0.000E+00      -1.591E-32         3.468E-20        3.468E-20
 gate         3.550E-01       0.000E+00         0.000E+00        0.000E+00
 source_N     0.000E+00      -3.221E-20         2.256E-35       -3.221E-20
 source_P     0.000E+00      -1.460E-32        -2.606E-20       -2.606E-20

Computing step from t=0.355 to t=0.36 (Stepsize: 5.0000e-03) :
Extrapolating values for t = 0.36 ... done.
Computing Coupled( 1 poisson-equation(s) , 1 current-contact-equation(s) , 
                   1 electron-equation(s) , 1 hole-equation(s) ) 
using Bank/Rose nonlinear solver.

Iteration   |Rhs|      factor     |step|     error   #inner  #iterative  time
------------------------------------------------------------------------------
    0      2.12e+01                                                      4.01
    1      1.89e-04   1.00e+00   3.13e-06   9.43e-02    0         1     21.27
Finished, because...
Error smaller than 1 ( 9.4269E-02 ).

Accumulated times:
Assembly time:        9.28 s
Solve time:     11.97 s
Total time:     21.27 s

contact        voltage     electron current    hole current  conduction current
 drain_N      5.000E-02       3.131E-20         1.919E-35        3.131E-20
 drain_P      0.000E+00      -1.637E-32        -3.959E-20       -3.959E-20
 gate         3.600E-01       0.000E+00         0.000E+00        0.000E+00
 source_N     0.000E+00       8.106E-20         2.243E-35        8.106E-20
 source_P     0.000E+00      -1.502E-32        -2.723E-20       -2.723E-20

Computing step from t=0.36 to t=0.365 (Stepsize: 5.0000e-03) :
Extrapolating values for t = 0.365 ... done.
Computing Coupled( 1 poisson-equation(s) , 1 current-contact-equation(s) , 
                   1 electron-equation(s) , 1 hole-equation(s) ) 
using Bank/Rose nonlinear solver.

Iteration   |Rhs|      factor     |step|     error   #inner  #iterative  time
------------------------------------------------------------------------------
    0      2.13e+01                                                      3.98
    1      1.90e-04   1.00e+00   3.13e-06   9.48e-02    0         1     21.08
Finished, because...
Error smaller than 1 ( 9.4766E-02 ).

Accumulated times:
Assembly time:        9.16 s
Solve time:     11.88 s
Total time:     21.08 s

contact        voltage     electron current    hole current  conduction current
 drain_N      5.000E-02       4.263E-20         1.883E-35        4.263E-20
 drain_P      0.000E+00      -1.683E-32        -3.427E-20       -3.427E-20
 gate         3.650E-01       0.000E+00         0.000E+00        0.000E+00
 source_N     0.000E+00      -2.041E-20         2.228E-35       -2.041E-20
 source_P     0.000E+00      -1.545E-32         4.323E-20        4.323E-20

Computing step from t=0.365 to t=0.37 (Stepsize: 5.0000e-03) :
Extrapolating values for t = 0.37 ... done.
Computing Coupled( 1 poisson-equation(s) , 1 current-contact-equation(s) , 
                   1 electron-equation(s) , 1 hole-equation(s) ) 
using Bank/Rose nonlinear solver.

Iteration   |Rhs|      factor     |step|     error   #inner  #iterative  time
------------------------------------------------------------------------------
    0      2.13e+01                                                      4.00
    1      1.91e-04   1.00e+00   3.13e-06   9.53e-02    0         1     21.24
Finished, because...
Error smaller than 1 ( 9.5267E-02 ).

Accumulated times:
Assembly time:        9.22 s
Solve time:     11.97 s
Total time:     21.24 s

contact        voltage     electron current    hole current  conduction current
 drain_N      5.000E-02      -2.602E-20         1.855E-35       -2.602E-20
 drain_P      0.000E+00      -1.729E-32        -1.078E-19       -1.078E-19
 gate         3.700E-01       0.000E+00         0.000E+00        0.000E+00
 source_N     0.000E+00       4.462E-20         2.218E-35        4.462E-20
 source_P     0.000E+00      -1.587E-32        -1.100E-19       -1.100E-19

Computing step from t=0.37 to t=0.375 (Stepsize: 5.0000e-03) :
Extrapolating values for t = 0.375 ... done.
Computing Coupled( 1 poisson-equation(s) , 1 current-contact-equation(s) , 
                   1 electron-equation(s) , 1 hole-equation(s) ) 
using Bank/Rose nonlinear solver.

Iteration   |Rhs|      factor     |step|     error   #inner  #iterative  time
------------------------------------------------------------------------------
    0      2.14e+01                                                      3.97
    1      1.92e-04   1.00e+00   3.14e-06   9.58e-02    0         1     21.20
Finished, because...
Error smaller than 1 ( 9.5774E-02 ).

Accumulated times:
Assembly time:        9.20 s
Solve time:     11.96 s
Total time:     21.20 s

contact        voltage     electron current    hole current  conduction current
 drain_N      5.000E-02      -2.007E-20         1.822E-35       -2.007E-20
 drain_P      0.000E+00      -1.774E-32        -3.729E-20       -3.729E-20
 gate         3.750E-01       0.000E+00         0.000E+00        0.000E+00
 source_N     0.000E+00      -8.101E-21         2.206E-35       -8.101E-21
 source_P     0.000E+00      -1.629E-32         4.450E-20        4.450E-20

Computing step from t=0.375 to t=0.38 (Stepsize: 5.0000e-03) :
Extrapolating values for t = 0.38 ... done.
Computing Coupled( 1 poisson-equation(s) , 1 current-contact-equation(s) , 
                   1 electron-equation(s) , 1 hole-equation(s) ) 
using Bank/Rose nonlinear solver.

Iteration   |Rhs|      factor     |step|     error   #inner  #iterative  time
------------------------------------------------------------------------------
    0      2.15e+01                                                      3.95
    1      1.92e-04   1.00e+00   3.14e-06   9.63e-02    0         1     21.12
Finished, because...
Error smaller than 1 ( 9.6288E-02 ).

Accumulated times:
Assembly time:        9.19 s
Solve time:     11.91 s
Total time:     21.12 s

contact        voltage     electron current    hole current  conduction current
 drain_N      5.000E-02      -1.199E-20         1.794E-35       -1.199E-20
 drain_P      0.000E+00      -1.820E-32        -5.845E-21       -5.845E-21
 gate         3.800E-01       0.000E+00         0.000E+00        0.000E+00
 source_N     0.000E+00      -2.740E-20         2.192E-35       -2.740E-20
 source_P     0.000E+00      -1.670E-32         3.705E-20        3.705E-20

Computing step from t=0.38 to t=0.385 (Stepsize: 5.0000e-03) :
Extrapolating values for t = 0.385 ... done.
Computing Coupled( 1 poisson-equation(s) , 1 current-contact-equation(s) , 
                   1 electron-equation(s) , 1 hole-equation(s) ) 
using Bank/Rose nonlinear solver.

Iteration   |Rhs|      factor     |step|     error   #inner  #iterative  time
------------------------------------------------------------------------------
    0      2.15e+01                                                      3.98
    1      1.93e-04   1.00e+00   3.14e-06   9.68e-02    0         1     21.14
Finished, because...
Error smaller than 1 ( 9.6810E-02 ).

Accumulated times:
Assembly time:        9.20 s
Solve time:     11.88 s
Total time:     21.14 s

contact        voltage     electron current    hole current  conduction current
 drain_N      5.000E-02      -7.723E-20         1.768E-35       -7.723E-20
 drain_P      0.000E+00      -1.865E-32         4.696E-20        4.696E-20
 gate         3.850E-01       0.000E+00         0.000E+00        0.000E+00
 source_N     0.000E+00       7.217E-21         2.178E-35        7.217E-21
 source_P     0.000E+00      -1.712E-32         4.696E-20        4.696E-20

Computing step from t=0.385 to t=0.39 (Stepsize: 5.0000e-03) :
Extrapolating values for t = 0.39 ... done.
Computing Coupled( 1 poisson-equation(s) , 1 current-contact-equation(s) , 
                   1 electron-equation(s) , 1 hole-equation(s) ) 
using Bank/Rose nonlinear solver.

Iteration   |Rhs|      factor     |step|     error   #inner  #iterative  time
------------------------------------------------------------------------------
    0      2.16e+01                                                      3.98
    1      1.94e-04   1.00e+00   3.15e-06   9.73e-02    0         1     21.21
Finished, because...
Error smaller than 1 ( 9.7340E-02 ).

Accumulated times:
Assembly time:        9.23 s
Solve time:     11.94 s
Total time:     21.21 s

contact        voltage     electron current    hole current  conduction current
 drain_N      5.000E-02      -6.009E-22         1.749E-35       -6.009E-22
 drain_P      0.000E+00      -1.909E-32         4.215E-21        4.215E-21
 gate         3.900E-01       0.000E+00         0.000E+00        0.000E+00
 source_N     0.000E+00      -1.523E-20         2.168E-35       -1.523E-20
 source_P     0.000E+00      -1.753E-32        -2.990E-20       -2.990E-20

Computing step from t=0.39 to t=0.395 (Stepsize: 5.0000e-03) :
Extrapolating values for t = 0.395 ... done.
Computing Coupled( 1 poisson-equation(s) , 1 current-contact-equation(s) , 
                   1 electron-equation(s) , 1 hole-equation(s) ) 
using Bank/Rose nonlinear solver.

Iteration   |Rhs|      factor     |step|     error   #inner  #iterative  time
------------------------------------------------------------------------------
    0      2.16e+01                                                      3.97
    1      1.95e-04   1.00e+00   3.15e-06   9.79e-02    0         1     21.15
Finished, because...
Error smaller than 1 ( 9.7873E-02 ).

Accumulated times:
Assembly time:        9.19 s
Solve time:     11.93 s
Total time:     21.15 s

contact        voltage     electron current    hole current  conduction current
 drain_N      5.000E-02       2.148E-20         1.723E-35        2.148E-20
 drain_P      0.000E+00      -1.953E-32        -1.971E-20       -1.971E-20
 gate         3.950E-01       0.000E+00         0.000E+00        0.000E+00
 source_N     0.000E+00       1.200E-20         2.162E-35        1.200E-20
 source_P     0.000E+00      -1.794E-32        -5.065E-20       -5.065E-20

Computing step from t=0.395 to t=0.4 (Stepsize: 5.0000e-03) :
Extrapolating values for t = 0.4 ... done.
Computing Coupled( 1 poisson-equation(s) , 1 current-contact-equation(s) , 
                   1 electron-equation(s) , 1 hole-equation(s) ) 
using Bank/Rose nonlinear solver.

Iteration   |Rhs|      factor     |step|     error   #inner  #iterative  time
------------------------------------------------------------------------------
    0      2.17e+01                                                      3.97
    1      1.96e-04   1.00e+00   3.16e-06   9.84e-02    0         1     21.09
Finished, because...
Error smaller than 1 ( 9.8409E-02 ).

Accumulated times:
Assembly time:        9.20 s
Solve time:     11.84 s
Total time:     21.09 s

contact        voltage     electron current    hole current  conduction current
 drain_N      5.000E-02      -5.371E-20         1.700E-35       -5.371E-20
 drain_P      0.000E+00      -1.996E-32        -4.595E-21       -4.595E-21
 gate         4.000E-01       0.000E+00         0.000E+00        0.000E+00
 source_N     0.000E+00      -2.364E-21         2.151E-35       -2.364E-21
 source_P     0.000E+00      -1.834E-32         7.610E-21        7.610E-21

Computing step from t=0.4 to t=0.405 (Stepsize: 5.0000e-03) :
Extrapolating values for t = 0.405 ... done.
Computing Coupled( 1 poisson-equation(s) , 1 current-contact-equation(s) , 
                   1 electron-equation(s) , 1 hole-equation(s) ) 
using Bank/Rose nonlinear solver.

Iteration   |Rhs|      factor     |step|     error   #inner  #iterative  time
------------------------------------------------------------------------------
    0      2.18e+01                                                      3.96
    1      1.97e-04   1.00e+00   3.16e-06   9.90e-02    0         1     21.23
Finished, because...
Error smaller than 1 ( 9.8951E-02 ).

Accumulated times:
Assembly time:        9.24 s
Solve time:     11.95 s
Total time:     21.23 s

contact        voltage     electron current    hole current  conduction current
 drain_N      5.000E-02       1.693E-20         1.683E-35        1.693E-20
 drain_P      0.000E+00      -2.039E-32         1.578E-20        1.578E-20
 gate         4.050E-01       0.000E+00         0.000E+00        0.000E+00
 source_N     0.000E+00       2.067E-20         2.140E-35        2.067E-20
 source_P     0.000E+00      -1.874E-32        -1.599E-20       -1.599E-20

Computing step from t=0.405 to t=0.41 (Stepsize: 5.0000e-03) :
Extrapolating values for t = 0.41 ... done.
Computing Coupled( 1 poisson-equation(s) , 1 current-contact-equation(s) , 
                   1 electron-equation(s) , 1 hole-equation(s) ) 
using Bank/Rose nonlinear solver.

Iteration   |Rhs|      factor     |step|     error   #inner  #iterative  time
------------------------------------------------------------------------------
    0      2.18e+01                                                      3.96
    1      1.98e-04   1.00e+00   3.17e-06   9.95e-02    0         1     21.22
Finished, because...
Error smaller than 1 ( 9.9510E-02 ).

Accumulated times:
Assembly time:        9.21 s
Solve time:     11.98 s
Total time:     21.22 s

contact        voltage     electron current    hole current  conduction current
 drain_N      5.000E-02      -5.949E-20         1.665E-35       -5.949E-20
 drain_P      0.000E+00      -2.082E-32        -8.194E-20       -8.194E-20
 gate         4.100E-01       0.000E+00         0.000E+00        0.000E+00
 source_N     0.000E+00       1.086E-20         2.137E-35        1.086E-20
 source_P     0.000E+00      -1.913E-32        -8.690E-22       -8.690E-22

Computing step from t=0.41 to t=0.415 (Stepsize: 5.0000e-03) :
Extrapolating values for t = 0.415 ... done.
Computing Coupled( 1 poisson-equation(s) , 1 current-contact-equation(s) , 
                   1 electron-equation(s) , 1 hole-equation(s) ) 
using Bank/Rose nonlinear solver.

Iteration   |Rhs|      factor     |step|     error   #inner  #iterative  time
------------------------------------------------------------------------------
    0      2.19e+01                                                      4.00
    1      1.99e-04   1.00e+00   3.17e-06   1.00e-01    0         1     21.22
Finished, because...
Error smaller than 1 ( 1.0007E-01 ).

Accumulated times:
Assembly time:        9.30 s
Solve time:     11.89 s
Total time:     21.22 s

contact        voltage     electron current    hole current  conduction current
 drain_N      5.000E-02      -2.372E-20         1.645E-35       -2.372E-20
 drain_P      0.000E+00      -2.123E-32         2.940E-20        2.940E-20
 gate         4.150E-01       0.000E+00         0.000E+00        0.000E+00
 source_N     0.000E+00      -2.645E-20         2.125E-35       -2.645E-20
 source_P     0.000E+00      -1.952E-32         2.408E-20        2.408E-20

Computing step from t=0.415 to t=0.42 (Stepsize: 5.0000e-03) :
Extrapolating values for t = 0.42 ... done.
Computing Coupled( 1 poisson-equation(s) , 1 current-contact-equation(s) , 
                   1 electron-equation(s) , 1 hole-equation(s) ) 
using Bank/Rose nonlinear solver.

Iteration   |Rhs|      factor     |step|     error   #inner  #iterative  time
------------------------------------------------------------------------------
    0      2.20e+01                                                      3.97
    1      2.00e-04   1.00e+00   3.18e-06   1.01e-01    0         1     21.19
Finished, because...
Error smaller than 1 ( 1.0064E-01 ).

Accumulated times:
Assembly time:        9.22 s
Solve time:     11.93 s
Total time:     21.19 s

contact        voltage     electron current    hole current  conduction current
 drain_N      5.000E-02      -1.121E-20         1.634E-35       -1.121E-20
 drain_P      0.000E+00      -2.164E-32        -4.193E-20       -4.193E-20
 gate         4.200E-01       0.000E+00         0.000E+00        0.000E+00
 source_N     0.000E+00      -1.140E-20         2.121E-35       -1.140E-20
 source_P     0.000E+00      -1.990E-32        -3.114E-20       -3.114E-20

Computing step from t=0.42 to t=0.425 (Stepsize: 5.0000e-03) :
Extrapolating values for t = 0.425 ... done.
Computing Coupled( 1 poisson-equation(s) , 1 current-contact-equation(s) , 
                   1 electron-equation(s) , 1 hole-equation(s) ) 
using Bank/Rose nonlinear solver.

Iteration   |Rhs|      factor     |step|     error   #inner  #iterative  time
------------------------------------------------------------------------------
    0      2.20e+01                                                      3.96
    1      2.01e-04   1.00e+00   3.18e-06   1.01e-01    0         1     21.07
Finished, because...
Error smaller than 1 ( 1.0122E-01 ).

Accumulated times:
Assembly time:        9.16 s
Solve time:     11.87 s
Total time:     21.07 s

contact        voltage     electron current    hole current  conduction current
 drain_N      5.000E-02       5.872E-20         1.621E-35        5.872E-20
 drain_P      0.000E+00      -2.205E-32         7.464E-20        7.464E-20
 gate         4.250E-01       0.000E+00         0.000E+00        0.000E+00
 source_N     0.000E+00       5.513E-20         2.111E-35        5.513E-20
 source_P     0.000E+00      -2.028E-32        -1.416E-20       -1.416E-20

Computing step from t=0.425 to t=0.43 (Stepsize: 5.0000e-03) :
Extrapolating values for t = 0.43 ... done.
Computing Coupled( 1 poisson-equation(s) , 1 current-contact-equation(s) , 
                   1 electron-equation(s) , 1 hole-equation(s) ) 
using Bank/Rose nonlinear solver.

Iteration   |Rhs|      factor     |step|     error   #inner  #iterative  time
------------------------------------------------------------------------------
    0      2.21e+01                                                      3.96
    1      2.02e-04   1.00e+00   3.18e-06   1.02e-01    0         1     21.11
Finished, because...
Error smaller than 1 ( 1.0180E-01 ).

Accumulated times:
Assembly time:        9.20 s
Solve time:     11.86 s
Total time:     21.11 s

contact        voltage     electron current    hole current  conduction current
 drain_N      5.000E-02       5.248E-20         1.603E-35        5.248E-20
 drain_P      0.000E+00      -2.245E-32         6.313E-22        6.313E-22
 gate         4.300E-01       0.000E+00         0.000E+00        0.000E+00
 source_N     0.000E+00      -1.216E-20         2.108E-35       -1.216E-20
 source_P     0.000E+00      -2.065E-32        -1.588E-20       -1.588E-20

Computing step from t=0.43 to t=0.435 (Stepsize: 5.0000e-03) :
Extrapolating values for t = 0.435 ... done.
Computing Coupled( 1 poisson-equation(s) , 1 current-contact-equation(s) , 
                   1 electron-equation(s) , 1 hole-equation(s) ) 
using Bank/Rose nonlinear solver.

Iteration   |Rhs|      factor     |step|     error   #inner  #iterative  time
------------------------------------------------------------------------------
    0      2.22e+01                                                      3.98
    1      2.03e-04   1.00e+00   3.19e-06   1.02e-01    0         1     21.19
Finished, because...
Error smaller than 1 ( 1.0238E-01 ).

Accumulated times:
Assembly time:        9.23 s
Solve time:     11.92 s
Total time:     21.19 s

contact        voltage     electron current    hole current  conduction current
 drain_N      5.000E-02       4.801E-21         1.589E-35        4.801E-21
 drain_P      0.000E+00      -2.285E-32        -3.475E-20       -3.475E-20
 gate         4.350E-01       0.000E+00         0.000E+00        0.000E+00
 source_N     0.000E+00       1.070E-20         2.102E-35        1.070E-20
 source_P     0.000E+00      -2.102E-32         5.073E-20        5.073E-20

Computing step from t=0.435 to t=0.44 (Stepsize: 5.0000e-03) :
Extrapolating values for t = 0.44 ... done.
Computing Coupled( 1 poisson-equation(s) , 1 current-contact-equation(s) , 
                   1 electron-equation(s) , 1 hole-equation(s) ) 
using Bank/Rose nonlinear solver.

Iteration   |Rhs|      factor     |step|     error   #inner  #iterative  time
------------------------------------------------------------------------------
    0      2.22e+01                                                      3.99
    1      2.04e-04   1.00e+00   3.19e-06   1.03e-01    0         1     21.19
Finished, because...
Error smaller than 1 ( 1.0297E-01 ).

Accumulated times:
Assembly time:        9.26 s
Solve time:     11.89 s
Total time:     21.19 s

contact        voltage     electron current    hole current  conduction current
 drain_N      5.000E-02       2.859E-20         1.582E-35        2.859E-20
 drain_P      0.000E+00      -2.323E-32        -7.036E-21       -7.036E-21
 gate         4.400E-01       0.000E+00         0.000E+00        0.000E+00
 source_N     0.000E+00       4.200E-20         2.095E-35        4.200E-20
 source_P     0.000E+00      -2.138E-32         3.164E-20        3.164E-20

Computing step from t=0.44 to t=0.445 (Stepsize: 5.0000e-03) :
Extrapolating values for t = 0.445 ... done.
Computing Coupled( 1 poisson-equation(s) , 1 current-contact-equation(s) , 
                   1 electron-equation(s) , 1 hole-equation(s) ) 
using Bank/Rose nonlinear solver.

Iteration   |Rhs|      factor     |step|     error   #inner  #iterative  time
------------------------------------------------------------------------------
    0      2.23e+01                                                      3.96
    1      2.05e-04   1.00e+00   3.20e-06   1.04e-01    0         1     21.12
Finished, because...
Error smaller than 1 ( 1.0357E-01 ).

Accumulated times:
Assembly time:        9.18 s
Solve time:     11.90 s
Total time:     21.12 s

contact        voltage     electron current    hole current  conduction current
 drain_N      5.000E-02       2.210E-20         1.568E-35        2.210E-20
 drain_P      0.000E+00      -2.361E-32        -3.257E-20       -3.257E-20
 gate         4.450E-01       0.000E+00         0.000E+00        0.000E+00
 source_N     0.000E+00       1.146E-20         2.091E-35        1.146E-20
 source_P     0.000E+00      -2.174E-32         2.098E-20        2.098E-20

Computing step from t=0.445 to t=0.45 (Stepsize: 5.0000e-03) :
Extrapolating values for t = 0.45 ... done.
Computing Coupled( 1 poisson-equation(s) , 1 current-contact-equation(s) , 
                   1 electron-equation(s) , 1 hole-equation(s) ) 
using Bank/Rose nonlinear solver.

Iteration   |Rhs|      factor     |step|     error   #inner  #iterative  time
------------------------------------------------------------------------------
    0      2.23e+01                                                      3.97
    1      2.05e-04   1.00e+00   3.20e-06   1.04e-01    0         1     21.24
Finished, because...
Error smaller than 1 ( 1.0416E-01 ).

Accumulated times:
Assembly time:        9.22 s
Solve time:     11.97 s
Total time:     21.24 s

contact        voltage     electron current    hole current  conduction current
 drain_N      5.000E-02       8.519E-20         1.559E-35        8.519E-20
 drain_P      0.000E+00      -2.399E-32         1.261E-20        1.261E-20
 gate         4.500E-01       0.000E+00         0.000E+00        0.000E+00
 source_N     0.000E+00      -3.453E-20         2.081E-35       -3.453E-20
 source_P     0.000E+00      -2.209E-32         1.338E-20        1.338E-20

Computing step from t=0.45 to t=0.455 (Stepsize: 5.0000e-03) :
Extrapolating values for t = 0.455 ... done.
Computing Coupled( 1 poisson-equation(s) , 1 current-contact-equation(s) , 
                   1 electron-equation(s) , 1 hole-equation(s) ) 
using Bank/Rose nonlinear solver.

Iteration   |Rhs|      factor     |step|     error   #inner  #iterative  time
------------------------------------------------------------------------------
    0      2.24e+01                                                      3.97
    1      2.06e-04   1.00e+00   3.21e-06   1.05e-01    0         1     21.15
Finished, because...
Error smaller than 1 ( 1.0476E-01 ).

Accumulated times:
Assembly time:        9.19 s
Solve time:     11.93 s
Total time:     21.15 s

contact        voltage     electron current    hole current  conduction current
 drain_N      5.000E-02      -4.020E-22         1.544E-35       -4.020E-22
 drain_P      0.000E+00      -2.435E-32         9.013E-21        9.013E-21
 gate         4.550E-01       0.000E+00         0.000E+00        0.000E+00
 source_N     0.000E+00      -8.216E-20         2.077E-35       -8.216E-20
 source_P     0.000E+00      -2.243E-32         4.336E-21        4.336E-21

Computing step from t=0.455 to t=0.46 (Stepsize: 5.0000e-03) :
Extrapolating values for t = 0.46 ... done.
Computing Coupled( 1 poisson-equation(s) , 1 current-contact-equation(s) , 
                   1 electron-equation(s) , 1 hole-equation(s) ) 
using Bank/Rose nonlinear solver.

Iteration   |Rhs|      factor     |step|     error   #inner  #iterative  time
------------------------------------------------------------------------------
    0      2.25e+01                                                      3.97
    1      2.07e-04   1.00e+00   3.21e-06   1.05e-01    0         1     21.09
Finished, because...
Error smaller than 1 ( 1.0538E-01 ).

Accumulated times:
Assembly time:        9.16 s
Solve time:     11.87 s
Total time:     21.09 s

contact        voltage     electron current    hole current  conduction current
 drain_N      5.000E-02       2.835E-20         1.537E-35        2.835E-20
 drain_P      0.000E+00      -2.471E-32        -2.522E-20       -2.522E-20
 gate         4.600E-01       0.000E+00         0.000E+00        0.000E+00
 source_N     0.000E+00       5.256E-20         2.076E-35        5.256E-20
 source_P     0.000E+00      -2.277E-32         2.035E-20        2.035E-20

Computing step from t=0.46 to t=0.465 (Stepsize: 5.0000e-03) :
Extrapolating values for t = 0.465 ... done.
Computing Coupled( 1 poisson-equation(s) , 1 current-contact-equation(s) , 
                   1 electron-equation(s) , 1 hole-equation(s) ) 
using Bank/Rose nonlinear solver.

Iteration   |Rhs|      factor     |step|     error   #inner  #iterative  time
------------------------------------------------------------------------------
    0      2.25e+01                                                      3.98
    1      2.08e-04   1.00e+00   3.22e-06   1.06e-01    0         1     21.23
Finished, because...
Error smaller than 1 ( 1.0599E-01 ).

Accumulated times:
Assembly time:        9.27 s
Solve time:     11.93 s
Total time:     21.23 s

contact        voltage     electron current    hole current  conduction current
 drain_N      5.000E-02       8.827E-21         1.528E-35        8.827E-21
 drain_P      0.000E+00      -2.507E-32         4.294E-20        4.294E-20
 gate         4.650E-01       0.000E+00         0.000E+00        0.000E+00
 source_N     0.000E+00       6.074E-20         2.073E-35        6.074E-20
 source_P     0.000E+00      -2.310E-32        -3.810E-20       -3.810E-20

Computing step from t=0.465 to t=0.47 (Stepsize: 5.0000e-03) :
Extrapolating values for t = 0.47 ... done.
Computing Coupled( 1 poisson-equation(s) , 1 current-contact-equation(s) , 
                   1 electron-equation(s) , 1 hole-equation(s) ) 
using Bank/Rose nonlinear solver.

Iteration   |Rhs|      factor     |step|     error   #inner  #iterative  time
------------------------------------------------------------------------------
    0      2.26e+01                                                      3.98
    1      2.09e-04   1.00e+00   3.22e-06   1.07e-01    0         1     21.16
Finished, because...
Error smaller than 1 ( 1.0661E-01 ).

Accumulated times:
Assembly time:        9.24 s
Solve time:     11.89 s
Total time:     21.16 s

contact        voltage     electron current    hole current  conduction current
 drain_N      5.000E-02      -1.166E-20         1.519E-35       -1.166E-20
 drain_P      0.000E+00      -2.542E-32        -2.717E-20       -2.717E-20
 gate         4.700E-01       0.000E+00         0.000E+00        0.000E+00
 source_N     0.000E+00      -9.652E-21         2.066E-35       -9.652E-21
 source_P     0.000E+00      -2.343E-32         3.257E-20        3.257E-20

Computing step from t=0.47 to t=0.475 (Stepsize: 5.0000e-03) :
Extrapolating values for t = 0.475 ... done.
Computing Coupled( 1 poisson-equation(s) , 1 current-contact-equation(s) , 
                   1 electron-equation(s) , 1 hole-equation(s) ) 
using Bank/Rose nonlinear solver.

Iteration   |Rhs|      factor     |step|     error   #inner  #iterative  time
------------------------------------------------------------------------------
    0      2.27e+01                                                      3.97
    1      2.10e-04   1.00e+00   3.22e-06   1.07e-01    0         1     21.17
Finished, because...
Error smaller than 1 ( 1.0724E-01 ).

Accumulated times:
Assembly time:        9.21 s
Solve time:     11.91 s
Total time:     21.17 s

contact        voltage     electron current    hole current  conduction current
 drain_N      5.000E-02       1.244E-21         1.510E-35        1.244E-21
 drain_P      0.000E+00      -2.575E-32         6.206E-20        6.206E-20
 gate         4.750E-01       0.000E+00         0.000E+00        0.000E+00
 source_N     0.000E+00       1.905E-20         2.063E-35        1.905E-20
 source_P     0.000E+00      -2.374E-32        -2.340E-20       -2.340E-20

Computing step from t=0.475 to t=0.48 (Stepsize: 5.0000e-03) :
Extrapolating values for t = 0.48 ... done.
Computing Coupled( 1 poisson-equation(s) , 1 current-contact-equation(s) , 
                   1 electron-equation(s) , 1 hole-equation(s) ) 
using Bank/Rose nonlinear solver.

Iteration   |Rhs|      factor     |step|     error   #inner  #iterative  time
------------------------------------------------------------------------------
    0      2.27e+01                                                      3.99
    1      2.11e-04   1.00e+00   3.23e-06   1.08e-01    0         1     21.25
Finished, because...
Error smaller than 1 ( 1.0787E-01 ).

Accumulated times:
Assembly time:        9.27 s
Solve time:     11.94 s
Total time:     21.25 s

contact        voltage     electron current    hole current  conduction current
 drain_N      5.000E-02      -1.341E-20         1.504E-35       -1.341E-20
 drain_P      0.000E+00      -2.608E-32        -4.275E-20       -4.275E-20
 gate         4.800E-01       0.000E+00         0.000E+00        0.000E+00
 source_N     0.000E+00      -4.415E-20         2.059E-35       -4.415E-20
 source_P     0.000E+00      -2.406E-32         4.367E-20        4.367E-20

Computing step from t=0.48 to t=0.485 (Stepsize: 5.0000e-03) :
Extrapolating values for t = 0.485 ... done.
Computing Coupled( 1 poisson-equation(s) , 1 current-contact-equation(s) , 
                   1 electron-equation(s) , 1 hole-equation(s) ) 
using Bank/Rose nonlinear solver.

Iteration   |Rhs|      factor     |step|     error   #inner  #iterative  time
------------------------------------------------------------------------------
    0      2.28e+01                                                      3.97
    1      2.12e-04   1.00e+00   3.23e-06   1.09e-01    0         1     21.13
Finished, because...
Error smaller than 1 ( 1.0851E-01 ).

Accumulated times:
Assembly time:        9.17 s
Solve time:     11.92 s
Total time:     21.13 s

contact        voltage     electron current    hole current  conduction current
 drain_N      5.000E-02       2.775E-20         1.495E-35        2.775E-20
 drain_P      0.000E+00      -2.641E-32        -1.155E-20       -1.155E-20
 gate         4.850E-01       0.000E+00         0.000E+00        0.000E+00
 source_N     0.000E+00       2.564E-20         2.056E-35        2.564E-20
 source_P     0.000E+00      -2.436E-32        -7.184E-21       -7.184E-21

Computing step from t=0.485 to t=0.49 (Stepsize: 5.0000e-03) :
Extrapolating values for t = 0.49 ... done.
Computing Coupled( 1 poisson-equation(s) , 1 current-contact-equation(s) , 
                   1 electron-equation(s) , 1 hole-equation(s) ) 
using Bank/Rose nonlinear solver.

Iteration   |Rhs|      factor     |step|     error   #inner  #iterative  time
------------------------------------------------------------------------------
    0      2.28e+01                                                      3.96
    1      2.13e-04   1.00e+00   3.24e-06   1.09e-01    0         1     21.10
Finished, because...
Error smaller than 1 ( 1.0916E-01 ).

Accumulated times:
Assembly time:        9.18 s
Solve time:     11.88 s
Total time:     21.10 s

contact        voltage     electron current    hole current  conduction current
 drain_N      5.000E-02      -2.554E-20         1.487E-35       -2.554E-20
 drain_P      0.000E+00      -2.673E-32        -8.027E-21       -8.027E-21
 gate         4.900E-01       0.000E+00         0.000E+00        0.000E+00
 source_N     0.000E+00      -2.359E-20         2.052E-35       -2.359E-20
 source_P     0.000E+00      -2.466E-32        -4.768E-20       -4.768E-20

Computing step from t=0.49 to t=0.495 (Stepsize: 5.0000e-03) :
Extrapolating values for t = 0.495 ... done.
Computing Coupled( 1 poisson-equation(s) , 1 current-contact-equation(s) , 
                   1 electron-equation(s) , 1 hole-equation(s) ) 
using Bank/Rose nonlinear solver.

Iteration   |Rhs|      factor     |step|     error   #inner  #iterative  time
------------------------------------------------------------------------------
    0      2.29e+01                                                      3.98
    1      2.14e-04   1.00e+00   3.24e-06   1.10e-01    0         1     21.15
Finished, because...
Error smaller than 1 ( 1.0980E-01 ).

Accumulated times:
Assembly time:        9.22 s
Solve time:     11.90 s
Total time:     21.15 s

contact        voltage     electron current    hole current  conduction current
 drain_N      5.000E-02      -7.756E-20         1.480E-35       -7.756E-20
 drain_P      0.000E+00      -2.704E-32        -8.601E-21       -8.601E-21
 gate         4.950E-01       0.000E+00         0.000E+00        0.000E+00
 source_N     0.000E+00       5.684E-21         2.050E-35        5.684E-21
 source_P     0.000E+00      -2.495E-32        -1.856E-20       -1.856E-20

Computing step from t=0.495 to t=0.5 (Stepsize: 5.0000e-03) :
Extrapolating values for t = 0.5 ... done.
Computing Coupled( 1 poisson-equation(s) , 1 current-contact-equation(s) , 
                   1 electron-equation(s) , 1 hole-equation(s) ) 
using Bank/Rose nonlinear solver.

Iteration   |Rhs|      factor     |step|     error   #inner  #iterative  time
------------------------------------------------------------------------------
    0      2.30e+01                                                      3.98
    1      2.15e-04   1.00e+00   3.25e-06   1.10e-01    0         1     21.12
Finished, because...
Error smaller than 1 ( 1.1045E-01 ).

Accumulated times:
Assembly time:        9.18 s
Solve time:     11.90 s
Total time:     21.12 s

contact        voltage     electron current    hole current  conduction current
 drain_N      5.000E-02       3.738E-20         1.476E-35        3.738E-20
 drain_P      0.000E+00      -2.734E-32         1.747E-20        1.747E-20
 gate         5.000E-01       0.000E+00         0.000E+00        0.000E+00
 source_N     0.000E+00      -3.972E-20         2.043E-35       -3.972E-20
 source_P     0.000E+00      -2.524E-32         1.609E-20        1.609E-20

Computing step from t=0.5 to t=0.505 (Stepsize: 5.0000e-03) :
Extrapolating values for t = 0.505 ... done.
Computing Coupled( 1 poisson-equation(s) , 1 current-contact-equation(s) , 
                   1 electron-equation(s) , 1 hole-equation(s) ) 
using Bank/Rose nonlinear solver.

Iteration   |Rhs|      factor     |step|     error   #inner  #iterative  time
------------------------------------------------------------------------------
    0      2.30e+01                                                      3.95
    1      2.16e-04   1.00e+00   3.25e-06   1.11e-01    0         1     21.14
Finished, because...
Error smaller than 1 ( 1.1111E-01 ).

Accumulated times:
Assembly time:        9.18 s
Solve time:     11.92 s
Total time:     21.14 s

contact        voltage     electron current    hole current  conduction current
 drain_N      5.000E-02      -1.773E-21         1.471E-35       -1.773E-21
 drain_P      0.000E+00      -2.763E-32        -3.429E-20       -3.429E-20
 gate         5.050E-01       0.000E+00         0.000E+00        0.000E+00
 source_N     0.000E+00      -1.927E-21         2.045E-35       -1.927E-21
 source_P     0.000E+00      -2.552E-32         7.221E-21        7.221E-21

Computing step from t=0.505 to t=0.51 (Stepsize: 5.0000e-03) :
Extrapolating values for t = 0.51 ... done.
Computing Coupled( 1 poisson-equation(s) , 1 current-contact-equation(s) , 
                   1 electron-equation(s) , 1 hole-equation(s) ) 
using Bank/Rose nonlinear solver.

Iteration   |Rhs|      factor     |step|     error   #inner  #iterative  time
------------------------------------------------------------------------------
    0      2.31e+01                                                      4.04
    1      2.16e-04   1.00e+00   3.26e-06   1.12e-01    0         1     21.30
Finished, because...
Error smaller than 1 ( 1.1177E-01 ).

Accumulated times:
Assembly time:        9.31 s
Solve time:     11.96 s
Total time:     21.30 s

contact        voltage     electron current    hole current  conduction current
 drain_N      5.000E-02       1.202E-19         1.468E-35        1.202E-19
 drain_P      0.000E+00      -2.792E-32         7.300E-21        7.300E-21
 gate         5.100E-01       0.000E+00         0.000E+00        0.000E+00
 source_N     0.000E+00       1.736E-20         2.041E-35        1.736E-20
 source_P     0.000E+00      -2.579E-32        -6.631E-20       -6.631E-20

Computing step from t=0.51 to t=0.515 (Stepsize: 5.0000e-03) :
Extrapolating values for t = 0.515 ... done.
Computing Coupled( 1 poisson-equation(s) , 1 current-contact-equation(s) , 
                   1 electron-equation(s) , 1 hole-equation(s) ) 
using Bank/Rose nonlinear solver.

Iteration   |Rhs|      factor     |step|     error   #inner  #iterative  time
------------------------------------------------------------------------------
    0      2.32e+01                                                      4.01
    1      2.17e-04   1.00e+00   3.26e-06   1.12e-01    0         1     21.45
Finished, because...
Error smaller than 1 ( 1.1244E-01 ).

Accumulated times:
Assembly time:        9.27 s
Solve time:     12.15 s
Total time:     21.45 s

contact        voltage     electron current    hole current  conduction current
 drain_N      5.000E-02      -5.897E-20         1.457E-35       -5.897E-20
 drain_P      0.000E+00      -2.820E-32         4.770E-20        4.770E-20
 gate         5.150E-01       0.000E+00         0.000E+00        0.000E+00
 source_N     0.000E+00       4.230E-21         2.039E-35        4.230E-21
 source_P     0.000E+00      -2.606E-32        -5.425E-20       -5.425E-20

Computing step from t=0.515 to t=0.52 (Stepsize: 5.0000e-03) :
Extrapolating values for t = 0.52 ... done.
Computing Coupled( 1 poisson-equation(s) , 1 current-contact-equation(s) , 
                   1 electron-equation(s) , 1 hole-equation(s) ) 
using Bank/Rose nonlinear solver.

Iteration   |Rhs|      factor     |step|     error   #inner  #iterative  time
------------------------------------------------------------------------------
    0      2.32e+01                                                      4.13
    1      2.18e-04   1.00e+00   3.27e-06   1.13e-01    0         1     21.25
Finished, because...
Error smaller than 1 ( 1.1310E-01 ).

Accumulated times:
Assembly time:        9.37 s
Solve time:     11.84 s
Total time:     21.25 s

contact        voltage     electron current    hole current  conduction current
 drain_N      5.000E-02      -3.375E-20         1.455E-35       -3.375E-20
 drain_P      0.000E+00      -2.847E-32         5.883E-20        5.883E-20
 gate         5.200E-01       0.000E+00         0.000E+00        0.000E+00
 source_N     0.000E+00       7.361E-20         2.036E-35        7.361E-20
 source_P     0.000E+00      -2.632E-32        -1.022E-20       -1.022E-20

Computing step from t=0.52 to t=0.525 (Stepsize: 5.0000e-03) :
Extrapolating values for t = 0.525 ... done.
Computing Coupled( 1 poisson-equation(s) , 1 current-contact-equation(s) , 
                   1 electron-equation(s) , 1 hole-equation(s) ) 
using Bank/Rose nonlinear solver.

Iteration   |Rhs|      factor     |step|     error   #inner  #iterative  time
------------------------------------------------------------------------------
    0      2.33e+01                                                      3.96
    1      2.19e-04   1.00e+00   3.27e-06   1.14e-01    0         1     21.20
Finished, because...
Error smaller than 1 ( 1.1377E-01 ).

Accumulated times:
Assembly time:        9.21 s
Solve time:     11.95 s
Total time:     21.20 s

contact        voltage     electron current    hole current  conduction current
 drain_N      5.000E-02       8.424E-20         1.451E-35        8.424E-20
 drain_P      0.000E+00      -2.874E-32        -5.053E-20       -5.053E-20
 gate         5.250E-01       0.000E+00         0.000E+00        0.000E+00
 source_N     0.000E+00      -3.918E-20         2.033E-35       -3.918E-20
 source_P     0.000E+00      -2.657E-32         9.232E-21        9.232E-21

Computing step from t=0.525 to t=0.53 (Stepsize: 5.0000e-03) :
Extrapolating values for t = 0.53 ... done.
Computing Coupled( 1 poisson-equation(s) , 1 current-contact-equation(s) , 
                   1 electron-equation(s) , 1 hole-equation(s) ) 
using Bank/Rose nonlinear solver.

Iteration   |Rhs|      factor     |step|     error   #inner  #iterative  time
------------------------------------------------------------------------------
    0      2.34e+01                                                      3.96
    1      2.20e-04   1.00e+00   3.28e-06   1.14e-01    0         1     21.05
Finished, because...
Error smaller than 1 ( 1.1445E-01 ).

Accumulated times:
Assembly time:        9.16 s
Solve time:     11.86 s
Total time:     21.05 s

contact        voltage     electron current    hole current  conduction current
 drain_N      5.000E-02       3.666E-20         1.448E-35        3.666E-20
 drain_P      0.000E+00      -2.899E-32        -3.386E-20       -3.386E-20
 gate         5.300E-01       0.000E+00         0.000E+00        0.000E+00
 source_N     0.000E+00      -1.183E-20         2.029E-35       -1.183E-20
 source_P     0.000E+00      -2.682E-32        -3.505E-20       -3.505E-20

Computing step from t=0.53 to t=0.535 (Stepsize: 5.0000e-03) :
Extrapolating values for t = 0.535 ... done.
Computing Coupled( 1 poisson-equation(s) , 1 current-contact-equation(s) , 
                   1 electron-equation(s) , 1 hole-equation(s) ) 
using Bank/Rose nonlinear solver.

Iteration   |Rhs|      factor     |step|     error   #inner  #iterative  time
------------------------------------------------------------------------------
    0      2.34e+01                                                      4.02
    1      2.21e-04   1.00e+00   3.28e-06   1.15e-01    0         1     21.26
Finished, because...
Error smaller than 1 ( 1.1514E-01 ).

Accumulated times:
Assembly time:        9.29 s
Solve time:     11.94 s
Total time:     21.26 s

contact        voltage     electron current    hole current  conduction current
 drain_N      5.000E-02      -4.765E-20         1.441E-35       -4.765E-20
 drain_P      0.000E+00      -2.924E-32         2.449E-20        2.449E-20
 gate         5.350E-01       0.000E+00         0.000E+00        0.000E+00
 source_N     0.000E+00       1.811E-20         2.027E-35        1.811E-20
 source_P     0.000E+00      -2.705E-32        -3.913E-21       -3.913E-21

Computing step from t=0.535 to t=0.54 (Stepsize: 5.0000e-03) :
Extrapolating values for t = 0.54 ... done.
Computing Coupled( 1 poisson-equation(s) , 1 current-contact-equation(s) , 
                   1 electron-equation(s) , 1 hole-equation(s) ) 
using Bank/Rose nonlinear solver.

Iteration   |Rhs|      factor     |step|     error   #inner  #iterative  time
------------------------------------------------------------------------------
    0      2.35e+01                                                      3.97
    1      2.22e-04   1.00e+00   3.29e-06   1.16e-01    0         1     21.12
Finished, because...
Error smaller than 1 ( 1.1582E-01 ).

Accumulated times:
Assembly time:        9.22 s
Solve time:     11.87 s
Total time:     21.12 s

contact        voltage     electron current    hole current  conduction current
 drain_N      5.000E-02      -8.216E-21         1.437E-35       -8.216E-21
 drain_P      0.000E+00      -2.948E-32         6.395E-21        6.395E-21
 gate         5.400E-01       0.000E+00         0.000E+00        0.000E+00
 source_N     0.000E+00      -3.735E-20         2.027E-35       -3.735E-20
 source_P     0.000E+00      -2.729E-32        -6.097E-20       -6.097E-20

Computing step from t=0.54 to t=0.545 (Stepsize: 5.0000e-03) :
Extrapolating values for t = 0.545 ... done.
Computing Coupled( 1 poisson-equation(s) , 1 current-contact-equation(s) , 
                   1 electron-equation(s) , 1 hole-equation(s) ) 
using Bank/Rose nonlinear solver.

Iteration   |Rhs|      factor     |step|     error   #inner  #iterative  time
------------------------------------------------------------------------------
    0      2.35e+01                                                      3.96
    1      2.23e-04   1.00e+00   3.29e-06   1.17e-01    0         1     21.12
Finished, because...
Error smaller than 1 ( 1.1650E-01 ).

Accumulated times:
Assembly time:        9.18 s
Solve time:     11.91 s
Total time:     21.12 s

contact        voltage     electron current    hole current  conduction current
 drain_N      5.000E-02       3.773E-20         1.438E-35        3.773E-20
 drain_P      0.000E+00      -2.972E-32        -6.809E-21       -6.809E-21
 gate         5.450E-01       0.000E+00         0.000E+00        0.000E+00
 source_N     0.000E+00      -1.589E-20         2.027E-35       -1.589E-20
 source_P     0.000E+00      -2.751E-32        -1.270E-20       -1.270E-20

Computing step from t=0.545 to t=0.55 (Stepsize: 5.0000e-03) :
Extrapolating values for t = 0.55 ... done.
Computing Coupled( 1 poisson-equation(s) , 1 current-contact-equation(s) , 
                   1 electron-equation(s) , 1 hole-equation(s) ) 
using Bank/Rose nonlinear solver.

Iteration   |Rhs|      factor     |step|     error   #inner  #iterative  time
------------------------------------------------------------------------------
    0      2.36e+01                                                      4.03
    1      2.24e-04   1.00e+00   3.30e-06   1.17e-01    0         1     21.18
Finished, because...
Error smaller than 1 ( 1.1719E-01 ).

Accumulated times:
Assembly time:        9.26 s
Solve time:     11.88 s
Total time:     21.18 s

contact        voltage     electron current    hole current  conduction current
 drain_N      5.000E-02       7.954E-20         1.432E-35        7.954E-20
 drain_P      0.000E+00      -2.994E-32        -8.614E-21       -8.614E-21
 gate         5.500E-01       0.000E+00         0.000E+00        0.000E+00
 source_N     0.000E+00       1.854E-20         2.022E-35        1.854E-20
 source_P     0.000E+00      -2.773E-32        -6.434E-22       -6.434E-22

Computing step from t=0.55 to t=0.555 (Stepsize: 5.0000e-03) :
Extrapolating values for t = 0.555 ... done.
Computing Coupled( 1 poisson-equation(s) , 1 current-contact-equation(s) , 
                   1 electron-equation(s) , 1 hole-equation(s) ) 
using Bank/Rose nonlinear solver.

Iteration   |Rhs|      factor     |step|     error   #inner  #iterative  time
------------------------------------------------------------------------------
    0      2.37e+01                                                      3.99
    1      2.25e-04   1.00e+00   3.30e-06   1.18e-01    0         1     21.13
Finished, because...
Error smaller than 1 ( 1.1789E-01 ).

Accumulated times:
Assembly time:        9.23 s
Solve time:     11.87 s
Total time:     21.13 s

contact        voltage     electron current    hole current  conduction current
 drain_N      5.000E-02      -1.677E-21         1.430E-35       -1.677E-21
 drain_P      0.000E+00      -3.016E-32        -4.954E-20       -4.954E-20
 gate         5.550E-01       0.000E+00         0.000E+00        0.000E+00
 source_N     0.000E+00       7.318E-21         2.021E-35        7.318E-21
 source_P     0.000E+00      -2.794E-32         1.171E-20        1.171E-20

Computing step from t=0.555 to t=0.56 (Stepsize: 5.0000e-03) :
Extrapolating values for t = 0.56 ... done.
Computing Coupled( 1 poisson-equation(s) , 1 current-contact-equation(s) , 
                   1 electron-equation(s) , 1 hole-equation(s) ) 
using Bank/Rose nonlinear solver.

Iteration   |Rhs|      factor     |step|     error   #inner  #iterative  time
------------------------------------------------------------------------------
    0      2.37e+01                                                      3.98
    1      2.25e-04   1.00e+00   3.30e-06   1.19e-01    0         1     21.12
Finished, because...
Error smaller than 1 ( 1.1858E-01 ).

Accumulated times:
Assembly time:        9.17 s
Solve time:     11.91 s
Total time:     21.12 s

contact        voltage     electron current    hole current  conduction current
 drain_N      5.000E-02      -5.465E-20         1.423E-35       -5.465E-20
 drain_P      0.000E+00      -3.038E-32        -2.047E-20       -2.047E-20
 gate         5.600E-01       0.000E+00         0.000E+00        0.000E+00
 source_N     0.000E+00       3.016E-20         2.018E-35        3.016E-20
 source_P     0.000E+00      -2.815E-32        -6.563E-20       -6.563E-20

Computing step from t=0.56 to t=0.565 (Stepsize: 5.0000e-03) :
Extrapolating values for t = 0.565 ... done.
Computing Coupled( 1 poisson-equation(s) , 1 current-contact-equation(s) , 
                   1 electron-equation(s) , 1 hole-equation(s) ) 
using Bank/Rose nonlinear solver.

Iteration   |Rhs|      factor     |step|     error   #inner  #iterative  time
------------------------------------------------------------------------------
    0      2.38e+01                                                      3.98
    1      2.26e-04   1.00e+00   3.31e-06   1.19e-01    0         1     21.31
Finished, because...
Error smaller than 1 ( 1.1928E-01 ).

Accumulated times:
Assembly time:        9.40 s
Solve time:     11.87 s
Total time:     21.31 s

contact        voltage     electron current    hole current  conduction current
 drain_N      5.000E-02      -9.050E-21         1.420E-35       -9.050E-21
 drain_P      0.000E+00      -3.058E-32        -9.284E-20       -9.284E-20
 gate         5.650E-01       0.000E+00         0.000E+00        0.000E+00
 source_N     0.000E+00       2.636E-20         2.020E-35        2.636E-20
 source_P     0.000E+00      -2.835E-32        -3.543E-21       -3.543E-21

Computing step from t=0.565 to t=0.57 (Stepsize: 5.0000e-03) :
Extrapolating values for t = 0.57 ... done.
Computing Coupled( 1 poisson-equation(s) , 1 current-contact-equation(s) , 
                   1 electron-equation(s) , 1 hole-equation(s) ) 
using Bank/Rose nonlinear solver.

Iteration   |Rhs|      factor     |step|     error   #inner  #iterative  time
------------------------------------------------------------------------------
    0      2.39e+01                                                      4.00
    1      2.27e-04   1.00e+00   3.31e-06   1.20e-01    0         1     21.22
Finished, because...
Error smaller than 1 ( 1.1999E-01 ).

Accumulated times:
Assembly time:        9.26 s
Solve time:     11.92 s
Total time:     21.22 s

contact        voltage     electron current    hole current  conduction current
 drain_N      5.000E-02      -8.237E-20         1.418E-35       -8.237E-20
 drain_P      0.000E+00      -3.078E-32         1.138E-19        1.138E-19
 gate         5.700E-01       0.000E+00         0.000E+00        0.000E+00
 source_N     0.000E+00      -2.708E-20         2.017E-35       -2.708E-20
 source_P     0.000E+00      -2.854E-32         9.164E-21        9.164E-21

Computing step from t=0.57 to t=0.575 (Stepsize: 5.0000e-03) :
Extrapolating values for t = 0.575 ... done.
Computing Coupled( 1 poisson-equation(s) , 1 current-contact-equation(s) , 
                   1 electron-equation(s) , 1 hole-equation(s) ) 
using Bank/Rose nonlinear solver.

Iteration   |Rhs|      factor     |step|     error   #inner  #iterative  time
------------------------------------------------------------------------------
    0      2.39e+01                                                      3.98
    1      2.28e-04   1.00e+00   3.32e-06   1.21e-01    0         1     21.05
Finished, because...
Error smaller than 1 ( 1.2070E-01 ).

Accumulated times:
Assembly time:        9.18 s
Solve time:     11.84 s
Total time:     21.05 s

contact        voltage     electron current    hole current  conduction current
 drain_N      5.000E-02       1.844E-20         1.418E-35        1.844E-20
 drain_P      0.000E+00      -3.097E-32        -2.555E-20       -2.555E-20
 gate         5.750E-01       0.000E+00         0.000E+00        0.000E+00
 source_N     0.000E+00       6.219E-20         2.018E-35        6.219E-20
 source_P     0.000E+00      -2.873E-32         3.169E-20        3.169E-20

Computing step from t=0.575 to t=0.58 (Stepsize: 5.0000e-03) :
Extrapolating values for t = 0.58 ... done.
Computing Coupled( 1 poisson-equation(s) , 1 current-contact-equation(s) , 
                   1 electron-equation(s) , 1 hole-equation(s) ) 
using Bank/Rose nonlinear solver.

Iteration   |Rhs|      factor     |step|     error   #inner  #iterative  time
------------------------------------------------------------------------------
    0      2.40e+01                                                      3.96
    1      2.29e-04   1.00e+00   3.32e-06   1.21e-01    0         1     21.20
Finished, because...
Error smaller than 1 ( 1.2141E-01 ).

Accumulated times:
Assembly time:        9.16 s
Solve time:     11.99 s
Total time:     21.20 s

contact        voltage     electron current    hole current  conduction current
 drain_N      5.000E-02      -4.562E-20         1.413E-35       -4.562E-20
 drain_P      0.000E+00      -3.115E-32         2.142E-20        2.142E-20
 gate         5.800E-01       0.000E+00         0.000E+00        0.000E+00
 source_N     0.000E+00      -2.188E-20         2.014E-35       -2.188E-20
 source_P     0.000E+00      -2.891E-32         6.152E-20        6.152E-20

Computing step from t=0.58 to t=0.585 (Stepsize: 5.0000e-03) :
Extrapolating values for t = 0.585 ... done.
Computing Coupled( 1 poisson-equation(s) , 1 current-contact-equation(s) , 
                   1 electron-equation(s) , 1 hole-equation(s) ) 
using Bank/Rose nonlinear solver.

Iteration   |Rhs|      factor     |step|     error   #inner  #iterative  time
------------------------------------------------------------------------------
    0      2.40e+01                                                      3.96
    1      2.30e-04   1.00e+00   3.33e-06   1.22e-01    0         1     21.06
Finished, because...
Error smaller than 1 ( 1.2211E-01 ).

Accumulated times:
Assembly time:        9.19 s
Solve time:     11.84 s
Total time:     21.06 s

contact        voltage     electron current    hole current  conduction current
 drain_N      5.000E-02      -1.336E-20         1.412E-35       -1.336E-20
 drain_P      0.000E+00      -3.133E-32         5.350E-20        5.350E-20
 gate         5.850E-01       0.000E+00         0.000E+00        0.000E+00
 source_N     0.000E+00      -1.008E-20         2.012E-35       -1.008E-20
 source_P     0.000E+00      -2.908E-32         5.583E-20        5.583E-20

Computing step from t=0.585 to t=0.59 (Stepsize: 5.0000e-03) :
Extrapolating values for t = 0.59 ... done.
Computing Coupled( 1 poisson-equation(s) , 1 current-contact-equation(s) , 
                   1 electron-equation(s) , 1 hole-equation(s) ) 
using Bank/Rose nonlinear solver.

Iteration   |Rhs|      factor     |step|     error   #inner  #iterative  time
------------------------------------------------------------------------------
    0      2.41e+01                                                      4.05
    1      2.31e-04   1.00e+00   3.33e-06   1.23e-01    0         1     21.27
Finished, because...
Error smaller than 1 ( 1.2283E-01 ).

Accumulated times:
Assembly time:        9.35 s
Solve time:     11.88 s
Total time:     21.27 s

contact        voltage     electron current    hole current  conduction current
 drain_N      5.000E-02       1.106E-20         1.406E-35        1.106E-20
 drain_P      0.000E+00      -3.149E-32        -4.660E-20       -4.660E-20
 gate         5.900E-01       0.000E+00         0.000E+00        0.000E+00
 source_N     0.000E+00      -4.423E-20         2.011E-35       -4.423E-20
 source_P     0.000E+00      -2.925E-32        -1.533E-20       -1.533E-20

Computing step from t=0.59 to t=0.595 (Stepsize: 5.0000e-03) :
Extrapolating values for t = 0.595 ... done.
Computing Coupled( 1 poisson-equation(s) , 1 current-contact-equation(s) , 
                   1 electron-equation(s) , 1 hole-equation(s) ) 
using Bank/Rose nonlinear solver.

Iteration   |Rhs|      factor     |step|     error   #inner  #iterative  time
------------------------------------------------------------------------------
    0      2.42e+01                                                      3.95
    1      2.32e-04   1.00e+00   3.34e-06   1.24e-01    0         1     21.13
Finished, because...
Error smaller than 1 ( 1.2355E-01 ).

Accumulated times:
Assembly time:        9.29 s
Solve time:     11.79 s
Total time:     21.13 s

contact        voltage     electron current    hole current  conduction current
 drain_N      5.000E-02      -3.594E-20         1.407E-35       -3.594E-20
 drain_P      0.000E+00      -3.166E-32         2.944E-20        2.944E-20
 gate         5.950E-01       0.000E+00         0.000E+00        0.000E+00
 source_N     0.000E+00       3.899E-20         2.011E-35        3.899E-20
 source_P     0.000E+00      -2.941E-32         7.780E-20        7.780E-20

Computing step from t=0.595 to t=0.6 (Stepsize: 5.0000e-03) :
Extrapolating values for t = 0.6 ... done.
Computing Coupled( 1 poisson-equation(s) , 1 current-contact-equation(s) , 
                   1 electron-equation(s) , 1 hole-equation(s) ) 
using Bank/Rose nonlinear solver.

Iteration   |Rhs|      factor     |step|     error   #inner  #iterative  time
------------------------------------------------------------------------------
    0      2.42e+01                                                      4.06
    1      2.33e-04   1.00e+00   3.34e-06   1.24e-01    0         1     21.69
Finished, because...
Error smaller than 1 ( 1.2427E-01 ).

Accumulated times:
Assembly time:        9.44 s
Solve time:     12.22 s
Total time:     21.69 s

contact        voltage     electron current    hole current  conduction current
 drain_N      5.000E-02       1.092E-20         1.407E-35        1.092E-20
 drain_P      0.000E+00      -3.181E-32         9.930E-21        9.930E-21
 gate         6.000E-01       0.000E+00         0.000E+00        0.000E+00
 source_N     0.000E+00       1.055E-19         2.012E-35        1.055E-19
 source_P     0.000E+00      -2.956E-32         1.209E-20        1.209E-20

Computing step from t=0.6 to t=0.605 (Stepsize: 5.0000e-03) :
Extrapolating values for t = 0.605 ... done.
Computing Coupled( 1 poisson-equation(s) , 1 current-contact-equation(s) , 
                   1 electron-equation(s) , 1 hole-equation(s) ) 
using Bank/Rose nonlinear solver.

Iteration   |Rhs|      factor     |step|     error   #inner  #iterative  time
------------------------------------------------------------------------------
    0      2.43e+01                                                      4.13
    1      2.33e-04   1.00e+00   3.35e-06   1.25e-01    0         1     21.68
Finished, because...
Error smaller than 1 ( 1.2500E-01 ).

Accumulated times:
Assembly time:        9.51 s
Solve time:     12.14 s
Total time:     21.68 s

contact        voltage     electron current    hole current  conduction current
 drain_N      5.000E-02      -5.592E-20         1.402E-35       -5.592E-20
 drain_P      0.000E+00      -3.196E-32         6.649E-21        6.649E-21
 gate         6.050E-01       0.000E+00         0.000E+00        0.000E+00
 source_N     0.000E+00       5.614E-20         2.010E-35        5.614E-20
 source_P     0.000E+00      -2.971E-32         3.018E-20        3.018E-20

Computing step from t=0.605 to t=0.61 (Stepsize: 5.0000e-03) :
Extrapolating values for t = 0.61 ... done.
Computing Coupled( 1 poisson-equation(s) , 1 current-contact-equation(s) , 
                   1 electron-equation(s) , 1 hole-equation(s) ) 
using Bank/Rose nonlinear solver.

Iteration   |Rhs|      factor     |step|     error   #inner  #iterative  time
------------------------------------------------------------------------------
    0      2.44e+01                                                      4.05
    1      2.34e-04   1.00e+00   3.35e-06   1.26e-01    0         1     21.10
Finished, because...
Error smaller than 1 ( 1.2572E-01 ).

Accumulated times:
Assembly time:        9.27 s
Solve time:     11.77 s
Total time:     21.10 s

contact        voltage     electron current    hole current  conduction current
 drain_N      5.000E-02       2.787E-20         1.402E-35        2.787E-20
 drain_P      0.000E+00      -3.209E-32         1.400E-20        1.400E-20
 gate         6.100E-01       0.000E+00         0.000E+00        0.000E+00
 source_N     0.000E+00      -3.435E-20         2.007E-35       -3.435E-20
 source_P     0.000E+00      -2.985E-32         3.594E-21        3.594E-21

Computing step from t=0.61 to t=0.615 (Stepsize: 5.0000e-03) :
Extrapolating values for t = 0.615 ... done.
Computing Coupled( 1 poisson-equation(s) , 1 current-contact-equation(s) , 
                   1 electron-equation(s) , 1 hole-equation(s) ) 
using Bank/Rose nonlinear solver.

Iteration   |Rhs|      factor     |step|     error   #inner  #iterative  time
------------------------------------------------------------------------------
    0      2.44e+01                                                      3.96
    1      2.35e-04   1.00e+00   3.36e-06   1.26e-01    0         1     21.39
Finished, because...
Error smaller than 1 ( 1.2645E-01 ).

Accumulated times:
Assembly time:        9.48 s
Solve time:     11.87 s
Total time:     21.39 s

contact        voltage     electron current    hole current  conduction current
 drain_N      5.000E-02       1.475E-20         1.401E-35        1.475E-20
 drain_P      0.000E+00      -3.223E-32         4.015E-20        4.015E-20
 gate         6.150E-01       0.000E+00         0.000E+00        0.000E+00
 source_N     0.000E+00       6.482E-20         2.006E-35        6.482E-20
 source_P     0.000E+00      -2.998E-32        -4.777E-21       -4.777E-21

Computing step from t=0.615 to t=0.62 (Stepsize: 5.0000e-03) :
Extrapolating values for t = 0.62 ... done.
Computing Coupled( 1 poisson-equation(s) , 1 current-contact-equation(s) , 
                   1 electron-equation(s) , 1 hole-equation(s) ) 
using Bank/Rose nonlinear solver.

Iteration   |Rhs|      factor     |step|     error   #inner  #iterative  time
------------------------------------------------------------------------------
    0      2.45e+01                                                      4.28
    1      2.36e-04   1.00e+00   3.36e-06   1.27e-01    0         1     23.80
Finished, because...
Error smaller than 1 ( 1.2718E-01 ).

Accumulated times:
Assembly time:        9.78 s
Solve time:     13.98 s
Total time:     23.80 s

contact        voltage     electron current    hole current  conduction current
 drain_N      5.000E-02       1.081E-21         1.398E-35        1.081E-21
 drain_P      0.000E+00      -3.235E-32        -1.755E-20       -1.755E-20
 gate         6.200E-01       0.000E+00         0.000E+00        0.000E+00
 source_N     0.000E+00       4.025E-20         2.003E-35        4.025E-20
 source_P     0.000E+00      -3.011E-32        -3.652E-20       -3.652E-20

Computing step from t=0.62 to t=0.625 (Stepsize: 5.0000e-03) :
Extrapolating values for t = 0.625 ... done.
Computing Coupled( 1 poisson-equation(s) , 1 current-contact-equation(s) , 
                   1 electron-equation(s) , 1 hole-equation(s) ) 
using Bank/Rose nonlinear solver.

Iteration   |Rhs|      factor     |step|     error   #inner  #iterative  time
------------------------------------------------------------------------------
    0      2.45e+01                                                      4.28
    1      2.37e-04   1.00e+00   3.36e-06   1.28e-01    0         1     23.36
Finished, because...
Error smaller than 1 ( 1.2791E-01 ).

Accumulated times:
Assembly time:        9.70 s
Solve time:     13.62 s
Total time:     23.36 s

contact        voltage     electron current    hole current  conduction current
 drain_N      5.000E-02       7.757E-20         1.398E-35        7.757E-20
 drain_P      0.000E+00      -3.247E-32        -8.789E-20       -8.789E-20
 gate         6.250E-01       0.000E+00         0.000E+00        0.000E+00
 source_N     0.000E+00       5.951E-20         2.007E-35        5.951E-20
 source_P     0.000E+00      -3.023E-32        -2.130E-20       -2.130E-20

Computing step from t=0.625 to t=0.63 (Stepsize: 5.0000e-03) :
Extrapolating values for t = 0.63 ... done.
Computing Coupled( 1 poisson-equation(s) , 1 current-contact-equation(s) , 
                   1 electron-equation(s) , 1 hole-equation(s) ) 
using Bank/Rose nonlinear solver.

Iteration   |Rhs|      factor     |step|     error   #inner  #iterative  time
------------------------------------------------------------------------------
    0      2.46e+01                                                      3.97
    1      2.38e-04   1.00e+00   3.37e-06   1.29e-01    0         1     21.37
Finished, because...
Error smaller than 1 ( 1.2864E-01 ).

Accumulated times:
Assembly time:        9.24 s
Solve time:     12.09 s
Total time:     21.37 s

contact        voltage     electron current    hole current  conduction current
 drain_N      5.000E-02       3.404E-20         1.394E-35        3.404E-20
 drain_P      0.000E+00      -3.258E-32        -3.844E-20       -3.844E-20
 gate         6.300E-01       0.000E+00         0.000E+00        0.000E+00
 source_N     0.000E+00      -3.545E-20         1.999E-35       -3.545E-20
 source_P     0.000E+00      -3.035E-32        -5.416E-21       -5.416E-21

Computing step from t=0.63 to t=0.635 (Stepsize: 5.0000e-03) :
Extrapolating values for t = 0.635 ... done.
Computing Coupled( 1 poisson-equation(s) , 1 current-contact-equation(s) , 
                   1 electron-equation(s) , 1 hole-equation(s) ) 
using Bank/Rose nonlinear solver.

Iteration   |Rhs|      factor     |step|     error   #inner  #iterative  time
------------------------------------------------------------------------------
    0      2.47e+01                                                      4.04
    1      2.39e-04   1.00e+00   3.37e-06   1.29e-01    0         1     21.15
Finished, because...
Error smaller than 1 ( 1.2937E-01 ).

Accumulated times:
Assembly time:        9.24 s
Solve time:     11.88 s
Total time:     21.15 s

contact        voltage     electron current    hole current  conduction current
 drain_N      5.000E-02       4.413E-20         1.396E-35        4.413E-20
 drain_P      0.000E+00      -3.269E-32         1.014E-19        1.014E-19
 gate         6.350E-01       0.000E+00         0.000E+00        0.000E+00
 source_N     0.000E+00       6.430E-20         2.001E-35        6.430E-20
 source_P     0.000E+00      -3.045E-32         3.825E-20        3.825E-20

Computing step from t=0.635 to t=0.64 (Stepsize: 5.0000e-03) :
Extrapolating values for t = 0.64 ... done.
Computing Coupled( 1 poisson-equation(s) , 1 current-contact-equation(s) , 
                   1 electron-equation(s) , 1 hole-equation(s) ) 
using Bank/Rose nonlinear solver.

Iteration   |Rhs|      factor     |step|     error   #inner  #iterative  time
------------------------------------------------------------------------------
    0      2.47e+01                                                      3.96
    1      2.40e-04   1.00e+00   3.38e-06   1.30e-01    0         1     21.13
Finished, because...
Error smaller than 1 ( 1.3011E-01 ).

Accumulated times:
Assembly time:        9.18 s
Solve time:     11.90 s
Total time:     21.13 s

contact        voltage     electron current    hole current  conduction current
 drain_N      5.000E-02       1.058E-20         1.393E-35        1.058E-20
 drain_P      0.000E+00      -3.279E-32        -5.878E-21       -5.878E-21
 gate         6.400E-01       0.000E+00         0.000E+00        0.000E+00
 source_N     0.000E+00       1.495E-20         1.998E-35        1.495E-20
 source_P     0.000E+00      -3.056E-32         1.985E-20        1.985E-20

Computing step from t=0.64 to t=0.645 (Stepsize: 5.0000e-03) :
Extrapolating values for t = 0.645 ... done.
Computing Coupled( 1 poisson-equation(s) , 1 current-contact-equation(s) , 
                   1 electron-equation(s) , 1 hole-equation(s) ) 
using Bank/Rose nonlinear solver.

Iteration   |Rhs|      factor     |step|     error   #inner  #iterative  time
------------------------------------------------------------------------------
    0      2.48e+01                                                      4.01
    1      2.41e-04   1.00e+00   3.38e-06   1.31e-01    0         1     21.37
Finished, because...
Error smaller than 1 ( 1.3084E-01 ).

Accumulated times:
Assembly time:        9.21 s
Solve time:     12.12 s
Total time:     21.37 s

contact        voltage     electron current    hole current  conduction current
 drain_N      5.000E-02      -4.161E-20         1.389E-35       -4.161E-20
 drain_P      0.000E+00      -3.288E-32        -5.741E-20       -5.741E-20
 gate         6.450E-01       0.000E+00         0.000E+00        0.000E+00
 source_N     0.000E+00       3.830E-20         2.000E-35        3.830E-20
 source_P     0.000E+00      -3.066E-32        -4.119E-20       -4.119E-20

Computing step from t=0.645 to t=0.65 (Stepsize: 5.0000e-03) :
Extrapolating values for t = 0.65 ... done.
Computing Coupled( 1 poisson-equation(s) , 1 current-contact-equation(s) , 
                   1 electron-equation(s) , 1 hole-equation(s) ) 
using Bank/Rose nonlinear solver.

Iteration   |Rhs|      factor     |step|     error   #inner  #iterative  time
------------------------------------------------------------------------------
    0      2.49e+01                                                      3.98
    1      2.41e-04   1.00e+00   3.39e-06   1.32e-01    0         1     21.08
Finished, because...
Error smaller than 1 ( 1.3158E-01 ).

Accumulated times:
Assembly time:        9.16 s
Solve time:     11.89 s
Total time:     21.08 s

contact        voltage     electron current    hole current  conduction current
 drain_N      5.000E-02       1.499E-20         1.387E-35        1.499E-20
 drain_P      0.000E+00      -3.297E-32         1.570E-20        1.570E-20
 gate         6.500E-01       0.000E+00         0.000E+00        0.000E+00
 source_N     0.000E+00       1.409E-21         1.996E-35        1.409E-21
 source_P     0.000E+00      -3.075E-32         2.045E-20        2.045E-20

Computing step from t=0.65 to t=0.655 (Stepsize: 5.0000e-03) :
Extrapolating values for t = 0.655 ... done.
Computing Coupled( 1 poisson-equation(s) , 1 current-contact-equation(s) , 
                   1 electron-equation(s) , 1 hole-equation(s) ) 
using Bank/Rose nonlinear solver.

Iteration   |Rhs|      factor     |step|     error   #inner  #iterative  time
------------------------------------------------------------------------------
    0      2.49e+01                                                      3.97
    1      2.42e-04   1.00e+00   3.39e-06   1.32e-01    0         1     21.05
Finished, because...
Error smaller than 1 ( 1.3232E-01 ).

Accumulated times:
Assembly time:        9.19 s
Solve time:     11.83 s
Total time:     21.06 s

contact        voltage     electron current    hole current  conduction current
 drain_N      5.000E-02       2.822E-20         1.388E-35        2.822E-20
 drain_P      0.000E+00      -3.305E-32        -5.520E-20       -5.520E-20
 gate         6.550E-01       0.000E+00         0.000E+00        0.000E+00
 source_N     0.000E+00       6.101E-21         1.998E-35        6.101E-21
 source_P     0.000E+00      -3.083E-32        -6.869E-21       -6.869E-21

Computing step from t=0.655 to t=0.66 (Stepsize: 5.0000e-03) :
Extrapolating values for t = 0.66 ... done.
Computing Coupled( 1 poisson-equation(s) , 1 current-contact-equation(s) , 
                   1 electron-equation(s) , 1 hole-equation(s) ) 
using Bank/Rose nonlinear solver.

Iteration   |Rhs|      factor     |step|     error   #inner  #iterative  time
------------------------------------------------------------------------------
    0      2.50e+01                                                      3.98
    1      2.43e-04   1.00e+00   3.40e-06   1.33e-01    0         1     21.28
Finished, because...
Error smaller than 1 ( 1.3305E-01 ).

Accumulated times:
Assembly time:        9.26 s
Solve time:     11.98 s
Total time:     21.28 s

contact        voltage     electron current    hole current  conduction current
 drain_N      5.000E-02      -1.854E-20         1.383E-35       -1.854E-20
 drain_P      0.000E+00      -3.312E-32         8.116E-20        8.116E-20
 gate         6.600E-01       0.000E+00         0.000E+00        0.000E+00
 source_N     0.000E+00      -3.767E-20         1.998E-35       -3.767E-20
 source_P     0.000E+00      -3.091E-32         4.646E-20        4.646E-20

Computing step from t=0.66 to t=0.665 (Stepsize: 5.0000e-03) :
Extrapolating values for t = 0.665 ... done.
Computing Coupled( 1 poisson-equation(s) , 1 current-contact-equation(s) , 
                   1 electron-equation(s) , 1 hole-equation(s) ) 
using Bank/Rose nonlinear solver.

Iteration   |Rhs|      factor     |step|     error   #inner  #iterative  time
------------------------------------------------------------------------------
    0      2.50e+01                                                      3.96
    1      2.44e-04   1.00e+00   3.40e-06   1.34e-01    0         1     21.06
Finished, because...
Error smaller than 1 ( 1.3379E-01 ).

Accumulated times:
Assembly time:        9.17 s
Solve time:     11.86 s
Total time:     21.06 s

contact        voltage     electron current    hole current  conduction current
 drain_N      5.000E-02       6.148E-20         1.387E-35        6.148E-20
 drain_P      0.000E+00      -3.319E-32        -5.034E-21       -5.034E-21
 gate         6.650E-01       0.000E+00         0.000E+00        0.000E+00
 source_N     0.000E+00      -2.923E-20         1.994E-35       -2.923E-20
 source_P     0.000E+00      -3.099E-32        -4.586E-20       -4.586E-20

Computing step from t=0.665 to t=0.67 (Stepsize: 5.0000e-03) :
Extrapolating values for t = 0.67 ... done.
Computing Coupled( 1 poisson-equation(s) , 1 current-contact-equation(s) , 
                   1 electron-equation(s) , 1 hole-equation(s) ) 
using Bank/Rose nonlinear solver.

Iteration   |Rhs|      factor     |step|     error   #inner  #iterative  time
------------------------------------------------------------------------------
    0      2.51e+01                                                      3.97
    1      2.45e-04   1.00e+00   3.40e-06   1.35e-01    0         1     21.06
Finished, because...
Error smaller than 1 ( 1.3452E-01 ).

Accumulated times:
Assembly time:        9.17 s
Solve time:     11.85 s
Total time:     21.06 s

contact        voltage     electron current    hole current  conduction current
 drain_N      5.000E-02       5.034E-20         1.386E-35        5.034E-20
 drain_P      0.000E+00      -3.325E-32         5.234E-20        5.234E-20
 gate         6.700E-01       0.000E+00         0.000E+00        0.000E+00
 source_N     0.000E+00       9.522E-21         1.995E-35        9.522E-21
 source_P     0.000E+00      -3.105E-32         9.556E-21        9.556E-21

Computing step from t=0.67 to t=0.675 (Stepsize: 5.0000e-03) :
Extrapolating values for t = 0.675 ... done.
Computing Coupled( 1 poisson-equation(s) , 1 current-contact-equation(s) , 
                   1 electron-equation(s) , 1 hole-equation(s) ) 
using Bank/Rose nonlinear solver.

Iteration   |Rhs|      factor     |step|     error   #inner  #iterative  time
------------------------------------------------------------------------------
    0      2.52e+01                                                      3.95
    1      2.46e-04   1.00e+00   3.41e-06   1.35e-01    0         1     21.16
Finished, because...
Error smaller than 1 ( 1.3525E-01 ).

Accumulated times:
Assembly time:        9.23 s
Solve time:     11.90 s
Total time:     21.16 s

contact        voltage     electron current    hole current  conduction current
 drain_N      5.000E-02      -3.595E-20         1.383E-35       -3.595E-20
 drain_P      0.000E+00      -3.331E-32         9.180E-21        9.180E-21
 gate         6.750E-01       0.000E+00         0.000E+00        0.000E+00
 source_N     0.000E+00       3.107E-20         1.997E-35        3.107E-20
 source_P     0.000E+00      -3.112E-32        -6.930E-20       -6.930E-20

Computing step from t=0.675 to t=0.68 (Stepsize: 5.0000e-03) :
Extrapolating values for t = 0.68 ... done.
Computing Coupled( 1 poisson-equation(s) , 1 current-contact-equation(s) , 
                   1 electron-equation(s) , 1 hole-equation(s) ) 
using Bank/Rose nonlinear solver.

Iteration   |Rhs|      factor     |step|     error   #inner  #iterative  time
------------------------------------------------------------------------------
    0      2.52e+01                                                      3.95
    1      2.47e-04   1.00e+00   3.41e-06   1.36e-01    0         1     21.25
Finished, because...
Error smaller than 1 ( 1.3599E-01 ).

Accumulated times:
Assembly time:        9.10 s
Solve time:     12.11 s
Total time:     21.25 s

contact        voltage     electron current    hole current  conduction current
 drain_N      5.000E-02      -4.736E-20         1.379E-35       -4.736E-20
 drain_P      0.000E+00      -3.336E-32        -6.523E-20       -6.523E-20
 gate         6.800E-01       0.000E+00         0.000E+00        0.000E+00
 source_N     0.000E+00      -4.107E-21         1.991E-35       -4.107E-21
 source_P     0.000E+00      -3.118E-32        -7.202E-20       -7.202E-20

Computing step from t=0.68 to t=0.685 (Stepsize: 5.0000e-03) :
Extrapolating values for t = 0.685 ... done.
Computing Coupled( 1 poisson-equation(s) , 1 current-contact-equation(s) , 
                   1 electron-equation(s) , 1 hole-equation(s) ) 
using Bank/Rose nonlinear solver.

Iteration   |Rhs|      factor     |step|     error   #inner  #iterative  time
------------------------------------------------------------------------------
    0      2.53e+01                                                      3.98
    1      2.48e-04   1.00e+00   3.42e-06   1.37e-01    0         1     21.07
Finished, because...
Error smaller than 1 ( 1.3672E-01 ).

Accumulated times:
Assembly time:        9.18 s
Solve time:     11.84 s
Total time:     21.07 s

contact        voltage     electron current    hole current  conduction current
 drain_N      5.000E-02      -4.434E-20         1.379E-35       -4.434E-20
 drain_P      0.000E+00      -3.341E-32         1.853E-20        1.853E-20
 gate         6.850E-01       0.000E+00         0.000E+00        0.000E+00
 source_N     0.000E+00      -2.130E-20         1.988E-35       -2.130E-20
 source_P     0.000E+00      -3.123E-32         7.609E-20        7.609E-20

Computing step from t=0.685 to t=0.69 (Stepsize: 5.0000e-03) :
Extrapolating values for t = 0.69 ... done.
Computing Coupled( 1 poisson-equation(s) , 1 current-contact-equation(s) , 
                   1 electron-equation(s) , 1 hole-equation(s) ) 
using Bank/Rose nonlinear solver.

Iteration   |Rhs|      factor     |step|     error   #inner  #iterative  time
------------------------------------------------------------------------------
    0      2.54e+01                                                      3.97
    1      2.48e-04   1.00e+00   3.42e-06   1.37e-01    0         1     21.16
Finished, because...
Error smaller than 1 ( 1.3746E-01 ).

Accumulated times:
Assembly time:        9.22 s
Solve time:     11.91 s
Total time:     21.16 s

contact        voltage     electron current    hole current  conduction current
 drain_N      5.000E-02      -9.414E-21         1.378E-35       -9.414E-21
 drain_P      0.000E+00      -3.344E-32         6.859E-21        6.859E-21
 gate         6.900E-01       0.000E+00         0.000E+00        0.000E+00
 source_N     0.000E+00       7.538E-22         1.991E-35        7.538E-22
 source_P     0.000E+00      -3.127E-32        -4.167E-20       -4.167E-20

Computing step from t=0.69 to t=0.695 (Stepsize: 5.0000e-03) :
Extrapolating values for t = 0.695 ... done.
Computing Coupled( 1 poisson-equation(s) , 1 current-contact-equation(s) , 
                   1 electron-equation(s) , 1 hole-equation(s) ) 
using Bank/Rose nonlinear solver.

Iteration   |Rhs|      factor     |step|     error   #inner  #iterative  time
------------------------------------------------------------------------------
    0      2.54e+01                                                      3.98
    1      2.49e-04   1.00e+00   3.42e-06   1.38e-01    0         1     21.07
Finished, because...
Error smaller than 1 ( 1.3819E-01 ).

Accumulated times:
Assembly time:        9.20 s
Solve time:     11.83 s
Total time:     21.07 s

contact        voltage     electron current    hole current  conduction current
 drain_N      5.000E-02      -6.855E-21         1.377E-35       -6.855E-21
 drain_P      0.000E+00      -3.348E-32         8.673E-22        8.673E-22
 gate         6.950E-01       0.000E+00         0.000E+00        0.000E+00
 source_N     0.000E+00      -2.221E-20         1.989E-35       -2.221E-20
 source_P     0.000E+00      -3.132E-32        -6.728E-21       -6.728E-21

Computing step from t=0.695 to t=0.7 (Stepsize: 5.0000e-03) :
Extrapolating values for t = 0.7 ... done.
Computing Coupled( 1 poisson-equation(s) , 1 current-contact-equation(s) , 
                   1 electron-equation(s) , 1 hole-equation(s) ) 
using Bank/Rose nonlinear solver.

Iteration   |Rhs|      factor     |step|     error   #inner  #iterative  time
------------------------------------------------------------------------------
    0      2.55e+01                                                      3.95
    1      2.50e-04   1.00e+00   3.43e-06   1.39e-01    0         1     21.07
Finished, because...
Error smaller than 1 ( 1.3893E-01 ).

Accumulated times:
Assembly time:        9.14 s
Solve time:     11.89 s
Total time:     21.07 s

contact        voltage     electron current    hole current  conduction current
 drain_N      5.000E-02       1.591E-20         1.376E-35        1.591E-20
 drain_P      0.000E+00      -3.351E-32        -5.516E-20       -5.516E-20
 gate         7.000E-01       0.000E+00         0.000E+00        0.000E+00
 source_N     0.000E+00      -2.469E-20         1.989E-35       -2.469E-20
 source_P     0.000E+00      -3.135E-32         2.453E-20        2.453E-20

Computing step from t=0.7 to t=0.705 (Stepsize: 5.0000e-03) :
Extrapolating values for t = 0.705 ... done.
Computing Coupled( 1 poisson-equation(s) , 1 current-contact-equation(s) , 
                   1 electron-equation(s) , 1 hole-equation(s) ) 
using Bank/Rose nonlinear solver.

Iteration   |Rhs|      factor     |step|     error   #inner  #iterative  time
------------------------------------------------------------------------------
    0      2.56e+01                                                      4.01
    1      2.51e-04   1.00e+00   3.43e-06   1.40e-01    0         1     21.33
Finished, because...
Error smaller than 1 ( 1.3966E-01 ).

Accumulated times:
Assembly time:        9.25 s
Solve time:     12.05 s
Total time:     21.33 s

contact        voltage     electron current    hole current  conduction current
 drain_N      5.000E-02       2.941E-21         1.378E-35        2.941E-21
 drain_P      0.000E+00      -3.353E-32        -3.270E-20       -3.270E-20
 gate         7.050E-01       0.000E+00         0.000E+00        0.000E+00
 source_N     0.000E+00      -6.783E-20         1.988E-35       -6.783E-20
 source_P     0.000E+00      -3.138E-32        -1.480E-20       -1.480E-20

Computing step from t=0.705 to t=0.71 (Stepsize: 5.0000e-03) :
Extrapolating values for t = 0.71 ... done.
Computing Coupled( 1 poisson-equation(s) , 1 current-contact-equation(s) , 
                   1 electron-equation(s) , 1 hole-equation(s) ) 
using Bank/Rose nonlinear solver.

Iteration   |Rhs|      factor     |step|     error   #inner  #iterative  time
------------------------------------------------------------------------------
    0      2.56e+01                                                      3.95
    1      2.52e-04   1.00e+00   3.44e-06   1.40e-01    0         1     21.01
Finished, because...
Error smaller than 1 ( 1.4039E-01 ).

Accumulated times:
Assembly time:        9.15 s
Solve time:     11.82 s
Total time:     21.01 s

contact        voltage     electron current    hole current  conduction current
 drain_N      5.000E-02       6.130E-20         1.377E-35        6.130E-20
 drain_P      0.000E+00      -3.355E-32         5.210E-21        5.210E-21
 gate         7.100E-01       0.000E+00         0.000E+00        0.000E+00
 source_N     0.000E+00      -4.908E-21         1.988E-35       -4.908E-21
 source_P     0.000E+00      -3.141E-32        -2.767E-21       -2.767E-21

Computing step from t=0.71 to t=0.715 (Stepsize: 5.0000e-03) :
Extrapolating values for t = 0.715 ... done.
Computing Coupled( 1 poisson-equation(s) , 1 current-contact-equation(s) , 
                   1 electron-equation(s) , 1 hole-equation(s) ) 
using Bank/Rose nonlinear solver.

Iteration   |Rhs|      factor     |step|     error   #inner  #iterative  time
------------------------------------------------------------------------------
    0      2.57e+01                                                      3.95
    1      2.53e-04   1.00e+00   3.44e-06   1.41e-01    0         1     21.03
Finished, because...
Error smaller than 1 ( 1.4112E-01 ).

Accumulated times:
Assembly time:        9.20 s
Solve time:     11.79 s
Total time:     21.03 s

contact        voltage     electron current    hole current  conduction current
 drain_N      5.000E-02       1.969E-20         1.376E-35        1.969E-20
 drain_P      0.000E+00      -3.356E-32         4.516E-20        4.516E-20
 gate         7.150E-01       0.000E+00         0.000E+00        0.000E+00
 source_N     0.000E+00      -2.955E-23         1.987E-35       -2.955E-23
 source_P     0.000E+00      -3.143E-32         1.623E-20        1.623E-20

Computing step from t=0.715 to t=0.72 (Stepsize: 5.0000e-03) :
Extrapolating values for t = 0.72 ... done.
Computing Coupled( 1 poisson-equation(s) , 1 current-contact-equation(s) , 
                   1 electron-equation(s) , 1 hole-equation(s) ) 
using Bank/Rose nonlinear solver.

Iteration   |Rhs|      factor     |step|     error   #inner  #iterative  time
------------------------------------------------------------------------------
    0      2.58e+01                                                      3.97
    1      2.54e-04   1.00e+00   3.44e-06   1.42e-01    0         1     21.20
Finished, because...
Error smaller than 1 ( 1.4184E-01 ).

Accumulated times:
Assembly time:        9.24 s
Solve time:     11.92 s
Total time:     21.20 s

contact        voltage     electron current    hole current  conduction current
 drain_N      5.000E-02       1.571E-21         1.377E-35        1.571E-21
 drain_P      0.000E+00      -3.357E-32         5.426E-20        5.426E-20
 gate         7.200E-01       0.000E+00         0.000E+00        0.000E+00
 source_N     0.000E+00      -1.049E-21         1.991E-35       -1.049E-21
 source_P     0.000E+00      -3.145E-32         1.003E-20        1.003E-20

Computing step from t=0.72 to t=0.725 (Stepsize: 5.0000e-03) :
Extrapolating values for t = 0.725 ... done.
Computing Coupled( 1 poisson-equation(s) , 1 current-contact-equation(s) , 
                   1 electron-equation(s) , 1 hole-equation(s) ) 
using Bank/Rose nonlinear solver.

Iteration   |Rhs|      factor     |step|     error   #inner  #iterative  time
------------------------------------------------------------------------------
    0      2.58e+01                                                      3.96
    1      2.55e-04   1.00e+00   3.45e-06   1.43e-01    0         1     21.39
Finished, because...
Error smaller than 1 ( 1.4256E-01 ).

Accumulated times:
Assembly time:        9.39 s
Solve time:     11.98 s
Total time:     21.39 s

contact        voltage     electron current    hole current  conduction current
 drain_N      5.000E-02      -2.316E-20         1.371E-35       -2.316E-20
 drain_P      0.000E+00      -3.358E-32        -6.985E-21       -6.985E-21
 gate         7.250E-01       0.000E+00         0.000E+00        0.000E+00
 source_N     0.000E+00       1.112E-21         1.987E-35        1.112E-21
 source_P     0.000E+00      -3.146E-32         2.854E-20        2.854E-20

Computing step from t=0.725 to t=0.73 (Stepsize: 5.0000e-03) :
Extrapolating values for t = 0.73 ... done.
Computing Coupled( 1 poisson-equation(s) , 1 current-contact-equation(s) , 
                   1 electron-equation(s) , 1 hole-equation(s) ) 
using Bank/Rose nonlinear solver.

Iteration   |Rhs|      factor     |step|     error   #inner  #iterative  time
------------------------------------------------------------------------------
    0      2.59e+01                                                      4.14
    1      2.55e-04   1.00e+00   3.45e-06   1.43e-01    0         1     21.96
Finished, because...
Error smaller than 1 ( 1.4328E-01 ).

Accumulated times:
Assembly time:        9.61 s
Solve time:     12.32 s
Total time:     21.96 s

contact        voltage     electron current    hole current  conduction current
 drain_N      5.000E-02      -2.594E-21         1.370E-35       -2.594E-21
 drain_P      0.000E+00      -3.358E-32        -7.038E-21       -7.038E-21
 gate         7.300E-01       0.000E+00         0.000E+00        0.000E+00
 source_N     0.000E+00      -3.224E-20         1.986E-35       -3.224E-20
 source_P     0.000E+00      -3.147E-32         2.353E-20        2.353E-20

Computing step from t=0.73 to t=0.735 (Stepsize: 5.0000e-03) :
Extrapolating values for t = 0.735 ... done.
Computing Coupled( 1 poisson-equation(s) , 1 current-contact-equation(s) , 
                   1 electron-equation(s) , 1 hole-equation(s) ) 
using Bank/Rose nonlinear solver.

Iteration   |Rhs|      factor     |step|     error   #inner  #iterative  time
------------------------------------------------------------------------------
    0      2.59e+01                                                      4.14
    1      2.56e-04   1.00e+00   3.46e-06   1.44e-01    0         1     22.33
Finished, because...
Error smaller than 1 ( 1.4400E-01 ).

Accumulated times:
Assembly time:        9.68 s
Solve time:     12.62 s
Total time:     22.33 s

contact        voltage     electron current    hole current  conduction current
 drain_N      5.000E-02      -4.348E-22         1.372E-35       -4.348E-22
 drain_P      0.000E+00      -3.357E-32        -1.886E-20       -1.886E-20
 gate         7.350E-01       0.000E+00         0.000E+00        0.000E+00
 source_N     0.000E+00      -3.575E-21         1.984E-35       -3.575E-21
 source_P     0.000E+00      -3.148E-32        -6.594E-21       -6.594E-21

Computing step from t=0.735 to t=0.74 (Stepsize: 5.0000e-03) :
Extrapolating values for t = 0.74 ... done.
Computing Coupled( 1 poisson-equation(s) , 1 current-contact-equation(s) , 
                   1 electron-equation(s) , 1 hole-equation(s) ) 
using Bank/Rose nonlinear solver.

Iteration   |Rhs|      factor     |step|     error   #inner  #iterative  time
------------------------------------------------------------------------------
    0      2.60e+01                                                      4.13
    1      2.57e-04   1.00e+00   3.46e-06   1.45e-01    0         1     21.99
Finished, because...
Error smaller than 1 ( 1.4472E-01 ).

Accumulated times:
Assembly time:        9.56 s
Solve time:     12.39 s
Total time:     21.99 s

contact        voltage     electron current    hole current  conduction current
 drain_N      5.000E-02       7.871E-20         1.373E-35        7.871E-20
 drain_P      0.000E+00      -3.357E-32        -2.139E-20       -2.139E-20
 gate         7.400E-01       0.000E+00         0.000E+00        0.000E+00
 source_N     0.000E+00       5.199E-20         1.987E-35        5.199E-20
 source_P     0.000E+00      -3.148E-32        -1.303E-20       -1.303E-20

Computing step from t=0.74 to t=0.745 (Stepsize: 5.0000e-03) :
Extrapolating values for t = 0.745 ... done.
Computing Coupled( 1 poisson-equation(s) , 1 current-contact-equation(s) , 
                   1 electron-equation(s) , 1 hole-equation(s) ) 
using Bank/Rose nonlinear solver.

Iteration   |Rhs|      factor     |step|     error   #inner  #iterative  time
------------------------------------------------------------------------------
    0      2.61e+01                                                      4.16
    1      2.58e-04   1.00e+00   3.46e-06   1.45e-01    0         1     22.05
Finished, because...
Error smaller than 1 ( 1.4544E-01 ).

Accumulated times:
Assembly time:        9.65 s
Solve time:     12.35 s
Total time:     22.05 s

contact        voltage     electron current    hole current  conduction current
 drain_N      5.000E-02       3.019E-20         1.370E-35        3.019E-20
 drain_P      0.000E+00      -3.355E-32         1.308E-20        1.308E-20
 gate         7.450E-01       0.000E+00         0.000E+00        0.000E+00
 source_N     0.000E+00      -7.268E-21         1.985E-35       -7.268E-21
 source_P     0.000E+00      -3.147E-32        -1.152E-20       -1.152E-20

Computing step from t=0.745 to t=0.75 (Stepsize: 5.0000e-03) :
Extrapolating values for t = 0.75 ... done.
Computing Coupled( 1 poisson-equation(s) , 1 current-contact-equation(s) , 
                   1 electron-equation(s) , 1 hole-equation(s) ) 
using Bank/Rose nonlinear solver.

Iteration   |Rhs|      factor     |step|     error   #inner  #iterative  time
------------------------------------------------------------------------------
    0      2.61e+01                                                      4.15
    1      2.60e-04   1.00e+00   3.47e-06   1.46e-01    0         1     21.98
Finished, because...
Error smaller than 1 ( 1.4615E-01 ).

Accumulated times:
Assembly time:        9.60 s
Solve time:     12.34 s
Total time:     21.98 s

contact        voltage     electron current    hole current  conduction current
 drain_N      5.000E-02       7.597E-21         1.368E-35        7.597E-21
 drain_P      0.000E+00      -3.354E-32         4.143E-21        4.143E-21
 gate         7.500E-01       0.000E+00         0.000E+00        0.000E+00
 source_N     0.000E+00      -3.293E-20         1.985E-35       -3.293E-20
 source_P     0.000E+00      -3.147E-32         9.161E-20        9.161E-20

Computing step from t=0.75 to t=0.755 (Stepsize: 5.0000e-03) :
Extrapolating values for t = 0.755 ... done.
Computing Coupled( 1 poisson-equation(s) , 1 current-contact-equation(s) , 
                   1 electron-equation(s) , 1 hole-equation(s) ) 
using Bank/Rose nonlinear solver.

Iteration   |Rhs|      factor     |step|     error   #inner  #iterative  time
------------------------------------------------------------------------------
    0      2.62e+01                                                      4.13
    1      2.60e-04   1.00e+00   3.47e-06   1.47e-01    0         1     21.90
Finished, because...
Error smaller than 1 ( 1.4686E-01 ).

Accumulated times:
Assembly time:        9.55 s
Solve time:     12.32 s
Total time:     21.90 s

contact        voltage     electron current    hole current  conduction current
 drain_N      5.000E-02       5.737E-20         1.372E-35        5.737E-20
 drain_P      0.000E+00      -3.352E-32         3.588E-20        3.588E-20
 gate         7.550E-01       0.000E+00         0.000E+00        0.000E+00
 source_N     0.000E+00       4.587E-20         1.984E-35        4.587E-20
 source_P     0.000E+00      -3.146E-32        -1.898E-20       -1.898E-20

Computing step from t=0.755 to t=0.76 (Stepsize: 5.0000e-03) :
Extrapolating values for t = 0.76 ... done.
Computing Coupled( 1 poisson-equation(s) , 1 current-contact-equation(s) , 
                   1 electron-equation(s) , 1 hole-equation(s) ) 
using Bank/Rose nonlinear solver.

Iteration   |Rhs|      factor     |step|     error   #inner  #iterative  time
------------------------------------------------------------------------------
    0      2.62e+01                                                      4.11
    1      2.61e-04   1.00e+00   3.47e-06   1.48e-01    0         1     21.83
Finished, because...
Error smaller than 1 ( 1.4756E-01 ).

Accumulated times:
Assembly time:        9.54 s
Solve time:     12.25 s
Total time:     21.83 s

contact        voltage     electron current    hole current  conduction current
 drain_N      5.000E-02      -1.066E-20         1.369E-35       -1.066E-20
 drain_P      0.000E+00      -3.350E-32        -6.431E-20       -6.431E-20
 gate         7.600E-01       0.000E+00         0.000E+00        0.000E+00
 source_N     0.000E+00      -4.860E-20         1.981E-35       -4.860E-20
 source_P     0.000E+00      -3.144E-32        -1.864E-20       -1.864E-20

Computing step from t=0.76 to t=0.765 (Stepsize: 5.0000e-03) :
Extrapolating values for t = 0.765 ... done.
Computing Coupled( 1 poisson-equation(s) , 1 current-contact-equation(s) , 
                   1 electron-equation(s) , 1 hole-equation(s) ) 
using Bank/Rose nonlinear solver.

Iteration   |Rhs|      factor     |step|     error   #inner  #iterative  time
------------------------------------------------------------------------------
    0      2.63e+01                                                      4.13
    1      2.62e-04   1.00e+00   3.48e-06   1.48e-01    0         1     22.72
Finished, because...
Error smaller than 1 ( 1.4825E-01 ).

Accumulated times:
Assembly time:       10.17 s
Solve time:     12.48 s
Total time:     22.72 s

contact        voltage     electron current    hole current  conduction current
 drain_N      5.000E-02       8.988E-20         1.368E-35        8.988E-20
 drain_P      0.000E+00      -3.347E-32        -6.391E-21       -6.391E-21
 gate         7.650E-01       0.000E+00         0.000E+00        0.000E+00
 source_N     0.000E+00       8.680E-21         1.985E-35        8.680E-21
 source_P     0.000E+00      -3.142E-32        -9.410E-20       -9.410E-20

Computing step from t=0.765 to t=0.77 (Stepsize: 5.0000e-03) :
Extrapolating values for t = 0.77 ... done.
Computing Coupled( 1 poisson-equation(s) , 1 current-contact-equation(s) , 
                   1 electron-equation(s) , 1 hole-equation(s) ) 
using Bank/Rose nonlinear solver.

Iteration   |Rhs|      factor     |step|     error   #inner  #iterative  time
------------------------------------------------------------------------------
    0      2.63e+01                                                      4.53
    1      2.63e-04   1.00e+00   3.48e-06   1.49e-01    0         1     22.77
Finished, because...
Error smaller than 1 ( 1.4894E-01 ).

Accumulated times:
Assembly time:       10.20 s
Solve time:     12.52 s
Total time:     22.77 s

contact        voltage     electron current    hole current  conduction current
 drain_N      5.000E-02       2.493E-20         1.367E-35        2.493E-20
 drain_P      0.000E+00      -3.344E-32         7.347E-21        7.347E-21
 gate         7.700E-01       0.000E+00         0.000E+00        0.000E+00
 source_N     0.000E+00      -2.626E-20         1.981E-35       -2.626E-20
 source_P     0.000E+00      -3.140E-32        -3.300E-20       -3.300E-20

Computing step from t=0.77 to t=0.775 (Stepsize: 5.0000e-03) :
Extrapolating values for t = 0.775 ... done.
Computing Coupled( 1 poisson-equation(s) , 1 current-contact-equation(s) , 
                   1 electron-equation(s) , 1 hole-equation(s) ) 
using Bank/Rose nonlinear solver.

Iteration   |Rhs|      factor     |step|     error   #inner  #iterative  time
------------------------------------------------------------------------------
    0      2.64e+01                                                      4.14
    1      2.64e-04   1.00e+00   3.48e-06   1.50e-01    0         1     22.01
Finished, because...
Error smaller than 1 ( 1.4963E-01 ).

Accumulated times:
Assembly time:        9.66 s
Solve time:     12.31 s
Total time:     22.01 s

contact        voltage     electron current    hole current  conduction current
 drain_N      5.000E-02       7.489E-20         1.368E-35        7.489E-20
 drain_P      0.000E+00      -3.341E-32        -3.810E-20       -3.810E-20
 gate         7.750E-01       0.000E+00         0.000E+00        0.000E+00
 source_N     0.000E+00      -1.852E-20         1.986E-35       -1.852E-20
 source_P     0.000E+00      -3.138E-32        -8.683E-21       -8.683E-21

Computing step from t=0.775 to t=0.78 (Stepsize: 5.0000e-03) :
Extrapolating values for t = 0.78 ... done.
Computing Coupled( 1 poisson-equation(s) , 1 current-contact-equation(s) , 
                   1 electron-equation(s) , 1 hole-equation(s) ) 
using Bank/Rose nonlinear solver.

Iteration   |Rhs|      factor     |step|     error   #inner  #iterative  time
------------------------------------------------------------------------------
    0      2.64e+01                                                      4.14
    1      2.65e-04   1.00e+00   3.49e-06   1.50e-01    0         1     22.06
Finished, because...
Error smaller than 1 ( 1.5032E-01 ).

Accumulated times:
Assembly time:        9.67 s
Solve time:     12.36 s
Total time:     22.06 s

contact        voltage     electron current    hole current  conduction current
 drain_N      5.000E-02       1.595E-20         1.366E-35        1.595E-20
 drain_P      0.000E+00      -3.337E-32        -2.429E-20       -2.429E-20
 gate         7.800E-01       0.000E+00         0.000E+00        0.000E+00
 source_N     0.000E+00       1.833E-20         1.981E-35        1.833E-20
 source_P     0.000E+00      -3.135E-32         5.580E-20        5.580E-20

Computing step from t=0.78 to t=0.785 (Stepsize: 5.0000e-03) :
Extrapolating values for t = 0.785 ... done.
Computing Coupled( 1 poisson-equation(s) , 1 current-contact-equation(s) , 
                   1 electron-equation(s) , 1 hole-equation(s) ) 
using Bank/Rose nonlinear solver.

Iteration   |Rhs|      factor     |step|     error   #inner  #iterative  time
------------------------------------------------------------------------------
    0      2.65e+01                                                      4.18
    1      2.66e-04   1.00e+00   3.49e-06   1.51e-01    0         1     21.97
Finished, because...
Error smaller than 1 ( 1.5100E-01 ).

Accumulated times:
Assembly time:        9.61 s
Solve time:     12.33 s
Total time:     21.97 s

contact        voltage     electron current    hole current  conduction current
 drain_N      5.000E-02       2.473E-20         1.361E-35        2.473E-20
 drain_P      0.000E+00      -3.333E-32         8.288E-20        8.288E-20
 gate         7.850E-01       0.000E+00         0.000E+00        0.000E+00
 source_N     0.000E+00      -2.094E-21         1.983E-35       -2.094E-21
 source_P     0.000E+00      -3.132E-32         1.968E-20        1.968E-20

Computing step from t=0.785 to t=0.79 (Stepsize: 5.0000e-03) :
Extrapolating values for t = 0.79 ... done.
Computing Coupled( 1 poisson-equation(s) , 1 current-contact-equation(s) , 
                   1 electron-equation(s) , 1 hole-equation(s) ) 
using Bank/Rose nonlinear solver.

Iteration   |Rhs|      factor     |step|     error   #inner  #iterative  time
------------------------------------------------------------------------------
    0      2.65e+01                                                      4.13
    1      2.67e-04   1.00e+00   3.49e-06   1.52e-01    0         1     21.92
Finished, because...
Error smaller than 1 ( 1.5168E-01 ).

Accumulated times:
Assembly time:        9.56 s
Solve time:     12.31 s
Total time:     21.92 s

contact        voltage     electron current    hole current  conduction current
 drain_N      5.000E-02      -1.640E-20         1.365E-35       -1.640E-20
 drain_P      0.000E+00      -3.329E-32         2.299E-20        2.299E-20
 gate         7.900E-01       0.000E+00         0.000E+00        0.000E+00
 source_N     0.000E+00       2.634E-20         1.981E-35        2.634E-20
 source_P     0.000E+00      -3.129E-32        -1.364E-20       -1.364E-20

Computing step from t=0.79 to t=0.795 (Stepsize: 5.0000e-03) :
Extrapolating values for t = 0.795 ... done.
Computing Coupled( 1 poisson-equation(s) , 1 current-contact-equation(s) , 
                   1 electron-equation(s) , 1 hole-equation(s) ) 
using Bank/Rose nonlinear solver.

Iteration   |Rhs|      factor     |step|     error   #inner  #iterative  time
------------------------------------------------------------------------------
    0      2.66e+01                                                      4.18
    1      2.68e-04   1.00e+00   3.50e-06   1.52e-01    0         1     21.97
Finished, because...
Error smaller than 1 ( 1.5236E-01 ).

Accumulated times:
Assembly time:        9.61 s
Solve time:     12.33 s
Total time:     21.97 s

contact        voltage     electron current    hole current  conduction current
 drain_N      5.000E-02      -2.467E-20         1.363E-35       -2.467E-20
 drain_P      0.000E+00      -3.324E-32        -6.714E-21       -6.714E-21
 gate         7.950E-01       0.000E+00         0.000E+00        0.000E+00
 source_N     0.000E+00      -6.859E-20         1.978E-35       -6.859E-20
 source_P     0.000E+00      -3.125E-32        -1.126E-20       -1.126E-20

Computing step from t=0.795 to t=0.8 (Stepsize: 5.0000e-03) :
Extrapolating values for t = 0.8 ... done.
Computing Coupled( 1 poisson-equation(s) , 1 current-contact-equation(s) , 
                   1 electron-equation(s) , 1 hole-equation(s) ) 
using Bank/Rose nonlinear solver.

Iteration   |Rhs|      factor     |step|     error   #inner  #iterative  time
------------------------------------------------------------------------------
    0      2.66e+01                                                      4.15
    1      2.67e-04   1.00e+00   3.50e-06   1.53e-01    0         1     21.98
Finished, because...
Error smaller than 1 ( 1.5303E-01 ).

Accumulated times:
Assembly time:        9.58 s
Solve time:     12.35 s
Total time:     21.98 s

contact        voltage     electron current    hole current  conduction current
 drain_N      5.000E-02       6.338E-20         1.362E-35        6.338E-20
 drain_P      0.000E+00      -3.320E-32         2.184E-20        2.184E-20
 gate         8.000E-01       0.000E+00         0.000E+00        0.000E+00
 source_N     0.000E+00       7.163E-20         1.983E-35        7.163E-20
 source_P     0.000E+00      -3.121E-32        -2.693E-20       -2.693E-20

Computing step from t=0.8 to t=0.805 (Stepsize: 5.0000e-03) :
Extrapolating values for t = 0.805 ... done.
Computing Coupled( 1 poisson-equation(s) , 1 current-contact-equation(s) , 
                   1 electron-equation(s) , 1 hole-equation(s) ) 
using Bank/Rose nonlinear solver.

Iteration   |Rhs|      factor     |step|     error   #inner  #iterative  time
------------------------------------------------------------------------------
    0      2.67e+01                                                      4.13
    1      2.71e-04   1.00e+00   3.50e-06   1.54e-01    0         1     22.20
Finished, because...
Error smaller than 1 ( 1.5370E-01 ).

Accumulated times:
Assembly time:        9.63 s
Solve time:     12.53 s
Total time:     22.20 s

contact        voltage     electron current    hole current  conduction current
 drain_N      5.000E-02      -1.276E-20         1.362E-35       -1.276E-20
 drain_P      0.000E+00      -3.315E-32         2.538E-20        2.538E-20
 gate         8.050E-01       0.000E+00         0.000E+00        0.000E+00
 source_N     0.000E+00      -2.196E-20         1.983E-35       -2.196E-20
 source_P     0.000E+00      -3.117E-32         5.604E-20        5.604E-20

Computing step from t=0.805 to t=0.81 (Stepsize: 5.0000e-03) :
Extrapolating values for t = 0.81 ... done.
Computing Coupled( 1 poisson-equation(s) , 1 current-contact-equation(s) , 
                   1 electron-equation(s) , 1 hole-equation(s) ) 
using Bank/Rose nonlinear solver.

Iteration   |Rhs|      factor     |step|     error   #inner  #iterative  time
------------------------------------------------------------------------------
    0      2.67e+01                                                      4.16
    1      2.70e-04   1.00e+00   3.51e-06   1.54e-01    0         1     21.89
Finished, because...
Error smaller than 1 ( 1.5435E-01 ).

Accumulated times:
Assembly time:        9.58 s
Solve time:     12.28 s
Total time:     21.89 s

contact        voltage     electron current    hole current  conduction current
 drain_N      5.000E-02       1.456E-20         1.366E-35        1.456E-20
 drain_P      0.000E+00      -3.310E-32        -2.200E-20       -2.200E-20
 gate         8.100E-01       0.000E+00         0.000E+00        0.000E+00
 source_N     0.000E+00      -3.817E-20         1.979E-35       -3.817E-20
 source_P     0.000E+00      -3.113E-32         3.128E-20        3.128E-20

Computing step from t=0.81 to t=0.815 (Stepsize: 5.0000e-03) :
Extrapolating values for t = 0.815 ... done.
Computing Coupled( 1 poisson-equation(s) , 1 current-contact-equation(s) , 
                   1 electron-equation(s) , 1 hole-equation(s) ) 
using Bank/Rose nonlinear solver.

Iteration   |Rhs|      factor     |step|     error   #inner  #iterative  time
------------------------------------------------------------------------------
    0      2.68e+01                                                      4.14
    1      2.70e-04   1.00e+00   3.51e-06   1.55e-01    0         1     22.04
Finished, because...
Error smaller than 1 ( 1.5500E-01 ).

Accumulated times:
Assembly time:        9.61 s
Solve time:     12.37 s
Total time:     22.04 s

contact        voltage     electron current    hole current  conduction current
 drain_N      5.000E-02       1.932E-20         1.362E-35        1.932E-20
 drain_P      0.000E+00      -3.304E-32         1.222E-20        1.222E-20
 gate         8.150E-01       0.000E+00         0.000E+00        0.000E+00
 source_N     0.000E+00       2.795E-20         1.983E-35        2.795E-20
 source_P     0.000E+00      -3.108E-32         1.860E-20        1.860E-20

Computing step from t=0.815 to t=0.82 (Stepsize: 5.0000e-03) :
Extrapolating values for t = 0.82 ... done.
Computing Coupled( 1 poisson-equation(s) , 1 current-contact-equation(s) , 
                   1 electron-equation(s) , 1 hole-equation(s) ) 
using Bank/Rose nonlinear solver.

Iteration   |Rhs|      factor     |step|     error   #inner  #iterative  time
------------------------------------------------------------------------------
    0      2.68e+01                                                      4.17
    1      2.71e-04   1.00e+00   3.51e-06   1.56e-01    0         1     22.22
Finished, because...
Error smaller than 1 ( 1.5565E-01 ).

Accumulated times:
Assembly time:        9.67 s
Solve time:     12.51 s
Total time:     22.22 s

contact        voltage     electron current    hole current  conduction current
 drain_N      5.000E-02       3.358E-20         1.363E-35        3.358E-20
 drain_P      0.000E+00      -3.299E-32         4.815E-20        4.815E-20
 gate         8.200E-01       0.000E+00         0.000E+00        0.000E+00
 source_N     0.000E+00      -4.112E-20         1.982E-35       -4.112E-20
 source_P     0.000E+00      -3.103E-32         1.810E-20        1.810E-20

Computing step from t=0.82 to t=0.825 (Stepsize: 5.0000e-03) :
Extrapolating values for t = 0.825 ... done.
Computing Coupled( 1 poisson-equation(s) , 1 current-contact-equation(s) , 
                   1 electron-equation(s) , 1 hole-equation(s) ) 
using Bank/Rose nonlinear solver.

Iteration   |Rhs|      factor     |step|     error   #inner  #iterative  time
------------------------------------------------------------------------------
    0      2.69e+01                                                      4.12
    1      2.71e-04   1.00e+00   3.51e-06   1.56e-01    0         1     22.04
Finished, because...
Error smaller than 1 ( 1.5629E-01 ).

Accumulated times:
Assembly time:        9.52 s
Solve time:     12.49 s
Total time:     22.04 s

contact        voltage     electron current    hole current  conduction current
 drain_N      5.000E-02      -1.871E-20         1.361E-35       -1.871E-20
 drain_P      0.000E+00      -3.293E-32         3.272E-20        3.272E-20
 gate         8.250E-01       0.000E+00         0.000E+00        0.000E+00
 source_N     0.000E+00       1.994E-20         1.980E-35        1.994E-20
 source_P     0.000E+00      -3.098E-32        -3.270E-20       -3.270E-20

Computing step from t=0.825 to t=0.83 (Stepsize: 5.0000e-03) :
Extrapolating values for t = 0.83 ... done.
Computing Coupled( 1 poisson-equation(s) , 1 current-contact-equation(s) , 
                   1 electron-equation(s) , 1 hole-equation(s) ) 
using Bank/Rose nonlinear solver.

Iteration   |Rhs|      factor     |step|     error   #inner  #iterative  time
------------------------------------------------------------------------------
    0      2.69e+01                                                      4.13
    1      2.72e-04   1.00e+00   3.52e-06   1.57e-01    0         1     22.11
Finished, because...
Error smaller than 1 ( 1.5693E-01 ).

Accumulated times:
Assembly time:        9.54 s
Solve time:     12.53 s
Total time:     22.11 s

contact        voltage     electron current    hole current  conduction current
 drain_N      5.000E-02      -8.134E-21         1.361E-35       -8.134E-21
 drain_P      0.000E+00      -3.287E-32        -1.134E-20       -1.134E-20
 gate         8.300E-01       0.000E+00         0.000E+00        0.000E+00
 source_N     0.000E+00      -4.794E-20         1.980E-35       -4.794E-20
 source_P     0.000E+00      -3.093E-32        -3.970E-20       -3.970E-20

Computing step from t=0.83 to t=0.835 (Stepsize: 5.0000e-03) :
Extrapolating values for t = 0.835 ... done.
Computing Coupled( 1 poisson-equation(s) , 1 current-contact-equation(s) , 
                   1 electron-equation(s) , 1 hole-equation(s) ) 
using Bank/Rose nonlinear solver.

Iteration   |Rhs|      factor     |step|     error   #inner  #iterative  time
------------------------------------------------------------------------------
    0      2.70e+01                                                      4.13
    1      2.72e-04   1.00e+00   3.52e-06   1.58e-01    0         1     22.07
Finished, because...
Error smaller than 1 ( 1.5756E-01 ).

Accumulated times:
Assembly time:        9.61 s
Solve time:     12.41 s
Total time:     22.07 s

contact        voltage     electron current    hole current  conduction current
 drain_N      5.000E-02       1.500E-20         1.363E-35        1.500E-20
 drain_P      0.000E+00      -3.281E-32        -4.064E-20       -4.064E-20
 gate         8.350E-01       0.000E+00         0.000E+00        0.000E+00
 source_N     0.000E+00       1.781E-21         1.980E-35        1.781E-21
 source_P     0.000E+00      -3.088E-32         1.207E-20        1.207E-20

Computing step from t=0.835 to t=0.84 (Stepsize: 5.0000e-03) :
Extrapolating values for t = 0.84 ... done.
Computing Coupled( 1 poisson-equation(s) , 1 current-contact-equation(s) , 
                   1 electron-equation(s) , 1 hole-equation(s) ) 
using Bank/Rose nonlinear solver.

Iteration   |Rhs|      factor     |step|     error   #inner  #iterative  time
------------------------------------------------------------------------------
    0      2.70e+01                                                      4.13
    1      2.73e-04   1.00e+00   3.52e-06   1.58e-01    0         1     22.14
Finished, because...
Error smaller than 1 ( 1.5819E-01 ).

Accumulated times:
Assembly time:        9.54 s
Solve time:     12.57 s
Total time:     22.14 s

contact        voltage     electron current    hole current  conduction current
 drain_N      5.000E-02      -2.387E-20         1.359E-35       -2.387E-20
 drain_P      0.000E+00      -3.274E-32        -5.695E-20       -5.695E-20
 gate         8.400E-01       0.000E+00         0.000E+00        0.000E+00
 source_N     0.000E+00       4.730E-20         1.980E-35        4.730E-20
 source_P     0.000E+00      -3.082E-32         2.431E-20        2.431E-20

Computing step from t=0.84 to t=0.845 (Stepsize: 5.0000e-03) :
Extrapolating values for t = 0.845 ... done.
Computing Coupled( 1 poisson-equation(s) , 1 current-contact-equation(s) , 
                   1 electron-equation(s) , 1 hole-equation(s) ) 
using Bank/Rose nonlinear solver.

Iteration   |Rhs|      factor     |step|     error   #inner  #iterative  time
------------------------------------------------------------------------------
    0      2.71e+01                                                      4.13
    1      2.74e-04   1.00e+00   3.52e-06   1.59e-01    0         1     22.03
Finished, because...
Error smaller than 1 ( 1.5881E-01 ).

Accumulated times:
Assembly time:        9.56 s
Solve time:     12.44 s
Total time:     22.03 s

contact        voltage     electron current    hole current  conduction current
 drain_N      5.000E-02       6.299E-20         1.361E-35        6.299E-20
 drain_P      0.000E+00      -3.268E-32        -4.728E-20       -4.728E-20
 gate         8.450E-01       0.000E+00         0.000E+00        0.000E+00
 source_N     0.000E+00      -3.611E-20         1.981E-35       -3.611E-20
 source_P     0.000E+00      -3.076E-32        -2.850E-20       -2.850E-20

Computing step from t=0.845 to t=0.85 (Stepsize: 5.0000e-03) :
Extrapolating values for t = 0.85 ... done.
Computing Coupled( 1 poisson-equation(s) , 1 current-contact-equation(s) , 
                   1 electron-equation(s) , 1 hole-equation(s) ) 
using Bank/Rose nonlinear solver.

Iteration   |Rhs|      factor     |step|     error   #inner  #iterative  time
------------------------------------------------------------------------------
    0      2.71e+01                                                      4.14
    1      2.74e-04   1.00e+00   3.53e-06   1.59e-01    0         1     22.16
Finished, because...
Error smaller than 1 ( 1.5942E-01 ).

Accumulated times:
Assembly time:        9.59 s
Solve time:     12.54 s
Total time:     22.16 s

contact        voltage     electron current    hole current  conduction current
 drain_N      5.000E-02      -2.526E-20         1.360E-35       -2.526E-20
 drain_P      0.000E+00      -3.261E-32        -3.468E-20       -3.468E-20
 gate         8.500E-01       0.000E+00         0.000E+00        0.000E+00
 source_N     0.000E+00      -2.742E-20         1.980E-35       -2.742E-20
 source_P     0.000E+00      -3.070E-32         3.277E-20        3.277E-20

Computing step from t=0.85 to t=0.855 (Stepsize: 5.0000e-03) :
Extrapolating values for t = 0.855 ... done.
Computing Coupled( 1 poisson-equation(s) , 1 current-contact-equation(s) , 
                   1 electron-equation(s) , 1 hole-equation(s) ) 
using Bank/Rose nonlinear solver.

Iteration   |Rhs|      factor     |step|     error   #inner  #iterative  time
------------------------------------------------------------------------------
    0      2.72e+01                                                      4.13
    1      2.75e-04   1.00e+00   3.53e-06   1.60e-01    0         1     21.20
Finished, because...
Error smaller than 1 ( 1.6003E-01 ).

Accumulated times:
Assembly time:        9.35 s
Solve time:     11.81 s
Total time:     21.20 s

contact        voltage     electron current    hole current  conduction current
 drain_N      5.000E-02      -6.625E-21         1.361E-35       -6.625E-21
 drain_P      0.000E+00      -3.254E-32         3.581E-20        3.581E-20
 gate         8.550E-01       0.000E+00         0.000E+00        0.000E+00
 source_N     0.000E+00       4.685E-20         1.980E-35        4.685E-20
 source_P     0.000E+00      -3.064E-32         2.240E-20        2.240E-20

Computing step from t=0.855 to t=0.86 (Stepsize: 5.0000e-03) :
Extrapolating values for t = 0.86 ... done.
Computing Coupled( 1 poisson-equation(s) , 1 current-contact-equation(s) , 
                   1 electron-equation(s) , 1 hole-equation(s) ) 
using Bank/Rose nonlinear solver.

Iteration   |Rhs|      factor     |step|     error   #inner  #iterative  time
------------------------------------------------------------------------------
    0      2.72e+01                                                      3.94
    1      2.76e-04   1.00e+00   3.53e-06   1.61e-01    0         1     21.11
Finished, because...
Error smaller than 1 ( 1.6063E-01 ).

Accumulated times:
Assembly time:        9.19 s
Solve time:     11.87 s
Total time:     21.11 s

contact        voltage     electron current    hole current  conduction current
 drain_N      5.000E-02       7.023E-21         1.360E-35        7.023E-21
 drain_P      0.000E+00      -3.247E-32         3.800E-20        3.800E-20
 gate         8.600E-01       0.000E+00         0.000E+00        0.000E+00
 source_N     0.000E+00       3.264E-20         1.983E-35        3.264E-20
 source_P     0.000E+00      -3.058E-32         3.398E-20        3.398E-20

Computing step from t=0.86 to t=0.865 (Stepsize: 5.0000e-03) :
Extrapolating values for t = 0.865 ... done.
Computing Coupled( 1 poisson-equation(s) , 1 current-contact-equation(s) , 
                   1 electron-equation(s) , 1 hole-equation(s) ) 
using Bank/Rose nonlinear solver.

Iteration   |Rhs|      factor     |step|     error   #inner  #iterative  time
------------------------------------------------------------------------------
    0      2.73e+01                                                      3.98
    1      2.78e-04   1.00e+00   3.53e-06   1.61e-01    0         1     21.19
Finished, because...
Error smaller than 1 ( 1.6122E-01 ).

Accumulated times:
Assembly time:        9.24 s
Solve time:     11.92 s
Total time:     21.19 s

contact        voltage     electron current    hole current  conduction current
 drain_N      5.000E-02      -2.117E-20         1.362E-35       -2.117E-20
 drain_P      0.000E+00      -3.240E-32        -4.195E-21       -4.195E-21
 gate         8.650E-01       0.000E+00         0.000E+00        0.000E+00
 source_N     0.000E+00       5.785E-20         1.981E-35        5.785E-20
 source_P     0.000E+00      -3.052E-32        -7.244E-20       -7.244E-20

Computing step from t=0.865 to t=0.87 (Stepsize: 5.0000e-03) :
Extrapolating values for t = 0.87 ... done.
Computing Coupled( 1 poisson-equation(s) , 1 current-contact-equation(s) , 
                   1 electron-equation(s) , 1 hole-equation(s) ) 
using Bank/Rose nonlinear solver.

Iteration   |Rhs|      factor     |step|     error   #inner  #iterative  time
------------------------------------------------------------------------------
    0      2.73e+01                                                      4.01
    1      2.79e-04   1.00e+00   3.53e-06   1.62e-01    0         1     21.19
Finished, because...
Error smaller than 1 ( 1.6180E-01 ).

Accumulated times:
Assembly time:        9.25 s
Solve time:     11.91 s
Total time:     21.19 s

contact        voltage     electron current    hole current  conduction current
 drain_N      5.000E-02       8.062E-20         1.360E-35        8.062E-20
 drain_P      0.000E+00      -3.233E-32        -1.966E-20       -1.966E-20
 gate         8.700E-01       0.000E+00         0.000E+00        0.000E+00
 source_N     0.000E+00      -4.291E-21         1.980E-35       -4.291E-21
 source_P     0.000E+00      -3.045E-32        -3.293E-20       -3.293E-20

Computing step from t=0.87 to t=0.875 (Stepsize: 5.0000e-03) :
Extrapolating values for t = 0.875 ... done.
Computing Coupled( 1 poisson-equation(s) , 1 current-contact-equation(s) , 
                   1 electron-equation(s) , 1 hole-equation(s) ) 
using Bank/Rose nonlinear solver.

Iteration   |Rhs|      factor     |step|     error   #inner  #iterative  time
------------------------------------------------------------------------------
    0      2.74e+01                                                      4.01
    1      2.80e-04   1.00e+00   3.54e-06   1.62e-01    0         1     21.17
Finished, because...
Error smaller than 1 ( 1.6238E-01 ).

Accumulated times:
Assembly time:        9.24 s
Solve time:     11.88 s
Total time:     21.17 s

contact        voltage     electron current    hole current  conduction current
 drain_N      5.000E-02       6.259E-20         1.359E-35        6.259E-20
 drain_P      0.000E+00      -3.225E-32         4.832E-20        4.832E-20
 gate         8.750E-01       0.000E+00         0.000E+00        0.000E+00
 source_N     0.000E+00      -1.825E-20         1.975E-35       -1.825E-20
 source_P     0.000E+00      -3.038E-32         1.687E-20        1.687E-20

Computing step from t=0.875 to t=0.88 (Stepsize: 5.0000e-03) :
Extrapolating values for t = 0.88 ... done.
Computing Coupled( 1 poisson-equation(s) , 1 current-contact-equation(s) , 
                   1 electron-equation(s) , 1 hole-equation(s) ) 
using Bank/Rose nonlinear solver.

Iteration   |Rhs|      factor     |step|     error   #inner  #iterative  time
------------------------------------------------------------------------------
    0      2.74e+01                                                      3.96
    1      2.82e-04   1.00e+00   3.54e-06   1.63e-01    0         1     21.15
Finished, because...
Error smaller than 1 ( 1.6296E-01 ).

Accumulated times:
Assembly time:        9.23 s
Solve time:     11.90 s
Total time:     21.15 s

contact        voltage     electron current    hole current  conduction current
 drain_N      5.000E-02      -2.512E-20         1.360E-35       -2.512E-20
 drain_P      0.000E+00      -3.217E-32        -6.277E-21       -6.277E-21
 gate         8.800E-01       0.000E+00         0.000E+00        0.000E+00
 source_N     0.000E+00       1.012E-20         1.978E-35        1.012E-20
 source_P     0.000E+00      -3.031E-32        -2.656E-20       -2.656E-20

Computing step from t=0.88 to t=0.885 (Stepsize: 5.0000e-03) :
Extrapolating values for t = 0.885 ... done.
Computing Coupled( 1 poisson-equation(s) , 1 current-contact-equation(s) , 
                   1 electron-equation(s) , 1 hole-equation(s) ) 
using Bank/Rose nonlinear solver.

Iteration   |Rhs|      factor     |step|     error   #inner  #iterative  time
------------------------------------------------------------------------------
    0      2.75e+01                                                      3.95
    1      2.83e-04   1.00e+00   3.54e-06   1.64e-01    0         1     21.04
Finished, because...
Error smaller than 1 ( 1.6353E-01 ).

Accumulated times:
Assembly time:        9.15 s
Solve time:     11.85 s
Total time:     21.04 s

contact        voltage     electron current    hole current  conduction current
 drain_N      5.000E-02      -9.867E-21         1.358E-35       -9.867E-21
 drain_P      0.000E+00      -3.210E-32        -3.389E-20       -3.389E-20
 gate         8.850E-01       0.000E+00         0.000E+00        0.000E+00
 source_N     0.000E+00       4.928E-20         1.982E-35        4.928E-20
 source_P     0.000E+00      -3.024E-32         1.185E-21        1.185E-21

Computing step from t=0.885 to t=0.89 (Stepsize: 5.0000e-03) :
Extrapolating values for t = 0.89 ... done.
Computing Coupled( 1 poisson-equation(s) , 1 current-contact-equation(s) , 
                   1 electron-equation(s) , 1 hole-equation(s) ) 
using Bank/Rose nonlinear solver.

Iteration   |Rhs|      factor     |step|     error   #inner  #iterative  time
------------------------------------------------------------------------------
    0      2.75e+01                                                      3.99
    1      2.85e-04   1.00e+00   3.54e-06   1.64e-01    0         1     21.15
Finished, because...
Error smaller than 1 ( 1.6409E-01 ).

Accumulated times:
Assembly time:        9.22 s
Solve time:     11.89 s
Total time:     21.15 s

contact        voltage     electron current    hole current  conduction current
 drain_N      5.000E-02       3.939E-20         1.361E-35        3.939E-20
 drain_P      0.000E+00      -3.202E-32         4.998E-20        4.998E-20
 gate         8.900E-01       0.000E+00         0.000E+00        0.000E+00
 source_N     0.000E+00      -1.287E-20         1.979E-35       -1.287E-20
 source_P     0.000E+00      -3.017E-32         2.293E-20        2.293E-20

Computing step from t=0.89 to t=0.895 (Stepsize: 5.0000e-03) :
Extrapolating values for t = 0.895 ... done.
Computing Coupled( 1 poisson-equation(s) , 1 current-contact-equation(s) , 
                   1 electron-equation(s) , 1 hole-equation(s) ) 
using Bank/Rose nonlinear solver.

Iteration   |Rhs|      factor     |step|     error   #inner  #iterative  time
------------------------------------------------------------------------------
    0      2.76e+01                                                      3.99
    1      2.86e-04   1.00e+00   3.54e-06   1.65e-01    0         1     21.11
Finished, because...
Error smaller than 1 ( 1.6465E-01 ).

Accumulated times:
Assembly time:        9.24 s
Solve time:     11.85 s
Total time:     21.11 s

contact        voltage     electron current    hole current  conduction current
 drain_N      5.000E-02      -4.181E-20         1.361E-35       -4.181E-20
 drain_P      0.000E+00      -3.194E-32        -3.464E-21       -3.464E-21
 gate         8.950E-01       0.000E+00         0.000E+00        0.000E+00
 source_N     0.000E+00      -1.698E-20         1.978E-35       -1.698E-20
 source_P     0.000E+00      -3.010E-32        -2.119E-20       -2.119E-20

Computing step from t=0.895 to t=0.9 (Stepsize: 5.0000e-03) :
Extrapolating values for t = 0.9 ... done.
Computing Coupled( 1 poisson-equation(s) , 1 current-contact-equation(s) , 
                   1 electron-equation(s) , 1 hole-equation(s) ) 
using Bank/Rose nonlinear solver.

Iteration   |Rhs|      factor     |step|     error   #inner  #iterative  time
------------------------------------------------------------------------------
    0      2.76e+01                                                      3.96
    1      2.87e-04   1.00e+00   3.55e-06   1.65e-01    0         1     21.07
Finished, because...
Error smaller than 1 ( 1.6520E-01 ).

Accumulated times:
Assembly time:        9.17 s
Solve time:     11.86 s
Total time:     21.07 s

contact        voltage     electron current    hole current  conduction current
 drain_N      5.000E-02      -1.333E-20         1.359E-35       -1.333E-20
 drain_P      0.000E+00      -3.186E-32         1.540E-20        1.540E-20
 gate         9.000E-01       0.000E+00         0.000E+00        0.000E+00
 source_N     0.000E+00       1.671E-20         1.979E-35        1.671E-20
 source_P     0.000E+00      -3.003E-32        -2.089E-20       -2.089E-20

Computing step from t=0.9 to t=0.905 (Stepsize: 5.0000e-03) :
Extrapolating values for t = 0.905 ... done.
Computing Coupled( 1 poisson-equation(s) , 1 current-contact-equation(s) , 
                   1 electron-equation(s) , 1 hole-equation(s) ) 
using Bank/Rose nonlinear solver.

Iteration   |Rhs|      factor     |step|     error   #inner  #iterative  time
------------------------------------------------------------------------------
    0      2.77e+01                                                      3.97
    1      2.89e-04   1.00e+00   3.55e-06   1.66e-01    0         1     21.41
Finished, because...
Error smaller than 1 ( 1.6575E-01 ).

Accumulated times:
Assembly time:        9.17 s
Solve time:     12.18 s
Total time:     21.41 s

contact        voltage     electron current    hole current  conduction current
 drain_N      5.000E-02       3.011E-20         1.359E-35        3.011E-20
 drain_P      0.000E+00      -3.177E-32         2.178E-20        2.178E-20
 gate         9.050E-01       0.000E+00         0.000E+00        0.000E+00
 source_N     0.000E+00       1.153E-20         1.982E-35        1.153E-20
 source_P     0.000E+00      -2.995E-32        -1.221E-20       -1.221E-20

Computing step from t=0.905 to t=0.91 (Stepsize: 5.0000e-03) :
Extrapolating values for t = 0.91 ... done.
Computing Coupled( 1 poisson-equation(s) , 1 current-contact-equation(s) , 
                   1 electron-equation(s) , 1 hole-equation(s) ) 
using Bank/Rose nonlinear solver.

Iteration   |Rhs|      factor     |step|     error   #inner  #iterative  time
------------------------------------------------------------------------------
    0      2.77e+01                                                      3.97
    1      2.90e-04   1.00e+00   3.55e-06   1.66e-01    0         1     21.33
Finished, because...
Error smaller than 1 ( 1.6628E-01 ).

Accumulated times:
Assembly time:        9.25 s
Solve time:     12.04 s
Total time:     21.33 s

contact        voltage     electron current    hole current  conduction current
 drain_N      5.000E-02       3.425E-20         1.361E-35        3.425E-20
 drain_P      0.000E+00      -3.169E-32         1.024E-20        1.024E-20
 gate         9.100E-01       0.000E+00         0.000E+00        0.000E+00
 source_N     0.000E+00      -5.127E-20         1.978E-35       -5.127E-20
 source_P     0.000E+00      -2.988E-32        -4.679E-20       -4.679E-20

Computing step from t=0.91 to t=0.915 (Stepsize: 5.0000e-03) :
Extrapolating values for t = 0.915 ... done.
Computing Coupled( 1 poisson-equation(s) , 1 current-contact-equation(s) , 
                   1 electron-equation(s) , 1 hole-equation(s) ) 
using Bank/Rose nonlinear solver.

Iteration   |Rhs|      factor     |step|     error   #inner  #iterative  time
------------------------------------------------------------------------------
    0      2.78e+01                                                      3.97
    1      2.91e-04   1.00e+00   3.55e-06   1.67e-01    0         1     21.13
Finished, because...
Error smaller than 1 ( 1.6680E-01 ).

Accumulated times:
Assembly time:        9.17 s
Solve time:     11.93 s
Total time:     21.14 s

contact        voltage     electron current    hole current  conduction current
 drain_N      5.000E-02      -2.938E-21         1.359E-35       -2.938E-21
 drain_P      0.000E+00      -3.161E-32        -6.466E-20       -6.466E-20
 gate         9.150E-01       0.000E+00         0.000E+00        0.000E+00
 source_N     0.000E+00       3.076E-21         1.979E-35        3.076E-21
 source_P     0.000E+00      -2.980E-32         8.698E-21        8.698E-21

Computing step from t=0.915 to t=0.92 (Stepsize: 5.0000e-03) :
Extrapolating values for t = 0.92 ... done.
Computing Coupled( 1 poisson-equation(s) , 1 current-contact-equation(s) , 
                   1 electron-equation(s) , 1 hole-equation(s) ) 
using Bank/Rose nonlinear solver.

Iteration   |Rhs|      factor     |step|     error   #inner  #iterative  time
------------------------------------------------------------------------------
    0      2.78e+01                                                      3.98
    1      2.93e-04   1.00e+00   3.55e-06   1.67e-01    0         1     21.20
Finished, because...
Error smaller than 1 ( 1.6732E-01 ).

Accumulated times:
Assembly time:        9.21 s
Solve time:     11.96 s
Total time:     21.20 s

contact        voltage     electron current    hole current  conduction current
 drain_N      5.000E-02       2.387E-20         1.358E-35        2.387E-20
 drain_P      0.000E+00      -3.152E-32        -4.419E-20       -4.419E-20
 gate         9.200E-01       0.000E+00         0.000E+00        0.000E+00
 source_N     0.000E+00       8.170E-21         1.978E-35        8.170E-21
 source_P     0.000E+00      -2.972E-32        -2.183E-20       -2.183E-20

Computing step from t=0.92 to t=0.925 (Stepsize: 5.0000e-03) :
Extrapolating values for t = 0.925 ... done.
Computing Coupled( 1 poisson-equation(s) , 1 current-contact-equation(s) , 
                   1 electron-equation(s) , 1 hole-equation(s) ) 
using Bank/Rose nonlinear solver.

Iteration   |Rhs|      factor     |step|     error   #inner  #iterative  time
------------------------------------------------------------------------------
    0      2.79e+01                                                      3.95
    1      2.94e-04   1.00e+00   3.55e-06   1.68e-01    0         1     21.20
Finished, because...
Error smaller than 1 ( 1.6784E-01 ).

Accumulated times:
Assembly time:        9.19 s
Solve time:     11.99 s
Total time:     21.20 s

contact        voltage     electron current    hole current  conduction current
 drain_N      5.000E-02      -5.729E-21         1.355E-35       -5.729E-21
 drain_P      0.000E+00      -3.143E-32         2.038E-20        2.038E-20
 gate         9.250E-01       0.000E+00         0.000E+00        0.000E+00
 source_N     0.000E+00      -5.619E-21         1.977E-35       -5.619E-21
 source_P     0.000E+00      -2.964E-32        -3.468E-21       -3.468E-21

Computing step from t=0.925 to t=0.93 (Stepsize: 5.0000e-03) :
Extrapolating values for t = 0.93 ... done.
Computing Coupled( 1 poisson-equation(s) , 1 current-contact-equation(s) , 
                   1 electron-equation(s) , 1 hole-equation(s) ) 
using Bank/Rose nonlinear solver.

Iteration   |Rhs|      factor     |step|     error   #inner  #iterative  time
------------------------------------------------------------------------------
    0      2.79e+01                                                      3.98
    1      2.95e-04   1.00e+00   3.55e-06   1.68e-01    0         1     21.12
Finished, because...
Error smaller than 1 ( 1.6835E-01 ).

Accumulated times:
Assembly time:        9.16 s
Solve time:     11.92 s
Total time:     21.12 s

contact        voltage     electron current    hole current  conduction current
 drain_N      5.000E-02       3.790E-20         1.360E-35        3.790E-20
 drain_P      0.000E+00      -3.135E-32        -3.365E-20       -3.365E-20
 gate         9.300E-01       0.000E+00         0.000E+00        0.000E+00
 source_N     0.000E+00      -2.215E-20         1.979E-35       -2.215E-20
 source_P     0.000E+00      -2.956E-32         7.962E-21        7.962E-21

Computing step from t=0.93 to t=0.935 (Stepsize: 5.0000e-03) :
Extrapolating values for t = 0.935 ... done.
Computing Coupled( 1 poisson-equation(s) , 1 current-contact-equation(s) , 
                   1 electron-equation(s) , 1 hole-equation(s) ) 
using Bank/Rose nonlinear solver.

Iteration   |Rhs|      factor     |step|     error   #inner  #iterative  time
------------------------------------------------------------------------------
    0      2.80e+01                                                      3.95
    1      2.97e-04   1.00e+00   3.56e-06   1.69e-01    0         1     21.18
Finished, because...
Error smaller than 1 ( 1.6886E-01 ).

Accumulated times:
Assembly time:        9.16 s
Solve time:     11.97 s
Total time:     21.18 s

contact        voltage     electron current    hole current  conduction current
 drain_N      5.000E-02       3.031E-20         1.356E-35        3.031E-20
 drain_P      0.000E+00      -3.126E-32        -3.858E-20       -3.858E-20
 gate         9.350E-01       0.000E+00         0.000E+00        0.000E+00
 source_N     0.000E+00      -7.312E-21         1.978E-35       -7.312E-21
 source_P     0.000E+00      -2.948E-32         2.386E-20        2.386E-20

Computing step from t=0.935 to t=0.94 (Stepsize: 5.0000e-03) :
Extrapolating values for t = 0.94 ... done.
Computing Coupled( 1 poisson-equation(s) , 1 current-contact-equation(s) , 
                   1 electron-equation(s) , 1 hole-equation(s) ) 
using Bank/Rose nonlinear solver.

Iteration   |Rhs|      factor     |step|     error   #inner  #iterative  time
------------------------------------------------------------------------------
    0      2.80e+01                                                      3.96
    1      2.98e-04   1.00e+00   3.56e-06   1.69e-01    0         1     21.29
Finished, because...
Error smaller than 1 ( 1.6935E-01 ).

Accumulated times:
Assembly time:        9.22 s
Solve time:     12.03 s
Total time:     21.29 s

contact        voltage     electron current    hole current  conduction current
 drain_N      5.000E-02      -6.631E-21         1.357E-35       -6.631E-21
 drain_P      0.000E+00      -3.117E-32         2.114E-20        2.114E-20
 gate         9.400E-01       0.000E+00         0.000E+00        0.000E+00
 source_N     0.000E+00       1.595E-20         1.978E-35        1.595E-20
 source_P     0.000E+00      -2.940E-32        -5.277E-21       -5.277E-21

Computing step from t=0.94 to t=0.945 (Stepsize: 5.0000e-03) :
Extrapolating values for t = 0.945 ... done.
Computing Coupled( 1 poisson-equation(s) , 1 current-contact-equation(s) , 
                   1 electron-equation(s) , 1 hole-equation(s) ) 
using Bank/Rose nonlinear solver.

Iteration   |Rhs|      factor     |step|     error   #inner  #iterative  time
------------------------------------------------------------------------------
    0      2.81e+01                                                      4.01
    1      2.99e-04   1.00e+00   3.56e-06   1.70e-01    0         1     21.30
Finished, because...
Error smaller than 1 ( 1.6984E-01 ).

Accumulated times:
Assembly time:        9.23 s
Solve time:     12.04 s
Total time:     21.30 s

contact        voltage     electron current    hole current  conduction current
 drain_N      5.000E-02      -1.456E-20         1.360E-35       -1.456E-20
 drain_P      0.000E+00      -3.108E-32         1.349E-20        1.349E-20
 gate         9.450E-01       0.000E+00         0.000E+00        0.000E+00
 source_N     0.000E+00      -2.380E-21         1.977E-35       -2.380E-21
 source_P     0.000E+00      -2.932E-32         5.358E-20        5.358E-20

Computing step from t=0.945 to t=0.95 (Stepsize: 5.0000e-03) :
Extrapolating values for t = 0.95 ... done.
Computing Coupled( 1 poisson-equation(s) , 1 current-contact-equation(s) , 
                   1 electron-equation(s) , 1 hole-equation(s) ) 
using Bank/Rose nonlinear solver.

Iteration   |Rhs|      factor     |step|     error   #inner  #iterative  time
------------------------------------------------------------------------------
    0      2.81e+01                                                      3.97
    1      3.01e-04   1.00e+00   3.56e-06   1.70e-01    0         1     21.18
Finished, because...
Error smaller than 1 ( 1.7032E-01 ).

Accumulated times:
Assembly time:        9.20 s
Solve time:     11.94 s
Total time:     21.18 s

contact        voltage     electron current    hole current  conduction current
 drain_N      5.000E-02       2.966E-21         1.359E-35        2.966E-21
 drain_P      0.000E+00      -3.099E-32         1.143E-20        1.143E-20
 gate         9.500E-01       0.000E+00         0.000E+00        0.000E+00
 source_N     0.000E+00       3.815E-20         1.978E-35        3.815E-20
 source_P     0.000E+00      -2.923E-32         3.898E-20        3.898E-20

Computing step from t=0.95 to t=0.955 (Stepsize: 5.0000e-03) :
Extrapolating values for t = 0.955 ... done.
Computing Coupled( 1 poisson-equation(s) , 1 current-contact-equation(s) , 
                   1 electron-equation(s) , 1 hole-equation(s) ) 
using Bank/Rose nonlinear solver.

Iteration   |Rhs|      factor     |step|     error   #inner  #iterative  time
------------------------------------------------------------------------------
    0      2.82e+01                                                      4.00
    1      3.02e-04   1.00e+00   3.56e-06   1.71e-01    0         1     21.46
Finished, because...
Error smaller than 1 ( 1.7078E-01 ).

Accumulated times:
Assembly time:        9.41 s
Solve time:     12.00 s
Total time:     21.46 s

contact        voltage     electron current    hole current  conduction current
 drain_N      5.000E-02      -2.764E-21         1.359E-35       -2.764E-21
 drain_P      0.000E+00      -3.089E-32        -1.081E-20       -1.081E-20
 gate         9.550E-01       0.000E+00         0.000E+00        0.000E+00
 source_N     0.000E+00       9.493E-21         1.979E-35        9.493E-21
 source_P     0.000E+00      -2.915E-32         7.469E-21        7.469E-21

Computing step from t=0.955 to t=0.96 (Stepsize: 5.0000e-03) :
Extrapolating values for t = 0.96 ... done.
Computing Coupled( 1 poisson-equation(s) , 1 current-contact-equation(s) , 
                   1 electron-equation(s) , 1 hole-equation(s) ) 
using Bank/Rose nonlinear solver.

Iteration   |Rhs|      factor     |step|     error   #inner  #iterative  time
------------------------------------------------------------------------------
    0      2.82e+01                                                      3.98
    1      3.03e-04   1.00e+00   3.56e-06   1.71e-01    0         1     21.18
Finished, because...
Error smaller than 1 ( 1.7123E-01 ).

Accumulated times:
Assembly time:        9.18 s
Solve time:     11.96 s
Total time:     21.18 s

contact        voltage     electron current    hole current  conduction current
 drain_N      5.000E-02       2.795E-20         1.359E-35        2.795E-20
 drain_P      0.000E+00      -3.080E-32         1.534E-20        1.534E-20
 gate         9.600E-01       0.000E+00         0.000E+00        0.000E+00
 source_N     0.000E+00      -1.675E-20         1.975E-35       -1.675E-20
 source_P     0.000E+00      -2.906E-32        -1.770E-20       -1.770E-20

Computing step from t=0.96 to t=0.965 (Stepsize: 5.0000e-03) :
Extrapolating values for t = 0.965 ... done.
Computing Coupled( 1 poisson-equation(s) , 1 current-contact-equation(s) , 
                   1 electron-equation(s) , 1 hole-equation(s) ) 
using Bank/Rose nonlinear solver.

Iteration   |Rhs|      factor     |step|     error   #inner  #iterative  time
------------------------------------------------------------------------------
    0      2.83e+01                                                      3.96
    1      3.05e-04   1.00e+00   3.56e-06   1.72e-01    0         1     21.25
Finished, because...
Error smaller than 1 ( 1.7166E-01 ).

Accumulated times:
Assembly time:        9.20 s
Solve time:     12.01 s
Total time:     21.25 s

contact        voltage     electron current    hole current  conduction current
 drain_N      5.000E-02      -3.756E-20         1.359E-35       -3.756E-20
 drain_P      0.000E+00      -3.071E-32         7.766E-21        7.766E-21
 gate         9.650E-01       0.000E+00         0.000E+00        0.000E+00
 source_N     0.000E+00      -2.146E-20         1.978E-35       -2.146E-20
 source_P     0.000E+00      -2.897E-32        -5.201E-20       -5.201E-20

Computing step from t=0.965 to t=0.97 (Stepsize: 5.0000e-03) :
Extrapolating values for t = 0.97 ... done.
Computing Coupled( 1 poisson-equation(s) , 1 current-contact-equation(s) , 
                   1 electron-equation(s) , 1 hole-equation(s) ) 
using Bank/Rose nonlinear solver.

Iteration   |Rhs|      factor     |step|     error   #inner  #iterative  time
------------------------------------------------------------------------------
    0      2.83e+01                                                      3.99
    1      3.06e-04   1.00e+00   3.56e-06   1.72e-01    0         1     21.33
Finished, because...
Error smaller than 1 ( 1.7209E-01 ).

Accumulated times:
Assembly time:        9.26 s
Solve time:     12.03 s
Total time:     21.33 s

contact        voltage     electron current    hole current  conduction current
 drain_N      5.000E-02       4.911E-20         1.358E-35        4.911E-20
 drain_P      0.000E+00      -3.061E-32         2.757E-20        2.757E-20
 gate         9.700E-01       0.000E+00         0.000E+00        0.000E+00
 source_N     0.000E+00      -5.717E-20         1.977E-35       -5.717E-20
 source_P     0.000E+00      -2.889E-32         3.070E-20        3.070E-20

Computing step from t=0.97 to t=0.975 (Stepsize: 5.0000e-03) :
Extrapolating values for t = 0.975 ... done.
Computing Coupled( 1 poisson-equation(s) , 1 current-contact-equation(s) , 
                   1 electron-equation(s) , 1 hole-equation(s) ) 
using Bank/Rose nonlinear solver.

Iteration   |Rhs|      factor     |step|     error   #inner  #iterative  time
------------------------------------------------------------------------------
    0      2.84e+01                                                      3.99
    1      3.07e-04   1.00e+00   3.56e-06   1.73e-01    0         1     21.19
Finished, because...
Error smaller than 1 ( 1.7251E-01 ).

Accumulated times:
Assembly time:        9.20 s
Solve time:     11.96 s
Total time:     21.19 s

contact        voltage     electron current    hole current  conduction current
 drain_N      5.000E-02       5.824E-20         1.357E-35        5.824E-20
 drain_P      0.000E+00      -3.052E-32         4.264E-21        4.264E-21
 gate         9.750E-01       0.000E+00         0.000E+00        0.000E+00
 source_N     0.000E+00       1.084E-19         1.978E-35        1.084E-19
 source_P     0.000E+00      -2.880E-32        -5.363E-21       -5.363E-21

Computing step from t=0.975 to t=0.98 (Stepsize: 5.0000e-03) :
Extrapolating values for t = 0.98 ... done.
Computing Coupled( 1 poisson-equation(s) , 1 current-contact-equation(s) , 
                   1 electron-equation(s) , 1 hole-equation(s) ) 
using Bank/Rose nonlinear solver.

Iteration   |Rhs|      factor     |step|     error   #inner  #iterative  time
------------------------------------------------------------------------------
    0      2.84e+01                                                      3.97
    1      3.09e-04   1.00e+00   3.56e-06   1.73e-01    0         1     21.26
Finished, because...
Error smaller than 1 ( 1.7292E-01 ).

Accumulated times:
Assembly time:        9.19 s
Solve time:     12.02 s
Total time:     21.26 s

contact        voltage     electron current    hole current  conduction current
 drain_N      5.000E-02      -1.577E-20         1.358E-35       -1.577E-20
 drain_P      0.000E+00      -3.042E-32         1.431E-20        1.431E-20
 gate         9.800E-01       0.000E+00         0.000E+00        0.000E+00
 source_N     0.000E+00      -5.787E-21         1.978E-35       -5.787E-21
 source_P     0.000E+00      -2.871E-32        -4.429E-20       -4.429E-20

Computing step from t=0.98 to t=0.985 (Stepsize: 5.0000e-03) :
Extrapolating values for t = 0.985 ... done.
Computing Coupled( 1 poisson-equation(s) , 1 current-contact-equation(s) , 
                   1 electron-equation(s) , 1 hole-equation(s) ) 
using Bank/Rose nonlinear solver.

Iteration   |Rhs|      factor     |step|     error   #inner  #iterative  time
------------------------------------------------------------------------------
    0      2.85e+01                                                      4.00
    1      3.10e-04   1.00e+00   3.57e-06   1.73e-01    0         1     21.27
Finished, because...
Error smaller than 1 ( 1.7333E-01 ).

Accumulated times:
Assembly time:        9.25 s
Solve time:     11.99 s
Total time:     21.28 s

contact        voltage     electron current    hole current  conduction current
 drain_N      5.000E-02      -1.969E-20         1.353E-35       -1.969E-20
 drain_P      0.000E+00      -3.033E-32         1.670E-20        1.670E-20
 gate         9.850E-01       0.000E+00         0.000E+00        0.000E+00
 source_N     0.000E+00      -2.707E-20         1.978E-35       -2.707E-20
 source_P     0.000E+00      -2.862E-32         1.118E-20        1.118E-20

Computing step from t=0.985 to t=0.99 (Stepsize: 5.0000e-03) :
Extrapolating values for t = 0.99 ... done.
Computing Coupled( 1 poisson-equation(s) , 1 current-contact-equation(s) , 
                   1 electron-equation(s) , 1 hole-equation(s) ) 
using Bank/Rose nonlinear solver.

Iteration   |Rhs|      factor     |step|     error   #inner  #iterative  time
------------------------------------------------------------------------------
    0      2.85e+01                                                      3.96
    1      3.11e-04   1.00e+00   3.57e-06   1.74e-01    0         1     21.16
Finished, because...
Error smaller than 1 ( 1.7372E-01 ).

Accumulated times:
Assembly time:        9.18 s
Solve time:     11.96 s
Total time:     21.16 s

contact        voltage     electron current    hole current  conduction current
 drain_N      5.000E-02       4.318E-20         1.359E-35        4.318E-20
 drain_P      0.000E+00      -3.023E-32         3.668E-20        3.668E-20
 gate         9.900E-01       0.000E+00         0.000E+00        0.000E+00
 source_N     0.000E+00       4.497E-20         1.978E-35        4.497E-20
 source_P     0.000E+00      -2.853E-32        -2.686E-20       -2.686E-20

Computing step from t=0.99 to t=0.995 (Stepsize: 5.0000e-03) :
Extrapolating values for t = 0.995 ... done.
Computing Coupled( 1 poisson-equation(s) , 1 current-contact-equation(s) , 
                   1 electron-equation(s) , 1 hole-equation(s) ) 
using Bank/Rose nonlinear solver.

Iteration   |Rhs|      factor     |step|     error   #inner  #iterative  time
------------------------------------------------------------------------------
    0      2.86e+01                                                      3.97
    1      3.13e-04   1.00e+00   3.57e-06   1.74e-01    0         1     21.29
Finished, because...
Error smaller than 1 ( 1.7411E-01 ).

Accumulated times:
Assembly time:        9.20 s
Solve time:     12.05 s
Total time:     21.29 s

contact        voltage     electron current    hole current  conduction current
 drain_N      5.000E-02      -2.695E-21         1.354E-35       -2.695E-21
 drain_P      0.000E+00      -3.013E-32        -5.644E-20       -5.644E-20
 gate         9.950E-01       0.000E+00         0.000E+00        0.000E+00
 source_N     0.000E+00       1.049E-20         1.975E-35        1.049E-20
 source_P     0.000E+00      -2.844E-32         7.990E-21        7.990E-21

Computing step from t=0.995 to t=1 (Stepsize: 5.0000e-03) :
Extrapolating values for t = 1 ... done.
Computing Coupled( 1 poisson-equation(s) , 1 current-contact-equation(s) , 
                   1 electron-equation(s) , 1 hole-equation(s) ) 
using Bank/Rose nonlinear solver.

Iteration   |Rhs|      factor     |step|     error   #inner  #iterative  time
------------------------------------------------------------------------------
    0      2.86e+01                                                      3.96
    1      3.14e-04   1.00e+00   3.57e-06   1.74e-01    0         1     21.35
Finished, because...
Error smaller than 1 ( 1.7449E-01 ).

Accumulated times:
Assembly time:        9.19 s
Solve time:     12.12 s
Total time:     21.35 s

contact        voltage     electron current    hole current  conduction current
 drain_N      5.000E-02      -3.731E-20         1.356E-35       -3.731E-20
 drain_P      0.000E+00      -3.003E-32         9.503E-21        9.503E-21
 gate         1.000E+00       0.000E+00         0.000E+00        0.000E+00
 source_N     0.000E+00       4.801E-20         1.976E-35        4.801E-20
 source_P     0.000E+00      -2.835E-32         6.406E-21        6.406E-21


Finished, because...
Curve trace finished.

Writing plot 'CFET_nFET_idvg.tdr' (TDR format) ... 
Writing CFET_nFET_idvg.tdr ... done.
done.

Sat Mar 21 13:15:22 2026: checked in 1 sdevice-3d license(s)
Sat Mar 21 13:15:22 2026: checked in 1 sdevice license(s)

******************************************************************************
Sentaurus Device peak memory usage: 8.41 gigabytes
Sentaurus Device simulation times:
  wallclock: 14241.03 s (3 h:57 m:21 s)
  total cpu: 14235.52 s (3 h:57 m:15 s)
Sentaurus Device simulation finished (Date: Sat Mar 21 13:15:23 2026  (IST)).
********************************* Good Bye ! *********************************
